page_id,url,predicted_label
1,http://0769sme.org/index-16.html,EDUCATION
4,http://aastocks.com/en/cnhk/quote/quick-quote.aspx?shsymbol=600225,EDUCATION
6,http://ada.untergrund.net/?p=boardthread&id=186&page=0,FORUM/DISCUSSION
7,http://adrienedurand.wikidot.com/blog:127,BLOG
8,http://afrafrontpagenews.blogspot.com/2012/03/jurisdictionary-how-your-constitutional.html,NEWS
9,http://aibirds.org/forum/viewtopic.php?f=10&t=105&sid=6c40ef61c12543afb93a6b1f09ccf43e,FORUM/DISCUSSION
10,http://airblowerservices.com/roots_blower/urai-dsl/universal_rai_dsl_615.html,ECOMMERCE
12,http://alphonsen69139265.wikidot.com/blog:610,BLOG
13,http://alumni-kolleg.de/bilderquiz/book/download-atmungs-pathologie-und-therapie-1921.php,EDUCATION
14,http://android-er.blogspot.com/2012/03/example-of-using-popupmenu.html,EDUCATION
15,http://angelsinexile.com/Graphics/html/graphi12.html,ECOMMERCE
16,http://angkor-tiger.com/en/archives/5187,NEWS
17,http://animaliter.uni-trier.de/Bibliographie/bibliographien/interimsfolder-zweifelsfalle/zweifelsfalle-beim-umordnen/inbookreference.2008-04-13.0446137494/bibliography_exportForm,EDUCATION
18,http://animejamsession.com/2013/06/cosplay-interview-with-hime-no-toki/,BLOG
19,http://apartmentvenezia.com/zh-cn/developer-api/store-api/getting-started.html,OTHER
20,http://art-collections.museum.ucsb.edu/items/search?tags=insect&sort_field=Dublin+Core%2CTitle,EDUCATION
21,http://astro.nunciatelli.com/2021/10/ultimas-noticias-da-nasa-nasa-awards_12.html,NEWS
22,http://astro.nunciatelli.com/2021/10/ultimas-noticias-da-nasa-nasa-invites.html,NEWS
23,http://astro.nunciatelli.com/2025/11/ultimas-noticias-da-nasa-guiding.html,NEWS
24,http://astro.nunciatelli.com/2025/11/ultimas-noticias-da-nasa-red-spider.html,NEWS
26,http://azawakh-nation.blogspot.com/2011/09/asulil.html,BLOG
27,http://azawakh-nation.blogspot.com/2015/10/aouakkas-and-sakkat-days-53-and-54al.html,BLOG
31,http://best-tax-attorney-in.com/martin-law-firm-llc/,ECOMMERCE
36,http://blog.animalswithinanimals.com/2008/06/beyond-satire.html?showComment=1213217400000,BLOG
37,http://blog.glenwoodnyc.com/manhattan-living/national-pasta-month-in-nyc/,BLOG
38,http://blog.testlabs.com/2014/01/agile-testing-as-3rd-party-vendor.html?showComment=1673355925820,BLOG
39,http://bofca.com/bofca-review-round-up-10142016/,FORUM/DISCUSSION
40,http://bugsvoice.com/applications/bugsVoice/site/access/login.jsp?_VP_V_ID=40149085,TECHNICAL
41,http://business.times-online.com/times-online/quote/news?ChannelType=NEWS&CurrentPage=47&Symbol=NY%3AO,NEWS
43,http://buylasixon.com/dodge-ac-repair-dubai.html,ECOMMERCE
44,http://buylasixon.com/nissan-cube-service-dubai.html,ECOMMERCE
46,http://cadotech.com/product/20257167,OTHER
47,http://caps.the4live.de/categories.php?cat_id=14&sessionid=d1a76d7a795659f026fec2840ad46d47,OTHER
51,http://catdailynews.com/2019/06/the-bionic-cat-2/,BLOG
52,http://cdn-p300site.americantowns.com/place/hollyween-fairfax-va.html,OTHER
53,http://cdn.ad-sun.de/Piercingline/Werbemittel/Gold/,OTHER
55,http://centrepointphromphong.com/?p=online+kamagra+mumbai,OTHER
56,http://christiaangreyling.com/my-first-100-miler/,BLOG
57,http://christianityhouse.com/2022/11/26/get-ready-for-more-hype-from-climate-fearmongers/,BLOG
58,http://civiltect.com/forum/showthread.php?tid=4018&pid=6153,OTHER
59,http://clanv.bplaced.net/forum/ucp.php?mode=delete_cookies&sid=0c5d733e40bad153d230f9e6ab1d8916,FORUM/DISCUSSION
60,http://cloudsdeal.xobor.de/u855_njlimoservice--.html,ECOMMERCE
61,http://clydesburn.blogspot.com/2012/10/in-belfast.html,BLOG
62,http://clydesburn.blogspot.com/2015/08/darius-rucker-style.html,BLOG
64,http://cocoon-culture.com/music/index.htm,OTHER
65,http://collectedby.com/product/rare-set-of-eight-warren-platner-arm-chairs/,ECOMMERCE
66,http://connect.releasewire.com/company/swot-analysis-103937.htm,OTHER
67,http://conservationgateway.org/ConservationByGeography/NorthAmerica/UnitedStates/nevada/water/Pages/database-collaboration.aspx,OTHER
68,http://coredjradio.ning.com/photo/photo/listForContributor?screenName=2ww46wtou6cj6,OTHER
69,http://coretheme.demo.themes.nopaccelerate.com/universal-7-8-inch-tablet-cover,ECOMMERCE
70,http://cuthbertson.de/concert_e.php?year=2012,OTHER
71,http://daily.publicadcampaign.com/2009/07/application-unlimited-in-new-york.html,BLOG
74,http://demo3.dnnvista.net/creative/en-us/Shortcodes/Portfolio,OTHER
75,http://desirabilitylab.com/2014/05/12/85595313490/,BLOG
78,http://diesel-engine-parts.net/search/DODGE.html,ECOMMERCE
83,http://download.isc.ac.uk/prerebuild/ffb/bulletin/1978/?C=N;O=A,OTHER
85,http://drscca.org/forum/app.php/user/forgot_password?sid=f11fe7b013e376e08fd5c524fab15221,FORUM/DISCUSSION
86,http://ec2-13-228-82-236.ap-southeast-1.compute.amazonaws.com/mediagallery/niosh-in-the-news/itemlist/user/999-2017-07-24-23-07-53?start=100,BLOG
87,http://ec2-3-133-158-40.us-east-2.compute.amazonaws.com/2025/05/premiere-nico-morano-fairplay-mafi/,BLOG
88,http://eiffel-loop.com/test/test.pyxis_scan.html,TECHNICAL
89,http://ekd.tuxfamily.org/bugs/index.php?do=details&task_id=47&project=2&order=dateclosed&sort=desc&order2=tasktype&sort2=asc,OTHER
92,http://en.kushiro-lakeakan.com/things_to_do/tags/tag_hot-spring-en/page/2/?s_tax=area&s_term=tancho,EDUCATION
93,http://en.minghui.org/html/articles/2014/6/24/1767.html,EDUCATION
98,http://flagcounter.com/more90/1yy/40,BLOG
102,http://forums.osdever.net/index.php?sid=c364e80d5d0af81945973b88d06071d8,FORUM/DISCUSSION
103,http://forums.photographyreview.com/digital-cameras-general/buy-business-literature-review-634196.html,EDUCATION
106,http://ftpmirror.your.org/pub/wikimedia/images/wikipedia/kr/archive/?C=N&O=D,OTHER
107,http://fungi.ensembl.org/Schizosaccharomyces_pombe/Gene/Summary?g=SPBC56F2.05c;r=II:4109970-4112903;t=SPBC56F2.05c.1,TECHNICAL
108,http://ga.thedrillstore.com/,OTHER
109,http://gbig-ruby-2.gbig.org/activities/leed-1000198981,ECOMMERCE
110,http://gearhack.com/Forums/DisplayComments.php?file=Computer/Games/League%20of%20Legends/League_of_Legends._Best_Kept_Secret..._PBE,FORUM/DISCUSSION
111,http://ginmu.naramed-u.ac.jp/dspace/browse?type=author&sort_by=1&order=ASC&rpp=20&etal=-1&value=Miyoshi%2C+Naoki&starts_with=F,TECHNICAL
112,http://ginmu.naramed-u.ac.jp/dspace/browse?type=subject&sort_by=1&order=ASC&rpp=20&etal=-1&value=%C3%A4rztliche+Kunst&starts_with=B,TECHNICAL
114,http://goldbergcf.com/,ECOMMERCE
116,http://grandriverblackjack.net/2010/06/16/black-jack-blunders-if-you-are-looking-to-succeed-big-get-the-proper-frame-of-mind/,EDUCATION
117,http://gratisideen.de/phpBB2/faq.php?sid=366e356aed7b81192dcc53b1217d42c7,FORUM/DISCUSSION
119,http://gucc.com/committees/policies-procedures-guidelines/,OTHER
121,http://hansenweb.com/steiner-rotenberg-logo/,OTHER
122,http://headinghomeminnesota.com/category/legal-law/,OTHER
123,http://heilpraxis-hillebrand.de/janus-henderson-lvdxzp/meidum-pyramid-inside-9682e8,OTHER
125,http://hhsalumnicommunity.ning.com/events/event/listByType?type=show,EDUCATION
126,http://hiro.asks.jp/90197.html?replyto=5048405,FORUM/DISCUSSION
128,http://hivewilmington.com/?search%5Bnamelike%5D=King+Suite&search%5Bshowall%5D=1&search%5Bsort%5D=Name&search%5Border%5D=ASC&show=12&page=0,BLOG
131,http://iconpos.com/fqfn8h5/what-is-a-pancake-peter-crouch,NEWS
132,http://icopiedyou.com/its-not-weird-he-doesnt-care-either-way-but-hes-been-told-its-something-that-people-respond-so-and-like-a-standard-politician-makes-that-his-focus-i-dont-believe-he-cares-either-way-ab/,EDUCATION
133,http://ihateperformancereviews.com/2010/05/what-to-do-if-you-scrap-your-companys-peformance-appraisal-system/,OTHER
134,http://image.guoxue.com/displayimage.php?pos=-1437,TECHNICAL
136,http://indie-resource.com/forums/search.php?search_id=active_topics&sid=3e5f03da074ecfe568d96e20ca2c0a80,FORUM/DISCUSSION
137,http://indie-resource.com/forums/ucp.php?mode=delete_cookies&sid=6ed8659b3edd1ccc1b618b1a282bb7ad,FORUM/DISCUSSION
141,http://itriaindustries.com/?t=18167110662700,OTHER
142,http://itsjustmovies.com/a-new-trailer-and-a-clip-for-daydream-nation/,BLOG
143,http://jackgreenoil.powerservicextremediesel.com/more-technology,ECOMMERCE
146,http://javmod.com/video/1771/sdmf-022-menikmati-tubuh-saudariku-untuk-memuaskan-nafsu-birahi-mihina-azu,OTHER
148,http://jesmonddeneconferencecentre.co.uk/rooms.html,OTHER
149,http://jewelrygenius.com/Clasp.html,ECOMMERCE
150,http://joinerymacclesfield.co.uk/Macclesfield-Joinery-Carpentry-Services.html,OTHER
152,http://kickassdataprojects.com/free-generative-ai-courses-google.html,TECHNICAL
153,http://kidsthinkbig.com/,BLOG
155,http://lejournal.themewsbridal.com/we-heart/skincare1_1/,OTHER
156,http://lesoutrali.com/gh/annonce/why-are-all-my-friends-toxic,BLOG
158,http://lostsailrs.x10host.com/indiana/GC6T2VD/ie/index.html,FORUM/DISCUSSION
159,http://loudtwitter.com/zautraby,OTHER
161,http://lyhicld.com/?post=6,TECHNICAL
163,http://m.karachifriends.com/en/news/industry-news,NEWS
167,http://m2.cn.bing.com/news/topicview?q=Toyota%2C+Lexus+recall&filters=tnTID%3D%223C4C5F01-8714-4bae-8BAA-52BA8F2C001A%22+tnVersion%3D%226018612%22+Segment%3D%22popularnow.carousel%22+article%3D%221%22+tnCol%3D%2222%22+tnOrder%3D%22d430dd41-fc1d-4320-b368-2998e5a3e28e%22&nvaug=%5BNewsVertical+topicviewtype%3D%222%22%5D&form=NWBTTC,NEWS
168,http://machidacapsule.com/menu/907102,OTHER
169,http://magazinesubscriptionservice.com/magazines/new-jersey-monthly-1-year-auto-renewal/,ECOMMERCE
170,http://malariamatters.org/irs-vs-organic-farmers-in-uganda/,BLOG
173,http://marianaguedes1671.wikidot.com/blog:243,BLOG
174,http://marinelives.org/wiki/Tools:_Slavery,BLOG
177,http://members.beverlyhillschamber.com/list/member/meaningful-events-58708,OTHER
178,http://mingsheng88.org/2019/08/21/chronic-cancer-and-nonmalignant-pain-cnmp-is-usually-a-common-and/,EDUCATION
179,http://mingsheng88.org/2019/09/01/the-factor-is-a-line-like-transposable-aspect-in-element-per-haploid/,EDUCATION
183,http://motrjim.com/home/courses?category=legal-translation-courses&price=all,EDUCATION
184,http://mozaicsports.com/2025/11/17/the-surge-of-the-no-code-workflow-building-contractor-equipping-a-new-period-of-effectiveness/,BLOG
185,http://mturkforum.com/proxy.php?link=https://safinvestment.online,FORUM/DISCUSSION
186,http://musing-minds.com/2008/04/30/,BLOG
189,http://nesninja.com/game/wsx/nobunaga-no-yabo,OTHER
190,http://new.kissthisguy.com/got-all-the-poppas-with-their-strings-up-misheard-15872.htm,OTHER
191,http://new.kissthisguy.com/ive-been-working-on-the-railroad-traditi-misheard-song-6958.htm,BLOG
192,http://nightmist.co.uk/wiki/index.php?title=Special%3ARecentChangesLinked/Masashi_and_Seishi,TECHNICAL
193,http://nl.archive.ubuntu.comnl.archive.ubuntu.com/ubuntu/pool/multiverse/m/mbrola-sw2/?C=S;O=D,TECHNICAL
195,http://oldgoldfreepress.com/forums/OlympicSports/messages/563.shtml,FORUM/DISCUSSION
197,http://oldsciencerenovation.com/EProducts_show.asp?id=1000,OTHER
198,http://onwuegbute.com/,BLOG
200,http://orionautocomponents.com/2021/02/23/hello-world/,BLOG
201,http://otsn.ca/2014-sparkle-party-in-support-of-sheenas-place/,OTHER
202,http://otsn.ca/tag/canada/,OTHER
204,http://pediaswim.com/certified-pediaswim-instructors/cynthia-fisk/,OTHER
205,http://pelletwatch.org/earth/e-409.html,EDUCATION
207,http://permadesign.com/blog/comments/harvest_the_rain_review_from_the_reporter,BLOG
208,http://petr.vavrovi.net/manual/en/howto/ssi.html,TECHNICAL
209,http://photo.pet-sounds.net/category/slr_cameras/pentax-k-01/,BLOG
210,http://photos.greatrails.net/show/?order=byrail&page=1&key=239,OTHER
212,http://propsummit.com/faq.php?sid=d463547550cd61958893ee32f6c3a332,FORUM/DISCUSSION
214,http://r1b4z01d.com/pirobot-build-2-adding-heat-sinks-temp-tests/img_0353/,ECOMMERCE
215,http://relsafe.com/Products/Details/919,ECOMMERCE
216,http://renozz.com/ontario/toronto/custom-kitchen-cabinets,OTHER
218,http://ric-cps.eastus2.cloudapp.azure.com/handle/123456789/5166/simple-search?query=&sort_by=score&order=desc&rpp=10&filter_field_1=has_content_in_original_bundle&filter_type_1=equals&filter_value_1=true&filter_field_2=subject&filter_type_2=equals&filter_value_2=Informa%C3%A7%C3%A3o+e+Comunica%C3%A7%C3%A3o&filter_field_3=author&filter_type_3=equals&filter_value_3=ARA%C3%9AJO%2C+Maria+J%C3%BAlia+Reis+de&etal=0&filtername=author&filterquery=VICENTE%2C+Maria+Eduarda+Moreira&filtertype=equals,TECHNICAL
220,"http://rna.bgsu.edu/correspondence/SVS?id=4V5D%7C1%7CAA%7CA%7C143,4V5D%7C1%7CAA%7CG%7C142&format=unique&input_form=True",OTHER
221,http://rock-impressions.com/wilsonsteven_inter1e.htm,BLOG
222,http://round-botswana-tours.com/desination/Chobe_River.php,OTHER
224,http://runt.ocean.washington.edu/argo/homographs/TP/1203/1203.062.shtml,EDUCATION
225,http://sdcourt.ca.gov/sdcourt/traffic3/howtopleadnotguilty,OTHER
226,http://secnewgateaustralia.com/disclosures/byron-bay-short-term-rental-accommodation-stra-evaluation/,OTHER
227,http://seriousstartups.com/2014/02/04/3-ways-hack-product-based-startup/,BLOG
228,http://servforge.legi.grenoble-inp.fr/projects/soft-uvmat/log/trunk/src/translate_points.fig?rev=495,TECHNICAL
229,http://shiasearch.org/links/en/object/articles/0-26-3846/3846/0/Articles.html,OTHER
230,http://shopwise.x10host.com/swf/memberlist.php?mode=team&sid=ec326f2726cf707ae001002dea711c44,FORUM/DISCUSSION
231,http://shrutigoenka.snydle.com/page/4,BLOG
232,http://shura.shu.ac.uk/view/journals/Journal_of_research_in_special_educational_needs.full_text_status.html,EDUCATION
234,http://sibarber.ddns.net/archive/tags/cookery/content/photograph-by-si-barber-633/lightbox/,BLOG
235,http://silkematzpohl.com/nbc-mortal-engines-trailer/,NEWS
236,http://sintel.is.tue.mpg.de/hero?flow_type=Error&method_id=4171&metric_id=7&selected_pass=0,TECHNICAL
237,http://sintel.is.tue.mpg.de/hero?flow_type=Input&method_id=2137&metric_id=4&selected_pass=1,TECHNICAL
238,http://site-celtic.soticcloud.net/teams/blues/squad.php?player=62081&includeref=dynamic,NEWS
240,http://sonieland.com/2017/11/20/location-scouting-old-melbourne-gaol/,BLOG
241,http://spiessdreher.de/,ECOMMERCE
243,http://stonechicago.com/img/library.php?q=shop-Microsurgery-for-Fertility-Specialists%3A-A-Practical-Text.html,OTHER
244,http://store.vangoghgallery.com/showprint.aspx?pid=1032711,ECOMMERCE
245,http://store.vangoghgallery.com/showprint.aspx?pid=766949,ECOMMERCE
247,http://t.caareviews.org/dissertations/449/completed,FORUM/DISCUSSION
248,http://t.caareviews.org/reviews/219,BLOG
249,http://t4535.com/category/blogging,OTHER
250,http://tacticalneuronicsc.easycgi.com/content/ArcadeProject.asp?Update=2/13/202511:41:20%20PM,EDUCATION
252,http://taragraff.com/howtos/smallRooms.htm,FORUM/DISCUSSION
253,http://tavonconsulting.com/en/projects/item/172-east-azabayjan-judiciary.html,TECHNICAL
254,http://techindex.law.stanford.edu/companies?tag=social+assistance,NEWS
256,http://test.mp3tunes.com/top_talk.php?user_search=Poetry&sub=2&search_term_top=Arts%2FCulture%2FEntertainment,NEWS
257,http://thepackagingsociety-em.ning.com/profiles/blogs/visit-to-mercian-labels-burntwood-staffordshire-on-wednesday-26,FORUM/DISCUSSION
258,http://theshopracepool.com/page8,ECOMMERCE
259,http://threecliffs.com/Three-Cliffs-Coffee-Shop,ECOMMERCE
260,http://tigermedianet.com/?tag=midland-railroad-hotel,BLOG
261,http://todol.com/support/gun-maintenance/,EDUCATION
262,http://tonyajoy.com/2022/10/16/how-much-is-tuition-at-golda-och-academy/,EDUCATION
263,http://traditional.fashionone.com/stefstylediaries,OTHER
264,http://triphasegroup.com/projects/accessibility-washroom-renovations-for-a-school-board/,OTHER
268,http://vasantkothari.com/content/view_presentation/621/MPC-003-01-01-Definition-and-Concept-of-Personality-and-Personality-Development,EDUCATION
269,http://vittorialodge.com/index.php/auxiliary-gathers-to-make-guanti-for-annual-dinner/,BLOG
270,http://waypointglobal.com/News/ArtMID/1191/ArticleID/80,TECHNICAL
271,http://webs-of-significance.blogspot.com/2011/07/together-this-weeks-photo-hunt-theme.html,BLOG
273,http://wnbfactoryva.com/product-category/poster/,ECOMMERCE
276,http://www.1974bricklin.com/Parts-for-Sale.html?template=&userId=7499332&hsId=1757957190&numPerPage=5&paypalEmail=sunnyslope5211@aol.com&paymentType=paypal&imageSize=Medium&siteUrl=http://www.1974bricklin.com/Parts-for-Sale.html&storeId=165950&categoryid=112662&live=true,ECOMMERCE
277,http://www.1stdentures.com/false-teeth/us/arizona/dentures-problems,OTHER
280,http://www.4freead.com/?view=mailad&cityid=2&adid=1273934&adtype=A,ECOMMERCE
282,http://www.909digital.com/smo-company-india.html,OTHER
283,http://www.abelferry.com/en/contact-uk/,OTHER
285,http://www.ahwilderness.com/?p=36,BLOG
287,http://www.allensoftware.com/tag/lotteries/,BLOG
288,http://www.architectsindex.com/consumers/forgot.asp?strResendGoto=/consumers/shortlist/add.asp?lngAddArchitectId=201937&strGoto=/consumers/search/search.asp&intPage=2&intStateId=101&intNearRegionId=0,OTHER
289,http://www.artificialgrassphiladelphia.com/grassphotos/synthetic-grass-cost-cornwall-pennsylvania-city/544/,OTHER
290,http://www.asiandb.com/store/detail.php?num=21835,ECOMMERCE
291,http://www.asiandb.com/store/detail.php?num=9828,ECOMMERCE
292,http://www.asiandb.com/store/list.php?part=music&mode=&music=trot&abc=f,ECOMMERCE
298,http://www.batspeed.com/messageboard/32501.html,FORUM/DISCUSSION
299,http://www.bellgardenscaplumber.com/plumber-90095.html,OTHER
300,http://www.bfc-historie.de/historie/login.php?referer=displayimage.php%3Falbum%3Dlastup%26cat%3D2%26pos%3D1133,OTHER
301,http://www.bhrc.com.au/bhrc-2012-news/getya-wings-out-ready-to-fly-at-bendigo,NEWS
302,http://www.blog.jectraining.co.uk/quote/andre-bustanoby-quote/,OTHER
303,http://www.brackenconstruction.com/photo-galleries/dcim102media/,OTHER
304,http://www.businesscommunity.ca/list/retail,OTHER
305,http://www.campusactivism.org/displayschool-41890.htm,EDUCATION
306,http://www.car-pc-shop.de/catalog/gl/173,ECOMMERCE
307,http://www.cautwomen.com/2023/10/how-to-dress-like-catherine-tramell.html,BLOG
309,http://www.chapelhill.homeip.net/FamilyHistory/Photos/Warra-Wambo/index.php?image=100_1970.JPG&originalimage=true&d=d.html,OTHER
310,http://www.cheap-huarache.com/products/men_air_max_2014_shoes_36-46_2025-2-24-002.html,ECOMMERCE
311,http://www.chhua.com/web-note2813,TECHNICAL
312,http://www.childrensnursery.org.uk/fairy-romance/fairy-book-romance%20-%200297.htm,EDUCATION
313,http://www.cloud-caster.com/podcastdiscovery/PodcastData?url=https%3A%2F%2Fdbc-rss.streamguys1.com%2Fgreensboro-market%2Fpodcasts%2Fjared-and-katie-in-the-morning-show-highlights-itunes.xml&page=50,BLOG
314,http://www.cloud9miles.com/tag/head-scarf/,BLOG
315,http://www.cloud9miles.com/tag/sumdo/,BLOG
316,http://www.cm.is.ritsumei.ac.jp/c5-09/index.php?daga88stun,EDUCATION
317,http://www.codenameentertainment.com/?page=blog&post_id=1128&tag=high%20rollers&&start_date=2018-11-01&end_date=2018-11-30,BLOG
318,http://www.contactscow.com/product-category/geo/geo-fresh-series/,ECOMMERCE
319,http://www.countryfootyscores.com/from-the-papers/26-north-east-news/28567-statement-afl-goulburn-murray-re-rac-direction.html,NEWS
320,http://www.cpsnewtownlearning.com/reflection-on-essential-questions,EDUCATION
321,http://www.cressingindexing.com/,BLOG
322,http://www.cvsurgical.net/modern-primitive-man/,BLOG
324,http://www.dimmitfasthealth.com/drug_encyclopedia/drugsearch_results.php?query=DIDANOSINE+SOLUTION&station=h_dcmh_tx,EDUCATION
325,http://www.dll-file-download.com/E-dll/EXRTOBJ.dll.html,TECHNICAL
326,http://www.dodgersblueheaven.com/2011/03/day-33-spring-training-report.html,EDUCATION
327,http://www.dre.vanderbilt.edu/Doxygen/5.4.7/html/tao/classTAO__GIOP__Locate__Request__Header-members.html,TECHNICAL
328,http://www.eastroadmotors.com/about-us/,BLOG
329,http://www.ecadata.de/ecaboard/ucp.php?mode=delete_cookies&sid=41fda99156a641c40b3ae79879b9f75a,FORUM/DISCUSSION
330,http://www.edochess.ca/players/p1464.html,EDUCATION
331,http://www.eveiletsante.fr/tag/peur/,OTHER
332,http://www.exningcommunitychurchhall.org/licenses.html,OTHER
333,http://www.fabulousbookfiend.com/2022/03/movie-review-did-parallel-mothers.html,BLOG
334,http://www.fanart-central.net/pictures/user/RaimoundosPuppet/scraps,OTHER
335,http://www.fantasticalsharing.com/2013/07/mini-choc-chip-donut-pancake-dippers.html?m=0,BLOG
336,http://www.fareastex.com/product-23547-154880.html,ECOMMERCE
338,http://www.fivefamiliesnyc.com/2018/09/brother-of-john-gotti-set-to-be.html,BLOG
339,http://www.fortworthjrotc.com/career-direction2.html,OTHER
340,"http://www.fsdreamteam.com/forum/index.php/topic,25342.0.html",FORUM/DISCUSSION
341,http://www.fuggled.net/2014/05/,BLOG
343,http://www.goinsreport.com/2011/06/video-economy-still-sucks.html,BLOG
344,http://www.goinsreport.com/2015/10/douglas-wilson-on-shaming-children-i.html,BLOG
345,http://www.grownpeopletalking.com/2011/03/tickets-on-sale-monday-for-prince.html,BLOG
346,http://www.grtbooks.com/GeoffreyChaucer/?aa=CH&at=BO&yr=1340,TECHNICAL
347,http://www.grtbooks.com/PeterAbelard/?aa=AB&at=SP&yr=1600,OTHER
348,http://www.haypi.com/forum/faq.php?sid=88f09203836ede2251424de1b2a4ed1a,FORUM/DISCUSSION
349,http://www.hifi-remote.com/forums/memberlist.php?mode=sendpassword&sid=e635403a93ce1a305654944700e80d5e,FORUM/DISCUSSION
350,http://www.hmeenterprises.ca/2024/03/30/japans-top-cellular-video-game-take-into-account-recommended-you-read-roughly-50-percent-of-the-brand-new-entire-segments-revenue/,BLOG
351,http://www.hodgkinsons.co.uk/news/medical-negligence-claims-lincolnshire,OTHER
355,http://www.inkfacttattoo.com/artists/demetrio-fecchio/,OTHER
359,http://www.itsmydarlin.com/2012/12/walrus-and-carpenter.html,BLOG
360,http://www.jaromandelena.com/2007/01/china-vs-india.html?widgetType=BlogArchive&widgetId=BlogArchive1&action=toggle&dir=open&toggle=MONTHLY-1162364400000&toggleopen=MONTHLY-1167634800000,BLOG
361,http://www.joannegross.com/homes-for-sale/515-4th-Street-Earlville-IL-60518-411672772,OTHER
362,http://www.jsairmec.com/about.asp?lngLevelID2=353,TECHNICAL
364,http://www.kinase.com/web/current/kinbase/genes/Family/KIN16/alignment/domain/view,OTHER
365,http://www.knoxyardsales.com/decal.jsp,ECOMMERCE
366,http://www.lawofprivacy.com/2020/12/,BLOG
367,http://www.lilydomesticcleaners.co.uk/flat-cleaning_clapham-sw8.html,ECOMMERCE
368,http://www.linda-goodman.com/cgi-bin/ubb/ubbmisc.cgi?action=getip&number=8&topic=001099.cgi&ReplyNum=000001&forum=Lexigram+Magic&TopicSubject=Middle+Names%7CQUS%7C%7CQUS%7C,FORUM/DISCUSSION
369,http://www.lipstickandchiffon.com/2015/06/?m=0,BLOG
370,http://www.littlewomenonbroadway.com/theatrepreview.html,EDUCATION
372,http://www.madtheatrecompany.co.uk/actors-required/,EDUCATION
373,http://www.mapsofbalkan.com/shop/privacy.php?osCsid=0jjegnes2j9ijk8g81ihf20cb6,ECOMMERCE
374,http://www.mhctools.com/proItem.aspx?id=202,ECOMMERCE
375,http://www.mountainsandwater.com/2012/09/climbing-blogs-are-alive-and-well-some.html?showComment=1453898470826,BLOG
376,http://www.mposter.com/tag/g/page/10,OTHER
377,http://www.my123cents.com/2016/07/summer-of-flair.html,BLOG
378,http://www.mygirlishwhims.com/2013/11/diy-beaded-dangle-necklace.html,BLOG
380,http://www.nathaliewinkler.com/showreel.php?parent=63&link=https://maxmsang.com/hangmoney//,OTHER
381,http://www.nathaliewinkler.com/showreel.php?parent=63&link=podcasters.spotify.com/pod/show/arlo762/episodes/Zart-Poetry-e2nkd9q,OTHER
382,http://www.newarkohio.gov/wpfd_file/2021-03-01_minutes_service-comm/,GOVERNMENT
385,http://www.niki-sho.com/member-rss/54/mynews.php?url=https://telegra.ph/Apply-For-Esta-To-Usa-05-06-4,FORUM/DISCUSSION
388,http://www.obligated2own.com/TEST/modules.php?file=viewtopic&name=Forums&t=1576&view=previous,FORUM/DISCUSSION
389,http://www.onlinehobbyist.com/gallery/index.php?cat=701,OTHER
390,http://www.onlinehobbyist.com/gallery/index.php?cat=819,OTHER
392,http://www.orangepi.org/orangepibbsen/forum.php?mod=misc&action=postreview&do=support&tid=151270&pid=272679&hash=fff51698,FORUM/DISCUSSION
393,http://www.orangepi.org/orangepibbsen/forum.php?mod=post&action=reply&fid=74&tid=147408&extra=page%3D1&page=17,FORUM/DISCUSSION
394,http://www.overstockperfume.com/brands-r-ralph-lauren-polo-black-men-by-ralph-lauren.html,ECOMMERCE
396,http://www.panticz.de/mellanox/install-dirver,TECHNICAL
397,http://www.paraphraseinc.com/vendor-management.html,OTHER
398,http://www.parislovespastry.com/2012/06/laduree-sweet-recipes-giveaway-new.html?showComment=1343054907108,BLOG
399,http://www.placesofpoetry.org.uk/Sherwood-Forest-(RSPB)/Events/,OTHER
400,http://www.plantgenera.org/illustration.php?id_illustration=445749&mobile=0,ECOMMERCE
402,http://www.psychosomaticwit.com/2007/08/has-it-really-been-30-years.html?showComment=1187622300000,BLOG
403,http://www.pvcupcakes.com/checkout/,ECOMMERCE
404,http://www.qujiangmuseum.com/index.php?action-encategory-catid-155,EDUCATION
406,http://www.radiatorarts.com/space-odyssey-beyond-material-confinements/,BLOG
408,http://www.ragazzabazaarmodels.com/blog/category/modeling,BLOG
409,http://www.reality.com/dm/modules.php?name=Members_List&file=index&sid=6a65880d143037ece53cc4511c23a951,FORUM/DISCUSSION
410,http://www.rebirthgames.com/celadrin-extract-forte-prospect-mnjk,ECOMMERCE
411,http://www.retrosega.com/tag/star-trek-tng-advanced-holodeck-tutorial-game-gear/,OTHER
412,http://www.richmondvalimousine.com/beach-limo.html,ECOMMERCE
413,http://www.roopbikeworld.com/blog/-malaysia-always-looks-after-you,BLOG
414,http://www.rossgittins.com/search?updated-max=2024-07-22T06:36:00%2B10:00&max-results=20&reverse-paginate=true,BLOG
415,http://www.rpmfind.net/linux/rpm2html/search.php?query=yaml-cpp-debugsource(armv7hl-32),OTHER
416,http://www.runestorm.com/forums/viewtopic.php?f=111&t=79680&sid=52f5ff408e3f8198b3651fcfb228a626,FORUM/DISCUSSION
417,http://www.saltlickshop.com/search/label/slices,BLOG
422,http://www.shovalpro.com/?module=album&item_id=43&c_id=1&album_id=108,ECOMMERCE
424,http://www.somerton.co.uk/event-directory/2024-02-26/,OTHER
425,http://www.somewhere-magazine.com/tag/elton-john/,BLOG
427,http://www.sugarswings.com/2011/05/yo-gabba-gabba-brobee-cake.html,BLOG
428,http://www.sunhelp.org/pipermail/rescue_sunhelp.org/2010-September/129652.html,OTHER
429,http://www.swisscharts.com/showperson.asp?name=Flood+%5BUS%5D,OTHER
430,http://www.taichief.uk/aslockton-nottinghamshire.html,ECOMMERCE
431,http://www.techart3d.com/tag/python/,TECHNICAL
432,http://www.tennisviewmag.com/which-big-four-will-have-most-successful-2017-season,OTHER
433,http://www.tepeebiblecamp.org/forgot.php,OTHER
434,http://www.terrypratchettbooks.co.uk/discworld/members/alexintraction.3463/,FORUM/DISCUSSION
435,http://www.terrypratchettbooks.co.uk/discworld/members/ivan_the_terrible.115/,FORUM/DISCUSSION
437,http://www.thebeautybiz.com/directory/search/location/YO32,OTHER
438,http://www.thecoppolahideaways.com/resort/blancaneaux-lodge/location,OTHER
439,http://www.tlrmcfasthealth.com/drug_encyclopedia/drugsearch_results.php?query=COSOPT&station=h_tlrmc_ky,EDUCATION
440,http://www.tracyblyth.ca/store/p13/%22First_Snow_Fox%22_Card.html,ECOMMERCE
441,http://www.travelswop.com/blog/keywords/online-no-membership-overnight-shipping-buy,BLOG
442,http://www.tregwernin.com/2007/09/reference-book-of-week.html,BLOG
443,http://www.truckracing.de/truckrace/en/photos2016/6_paddock_1_detail/78/index.html,OTHER
445,http://www.turnerforte.com/tag/eastern-sierras/,BLOG
446,"http://www.tvover.net/TVStation,direct,450.aspx",OTHER
448,http://www.vol1brooklyn.com/2020/04/06/morning-bites-rob-doyle-hanif-abdurraqib-on-bill-withers-kim-vodicka-leah-umansky-poetry-and-more/,OTHER
449,http://www.wascanapistolclub.ca/untitled-3-fw-3/,OTHER
450,http://www.welshsaints.byu.edu/Immigrant_View.aspx?id=6096,OTHER
451,http://www.wlfjapan.com/tag/newyearvlog/,BLOG
452,http://www.xiyuanhotelbeijing.com/it/reviews/,OTHER
454,http://www.yonsein.com/bbs/nlist.html?div=hongbo&fid=11217&page=13&uid=13814&keyfield=&key=,FORUM/DISCUSSION
456,http://x.yupoo.com/photos/xy1688/categories/2779745,ECOMMERCE
457,http://yelpandi.com/refog-employee-monitor-6-licenses/?v=212bd1cfe3fb,OTHER
459,http://zimmer-koenigstein.de/Impressum/pdf.php?q=download-ceh-official-certified-ethical-hacker-review-guide.php,EDUCATION
461,https://04.phf-site.com/2015/10/the-race-to-sequence-human-genome-tien.html,EDUCATION
462,https://04.phf-site.com/2018/04/in-russian-three-hundred-years-of.html,EDUCATION
463,https://1-e8259.azureedge.net/news/2022/11/3/israels-us-backers-face-moment-of-reckoning-as-far-right-rises?traffic_source=KeepReading,NEWS
464,https://100hooper.kilroyrealty.com/log-in/?refloc=/protected/update-profile/?cb=22932,OTHER
465,https://1065thelake.iheart.com/content/2025-06-10-terror-leader-calls-for-trump-vance-assassinations/,NEWS
466,https://1067wllz.iheart.com/calendar/content/2025-12-04-join-1067-detroits-wheels-as-we-tailgate-in-eastern-market/,NEWS
467,https://10awesome.com/tag/earth-facts/,BLOG
468,https://10starshomes.com/what-to-include-in-your-tenant-screening-process/,OTHER
469,https://1124travelandtours.com/accepted-payments/,ECOMMERCE
471,https://13designstreet.com/333136847.html,OTHER
472,https://13rea.com/,OTHER
474,https://1businessworld.com/directory-gbp/tags/second-hand-appliances-shop/,ECOMMERCE
475,https://1businessworld.com/directory-gbp/tags/top-ielts-coaching-in-ahmedabad/,ECOMMERCE
476,https://1businessworld.com/directory-gbp/tags/van-hire/,ECOMMERCE
477,https://1form.org/product/govt-college-suthaliya/,ECOMMERCE
478,https://2.bing.com/news/topicview?q=Winter+storm+in+Southern+US&filters=tnTID%3D%226A0E18F3-6113-446b-A134-38EE596FD072%22+tnVersion%3D%225978573%22+Segment%3D%22popularnow.carousel%22+article%3D%221%22+tnCol%3D%2220%22+tnOrder%3D%222fa493f5-9d62-4980-82a1-1e64f6f5b31a%22&nvaug=%5BNewsVertical+topicviewtype%3D%222%22%5D&form=NWBTTC,NEWS
480,https://2025.redressdesignaward.com/finalist-position/alumni/,NEWS
481,"https://21dzk.l.u-tokyo.ac.jp/SAT/ddb-sat2.php?mode=detail&useid=0397_,13,0123&nonum=&kaeri=1",FORUM/DISCUSSION
482,https://24000miles.co/2015/04/a-hue-we-go-central-to-northern-vietnam/,BLOG
483,https://24hourdata.com/does-disk-defrag-help-with-data-recovery-of-deleted-files/,OTHER
484,https://24student.com/stylish-fountains.html,BLOG
485,https://29secrets.com/relationships/managing-relationships-difficult-people/,BLOG
486,https://2b.rlpdotca.appspot.com/en/homes/ab/calgary/53-aspen-stone-road-sw/ab-cal-200268174/,OTHER
489,https://38thvoyage.mysticseaport.org/medium/blog-post/,BLOG
490,https://3dexport.com/3d-model-kids-bike-pedals-collection-501482,ECOMMERCE
491,https://3patchcrafts.blogspot.com/2013/02/,BLOG
493,https://4-fotos-1-palavra.com/6-letras/poquer/,OTHER
495,https://4gtmovement.com/exiled-in-this-world/,BLOG
497,https://4truck-accessories.com/i-30503563-access-tonnosport-97-03-ford-f-150-6-6-box-22010229.html,ECOMMERCE
498,https://501lifemag.com/give-the-gift-of-an-arkansass-great-southwest-christmas/,NEWS
499,https://501lifemag.com/looking-ahead-uca-preparing-for-enrollment-cliff/,NEWS
500,https://508pir.org/taps/roll_u.htm,OTHER
501,https://50prozent.speakerinnen.org/de/tags/Development,EDUCATION
502,https://511.org/transit/agencies/golden-gate-ferry,EDUCATION
503,https://5elementswindows.com/modern-upvc-windows/,TECHNICAL
504,https://5gantennas.org/how-wellsky-and-google-cloud-aim-to-realize-the-promise-of-ai-for-nursing-homes/,BLOG
505,https://615film.com/hardcore-henry-sharlto-copley-is-our-tour-guide-through-pandemonium-review/,BLOG
507,https://7seas.com/luxury_cruises/silversea/silver_cloud/schedule-2026-1/july-20-august-5.htm,TECHNICAL
508,https://8font.com/furian-gradient-font/,OTHER
509,https://8points9seconds.com/2019/03/25/pacers-load-management/,NEWS
510,https://8points9seconds.com/pacers-may-finally-grant-jarace-walker-ultimate-wish,NEWS
511,https://9-anime.com/watch/be-bop-highschool-633308400,OTHER
512,https://9-anime.com/watch/im-gonna-be-an-angel-923436000,OTHER
514,https://967theeagle.net/march-badness-round-1-bruce-willis-vs-kurt-russell/,NEWS
517,https://a11y.robert.wesner.io/articles/basics,EDUCATION
518,https://a1cps.com/about/,OTHER
519,https://a3book.qbass.net/reactions/ajax_show/Contest_Contest_Entry/265/-1,OTHER
520,https://aacehealthcare.com/2021/06/16/business-development-manager-at-proxynet-communications-limited/,NEWS
521,https://aahilfenceandgabion.com/84804305.phtml,ECOMMERCE
522,https://aaliyaharchives.com/comment/118,FORUM/DISCUSSION
523,https://aapw.org/2025/02/22/national-climate-council-backs-coastal-resilience-initiative-urges-community-involvement/,EDUCATION
524,https://aarchievgold.com/product/bangle/bangle-741805,ECOMMERCE
525,https://aavirginia.org/meetings/daybreak-group-4/,OTHER
526,https://aavirginia.org/meetings/rebellion-dogs-mens-group/,OTHER
527,https://abandonedbuildings.blogspot.com/2009/04/,BLOG
528,https://abberolnick.com/crazy-magnetism/,BLOG
531,https://abdas.org/2017/12/01/south-african-timber-industry-plans-for-the-future/,NEWS
532,https://abedyassinecouture.com/index.php/shop/fw2024,ECOMMERCE
533,https://abef-anu.org/antigua-barbuda-public-holidays-2023/,NEWS
534,https://aberdeendolphin.co.uk/swim-meets-explained/,EDUCATION
536,https://about.mlslistings.com/property/ml81980403/347-sunol-st-lathrop-ca-95330,ECOMMERCE
537,https://abrainyquote.com/author/jordan-peterson/,BLOG
538,https://abs-lot.com/data-lot-vin-auction-19UDE2F30KA000613,ECOMMERCE
539,https://absentdata.com/excel/excel-spill-error-a-quick-and-easy-fix/attachment/3-18/,BLOG
540,https://absolutecigars.com/product/ashton-cabinet-no-7s/,ECOMMERCE
541,https://acadanow.com/ecoheroes-initiative-empowering-the-young-ecowarriors-of-africa/,EDUCATION
545,https://academy.sherdil.org/courses/career-growth-multicloud-program/,ECOMMERCE
546,https://accordrenovations.com/bathroom-project.php,OTHER
547,https://account.library.wisc.edu/?return=https%3A%2F%2Fwww.library.wisc.edu%2Fask%2Femail%2F%3Frfr_url%3Dhttps%253A%252F%252Faccount.library.wisc.edu%252F%253Freturn%253Dhttps%25253A%25252F%25252Fsearch.library.wisc.edu%25252Fsearch%25252Fsystem%25252Fbrowse%25253Ffilter%2525255Bfacets%2525255D%2525255Bcontent_types_facet~Case%25252Bstudies%2525255D%25253Dyes%252526filter%2525255Bfacets%2525255D%2525255Bnamespaced_libraries_facet~UW-Madison%2525257CVerona%25252BShelving%25252BFacility%2525255D%25253Dyes%252526filter%2525255Bfacets%2525255D%2525255Bsubjects_facet~Agricultural%25252Bsubsidies%2525255D%25253Dyes%252526filter%2525255Bfacets%2525255D%2525255Bsubjects_facet~Agriculture%25252Band%25252Bstate%2525255D%25253Dyes%252526sort%25253Drauthor%252526view%25253Dsingle,EDUCATION
548,https://account.library.wisc.edu/?return=https%3A%2F%2Fwww.library.wisc.edu%2Fask%2Femail%2F%3Frfr_url%3Dhttps%253A%252F%252Fwww.library.wisc.edu%252Fask%252Femail%252F%253Frfr_url%253Dhttps%25253A%25252F%25252Fsearch.library.wisc.edu%25252Fsearch%25252Fcatalog%25252Fbrowse%25253Ffilter%2525255Bfacets%2525255D%2525255Bdocument_types_facet~Books%2525255D%25253Dyes%252526filter%2525255Bfacets%2525255D%2525255Bgeographic_subjects_facet~Netherlands%2525255D%25253Dyes%252526filter%2525255Bfacets%2525255D%2525255Bnames_facet~Brugmans%2525252C%25252BHajo%2525252C%25252B1868-1939%2525255D%25253Dyes%252526filter%2525255Bfacets%2525255D%2525255Bnames_facet~Holwerda%2525252C%25252BJ.%25252BH.%25252B%25252528Jan%25252BHendrik%25252529%2525252C%25252B1873-1951%2525255D%25253Dyes%252526filter%2525255Bfacets%2525255D%2525255Bnames_facet~Verberne%2525252C%25252BL.%25252BG.%25252BJ.%25252B%25252528Louis%25252BGerardus%25252BJosephus%25252529%2525252C%25252B1889-1956%2525255D%25253Dyes%252526filter%2525255Bfacets%2525255D%2525255Bsubjects_facet~Civilization%2525255D%25253Dyes%252526filter%2525255Bfacets%2525255D%2525255Bsubjects_facet~History%2525255D%25253Dyes%252526sort%25253Dnewest%252526view%25253Dsingle,EDUCATION
549,https://accounts.osf.io/login?campaign=institution&institutionId=&service=https://osf.io/fb8wu/wiki/home/,EDUCATION
550,https://acesdeals.net/products/bikers/harley-bike-52659455,ECOMMERCE
551,https://acespirits.com/shop/product/nic-feuillatte-rsv-brut-rose-exc-24b-187/67ad04266f41340c2b342c6c?option-id=05b3b66ed348e9609acca871e6ea6a9a1a23122bca17b715618be8702e2716cd,ECOMMERCE
552,https://acespirits.com/shop/product/orleans-borbon-manzanilla/67431a3d87492c46c0b80854?option-id=646b194a61b9c885ca73163b69c8ca119ef1bab1ee0845743814496e0f786417,ECOMMERCE
554,https://acnecure8.com/acne-treatment/acne-scars-along-with-makeup-2/,BLOG
555,https://acnecure8.com/acne-treatment/acne-scars-and-chemical-peeling/,BLOG
556,https://acnecure8.com/acne-treatment/what-to-do-when-you-have-acne-the-acne-treatment-just-for-y-3/,BLOG
557,https://acocoteecoinn.com/product/double-bed/,ECOMMERCE
558,https://acorncanada.org/news/london-acorn-building-power-at-citywide-all-chapters-meeting/,NEWS
559,https://acouplepuns.com/product-tag/novelty-cards/page/3/,ECOMMERCE
560,https://acrealestate.com.au/properties/341,OTHER
561,https://acrealestate.com.au/properties/8,NEWS
562,https://activeafricagroup.com/contact-us,OTHER
564,https://actwitty.com/lifestyle/creating-a-family-life-that-thrives-simple-changes-for-lasting-harmony/,BLOG
565,https://acuity24.com/sage-intacct-price-check/,FORUM/DISCUSSION
566,https://acuity24.com/za/about-us/,EDUCATION
567,https://acurebd.com/pages/brandproduct/snickers,ECOMMERCE
568,https://addisonhodgeshart.substack.com/p/politics-and-the-passions,BLOG
569,https://addressgateway.com/?_g=2146858,BLOG
570,https://addusa.co/a-vibe-coding-horror-story-what-started-as-a-pure-dopamine-hit-ended-in-a-nightmare/,TECHNICAL
571,https://adebola.substack.com/p/its-a-matter-of-no-concern,BLOG
572,https://aderokestates.com/2022/09/03/clean-spaces-clean-minds/,BLOG
576,https://adirectorysubmit.com/listings13410091/comprehending-your-rights-when-facing-maryland-dui-laws,GOVERNMENT
578,https://admin.opendatani.gov.uk/dataset/?groups=population&tags=Census+Population+Statistics&tags=Country+of+birth&res_format=CSV&tags=Economic+activity,GOVERNMENT
579,https://admin.trueviewreviews.com/emma/,OTHER
583,https://adrjournalshouse.com/index.php/Journal-PublicPolicy-Administrat,EDUCATION
584,https://adsbookmark.com/story20644884/checking-out-the-key-advantages-of-fdi-campaigns,FORUM/DISCUSSION
585,https://adsbookmark.com/story20652285/aprofunde-se-em-si-mesmo-guia-completo-para-produtividade-e-autoconhecimento,FORUM/DISCUSSION
587,https://advantage.active.com/join/trial?referingURL=http%3A%2F%2Forigin-a3corestaging.active.com%2Fsaint-louis-mo%2Fperforming-arts%3Fpage%3D82,ECOMMERCE
588,https://adventure-motorcyclingh.com/2012/02/19/yamaha-tenere-5000-mile-report/scrub/,EDUCATION
589,https://adventurejobboard.com/jobs/environmental-conservation/vegetation-management-intern-2/,TECHNICAL
590,https://adventurejobboard.com/jobs/guides/freelance-tour-guide/,TECHNICAL
591,https://advisors.ubs.com/andrew.bocknek/,EDUCATION
592,https://aeelectricservice.com/gallery-2/,OTHER
593,https://aesnet.org/about/publications-reports/journals/epilepsia,EDUCATION
594,https://aewcorp.com.au/category/solar-panels/,OTHER
596,https://afe-futbol.com/afe/afe-asiste-a-la-presentacion-de-la-campana-start-to-talk-contra-el-abuso-de-menores/,OTHER
597,https://affiliate-program.amazon.com/home/contact?ref_=amb_link_Ej00m9pwQOiij74PjxIJcw_4&pf_rd_p=1bc82604-94f5-4f61-9e69-a6a780150b1e&_encoding=UTF8%2F&pf_rd_r=TRK7SGE7QNWJC3Y0WS2D,EDUCATION
598,https://affiliate-program.amazon.com/home/contact?ref_=amb_link_Ej00m9pwQOiij74PjxIJcw_4&pf_rd_p=533f99bc-124a-40f3-90a1-485af6c938a7&_encoding=UTF8%2F&pf_rd_r=2241886KP438KCK7ARGT,EDUCATION
599,https://affiliateprogram.geronigo.com/en/venue/oVenue-3730_oVenAct-3,OTHER
600,https://affordablehousingonline.com/housing-search/Iowa/Gilbertville/Marian-Housing-of-GilbertvilleInc/10102218,NEWS
601,https://afrafrontpagenews.blogspot.com/2013/12/american-minute-with-bill-federer-dec_25.html,NEWS
602,https://africa.espn.com/football/player/bio/_/id/311576/mario-ramos,NEWS
603,https://africa.espn.com/football/team/squad/_/id/131257/sort/goalAssists/calgary_wild_fc,NEWS
604,https://africa.espn.com/womens-college-basketball/player/stats/_/id/5317766/faith-ford,NEWS
605,https://africa.ges-gb.org.uk/,OTHER
607,https://afrosoulfest.com/sponsorship/,NEWS
608,https://afry.com/fi-fi/palvelut?page=%2C0%2C%2C10%2C3,OTHER
609,https://afuturewithbees.com/about-jeff-maddox-beekeeper?view=category&id=11,NEWS
610,https://agencies.semrush.com/fr/list/banking-finance/tennessee/small-business/,OTHER
611,https://ageofuncertainty.blogspot.com/2011/06/more-victorians.html?showComment=1307710222918,BLOG
612,https://agilelab.de/en/agility-in-the-enterprise,ECOMMERCE
613,https://agoodshampoo.com/is-living-proof-shampoo-good,ECOMMERCE
615,https://ahrefs.com/fr/api/documentation/backlinks-new-lost-counters,TECHNICAL
616,https://ahsgardening.org/great-american-gardeners-awards/,OTHER
617,https://ai.fmcsa.dot.gov/SMS/Event/Inspection/83728387.aspx,GOVERNMENT
618,https://aiagentmarketingagency.net/real-time-roi-moving-from-theory-to-practice-in-minutes/,OTHER
620,https://aigardenplanner.com/plan/1268a8f2c79240cf8880dcaa14f0d524,OTHER
621,https://aiglossary.co.uk/tag/emma-borg/,TECHNICAL
623,https://ainewsbyte.com/canadas-largest-ai-network-groq-power/,TECHNICAL
624,https://airbornescience.nasa.gov/content/Airborne_Science_Instrumentation?field_meas_tid=CS2&page=5,TECHNICAL
625,https://airindia.isango.com/granada/muslim-granada-alhambra-baths-and-massage_28110,BLOG
626,https://airnimal.co/products/accessories/5245976433_89c13b85b3_z-2/,ECOMMERCE
628,"https://airport.globefeed.com/France_Nearest_Airport_Result.asp?lat=49.7&lng=4.95&place=Sedan,%20Champagne-Ardenne,%20France&sr=gp",OTHER
629,https://airportdog.blogspot.com/2011/04/vintage.html,FORUM/DISCUSSION
631,https://airssist.com/busiest-airports-in-the-world/,OTHER
633,https://alaaeldin.blogspot.com/2005/05/labyrinth-called-mirrors.html,BLOG
634,https://alakajam.com/user/Kesslwovv,FORUM/DISCUSSION
636,https://aldeenarfashion.com/product/dots-print-floral-dress/,FORUM/DISCUSSION
639,https://alexanderpruss.blogspot.com/2019/03/if-classical-theism-rules-out-open.html?showComment=1553362118910,BLOG
640,https://alexzeecomedy.com/pages/hello,OTHER
641,https://aliamerch.com/tag/no-warning-merch/,ECOMMERCE
642,https://aliciaparksphotography.com/tag/what-to-do-when-you-first-get-engaged/,OTHER
643,https://alimsumarno.com/quran/it/ath-thuur/19/sar-detto-loro-mangiate-e-bevete-in-serenit,OTHER
644,https://alittlesomethingvt.com/products/Boho-Droplet-Earrings-Gold-Light-Aquamarine-Chalcedony-p778426312,ECOMMERCE
645,https://aljdeed.com/tag/healthcare/,TECHNICAL
646,https://alkhanrestaurant.com/turkish-roll-pie/,ECOMMERCE
647,https://allaboutbeer.com/tag/jamaica-stout/,OTHER
649,https://allchemists.co.uk/product/manual-siphon-pump/,ECOMMERCE
650,https://allenthomasgroup.com/auto-insurance/colorado/greeley/,OTHER
651,https://allergic2bull.blogspot.com/2010/08/not-sure-whether-to-laugh-or-cry.html,BLOG
653,https://allianzehr.com/corporate-training-programs/coaching-and-mentoring-programs/,OTHER
654,https://allianzehr.com/oman-physiotherapist-visa-process-complete-guide/,EDUCATION
655,https://allied-sepl.com/professional/product-tag/fall-arrest-and-work-positioning-harness/,ECOMMERCE
656,https://allmountainmamas.skivermont.com/vermont-mountain-eats-jay-peak/,BLOG
657,https://allongeorgia.com/bulloch-public-safety/05-18-2020-booking-report-for-bulloch-county/,NEWS
658,https://allracket.com/is-pickleball-easier-than-tennis/,BLOG
661,https://ally.avature.net/careers/JobDetail/Seattle-Washington-United-States-Account-Executive-Auto-Finance-Greater-Seattle-WA-Sales-Market/15362,OTHER
662,https://allytech-ai.com/blog/,TECHNICAL
663,https://alphabookmarking.com/story20439592/from-energy-transfer-station-to-sensible-energy-node-get-to-learn-the-wise-pole-transformer-all-around-you,FORUM/DISCUSSION
664,https://alphagaymax.com/getting-the-job/,OTHER
665,https://alphahpa.com.au/products/ultra-high-purity-gamma-phase-alumina-powder/,ECOMMERCE
667,https://amartex.com/rising-consequences-of-indian-textile-enterprises-on-the-fabric-sector/,EDUCATION
668,https://amasadvocatesllp.com/construction-laws/,OTHER
670,https://amatoqualityconstruction.com/services;jsessionid=82ABE1A3E51CE256FFE5D402ACC73A87.d0conpr001-1,BLOG
671,https://amazingstories.com/tag/lone-wolf-and-cub/,BLOG
673,https://amberinklings.blogspot.com/2011/09/kutey-karins-kitchy-kandy.html,BLOG
677,https://americanmilitarynews.com/2015/10/olive-garden-refuses-service-to-uniformed-armed-cop-during-his-birthday-lunch/,EDUCATION
678,https://americasbesthistory.com/abhtimeline1611m2.html,GOVERNMENT
679,https://amgoa.org/OKOBOJI-SPORTS/ffl/101768,GOVERNMENT
681,https://anabelleom.blogspot.com/2009/03/cps-and-raspberry-suite-color.html?showComment=1237859640000,BLOG
682,https://anacmulher.com/wp-job/job/ops-professional-at-saransh-inc-new-york-ny-L3RQK3M3bzlWRU45TVkyQmFKK3cyWDNjb0E9PQ==,TECHNICAL
683,https://anaconda.org/bioconda/slamdunk/files?channel=main&page=1&sort=ndownloads&sort_order=desc&type=&version=0.3.2,TECHNICAL
684,https://anandavakya.com/?page_id=4394,BLOG
685,https://anatomytool.org/node/62085/myresults/131577,EDUCATION
686,https://anchorages.co/go/martinique/petite-anse-macabou/,TECHNICAL
689,https://andreajoseph24.blogspot.com/2010/09/youve-come-long-way-baby.html?showComment=1285628707783,BLOG
690,https://andreas-graefenstein.com/imprint/,OTHER
691,https://andreaschroeder.com/ondarock-recensioni-andrea-schroeder-blackbird-di-eugenio-vicedomini/,OTHER
693,https://angelcatuk.blogspot.com/2011/02/dartmoor-blue-skies-and-rushing-water.html?showComment=1298202276270,BLOG
695,https://angelstouch444.com/?n=819879141902,OTHER
697,https://animal-friendly.co/tag/%E5%A5%A7%E6%96%AF%E5%8D%A1%E5%AF%B5%E7%89%A9/,FORUM/DISCUSSION
698,https://animalaupairoffortmill.com/easter-and-bunnies/,BLOG
702,https://annasmelodies.com/shopdetail/216808097,OTHER
703,https://antigrodesigner.com/antigro-designer-steps-up-as-advanced-partner-in-dscoop-community/,OTHER
704,https://anycodeunlock.com/product-category/only_imei/,ECOMMERCE
705,https://anyleads.com/smart-outreach-tactics-that-turn-cold-leads-into-customers,OTHER
706,https://apa.si.edu/bookdragon/world-and-town-by-gish-jen/,BLOG
707,https://apartmentgurus.com/2022/10/04/,OTHER
709,https://apgc.awi.de/dataset/?amp=&s_resolution=0.5+degree&product=Active+layer+depth&tags=Active+Layer+Depth&tags=Permafrost&institute=Max+Planck+Institute+for+Biogeochemistry%2C+Jena%2C+Germany&organization=pangaea&first_author=Beer%2C+Christian,OTHER
711,https://api.automotivetradecenter.com/portal/lots/view/4411738,ECOMMERCE
712,https://api.automotivetradecenter.com/portal/lots/view/4423816,ECOMMERCE
713,https://api.automotivetradecenter.com/portal/lots/view/4443913,ECOMMERCE
714,https://api.census.gov/data/2024/acs/acs1/subject/variables/S0503_C02_128EA.html,OTHER
717,https://api.politifact.com/factchecks/list/?category=&ruling=false&speaker=ron-ramsey,NEWS
718,https://apip-apec.com/tag?id=apple%20vision%20pro,NEWS
719,https://apo33.org/?p=11913,OTHER
720,https://apolloenergiesinc.com/esg-provenance,OTHER
721,https://app-autotrader-umbraco-prod.azurewebsites.net/news-views/press-releases/auto-traders-commercial-director-ian-plummer-offers-his-view-on-the-latest-new-car-sales-data-from-the-smmt/,NEWS
722,https://app.bewellcraft.com/intermediate/videos/11-minute-abs-2,OTHER
723,https://app.gigasheet.com/price-transparency/TX/KATY/1659628840/stephanie-ouellette/,OTHER
726,https://app.okedata.com/tag/dui-lawyer-charlotte-nc/,OTHER
727,https://app.samsungfood.com/recipes/1019ff6a6b620f9a8b091969de759374a242a24b3b4,OTHER
728,https://applelaneanimalhospital.com/,OTHER
729,https://apps.apple.com/es/app/ebook-reader/id381260755,OTHER
730,https://apps.apple.com/fr/app/hate-story-part-1-love-drama/id1417063062,OTHER
732,https://apps.apple.com/us/app/duolingo-language-lessons/id570060128,EDUCATION
733,https://apps.library.brown.edu/hall-hoag/?f%5Bregioncountry%5D%5B%5D=Wisconsin%2C+United+States+of+America&f%5Bcountry%5D%5B%5D=United+States+of+America&f%5Bcollection_parts%5D%5B%5D=Part+II&f%5Bcontainer%5D%5B%5D=M-2&per_page=100,EDUCATION
734,https://apps.montgomerycountymd.gov/BASISCAPITAL/Common/Project.aspx?ID=P152503&CID=1&SCID=93,GOVERNMENT
735,https://apps.odoo.com/apps/modules/category/Purchases?price=Paid&series=12.0&data_module=1&author=Kanak+Infosystems+LLP,OTHER
738,https://aquila-style.com/tag/nationwide-campaign/,NEWS
739,https://ar.goodvibzyoga.com/event-details/free-wellness-november-2022-11-06-09-00,OTHER
740,https://arabamericannews.com/tag/newora-coffee/,NEWS
741,https://arabsaga.blogspot.com/2012/05/saudi-pink-everesters-are-on-course.html,BLOG
742,https://arajonaretail.com/brand/unileaver/dove/,ECOMMERCE
744,https://arayaremates.com/product/business-adventures/,ECOMMERCE
745,https://arc.hias.hit-u.ac.jp/en/news/%E3%81%8A%E7%9F%A5%E3%82%89%E3%81%9B%E3%83%86%E3%82%AD%E3%82%B9%E3%83%88/,EDUCATION
746,https://archdaily.com/professionals/verification_requests/new_v2_c?expert_profile_slug=processoffice-and-andrius-skiezgelas-architecture&ad_source=unverified&ad_name=claim-project,OTHER
747,https://archive.archexplorer.com/?16756386081222671803&CATEGORY=636&EVENT=WEBSHOP_SEARCH&SEARCHMODE=NEW,OTHER
748,https://archive.lists.launchpad.net/desktop-packages/msg79077.html,FORUM/DISCUSSION
749,https://archive.nerdist.com/10-fun-facts-about-grease/?list=related,BLOG
750,https://archive.networkworldnews.com/tag/how-to-run-gpt4all/,NEWS
751,https://archive.sdgcounties.ca/index.php/informationobject/browse?view=card&sort=endDate&sortDir=asc&showAdvanced=1&topLod=0&media=print,OTHER
752,https://archivedforum.beoworld.org/search/SearchResults.aspx?q=userid%3A7475&o=DateDescending,FORUM/DISCUSSION
753,https://archives-search.sydney.edu.au/pdf/4.0.189/web/viewer.html?file=/assets/displaypdf/48629,EDUCATION
754,https://archives.cityofsydney.nsw.gov.au/nodes/view/1079119,GOVERNMENT
757,https://archives.hpl.ca/index.php/informationobject/browse?sort=endDate&view=table&sf_culture=en&creators=26087&subjects=&onlyMedia=1&sortDir=asc&media=print,OTHER
758,https://archives.hpl.ca/index.php/informationobject/browse?view=card&creators=24848&sort=endDate&sf_culture=nl&sortDir=asc&onlyMedia=1,OTHER
759,https://archives.iu.edu/catalog?f%5Baccess_subjects_ssim%5D%5B%5D=Literature--translating&f%5Blevel_sim%5D%5B%5D=Collection&f%5Bnames_ssim%5D%5B%5D=Lilly+Library&group=true&per_page=20&range%5Bdate_range_iim%5D%5Bbegin%5D=2002&range%5Bdate_range_iim%5D%5Bend%5D=2002&sort=title_sort+desc&view=compact,EDUCATION
761,https://archives.lib.duke.edu/catalog/clarkedwin,EDUCATION
762,https://archives.libraries.rutgers.edu/repositories/resources?q%5B%5D=%2A&op%5B%5D=&field%5B%5D=title&from_year%5B%5D=&to_year%5B%5D=&limit=resource&filter_fields%5B%5D=subjects&filter_values%5B%5D=Communism--New+Jersey&filter_fields%5B%5D=subjects&filter_values%5B%5D=Subversive+activities--New+Jersey.&filter_fields%5B%5D=subjects&filter_values%5B%5D=Subversive+activities--United+States.&filter_fields%5B%5D=subjects&filter_values%5B%5D=Communism--New+Jersey.&sort=title_sort%20asc&filter_fields%5B%5D=subjects&filter_values%5B%5D=Anti-Communist+movements--United+States,EDUCATION
763,https://archives.library.unimelb.edu.au/nodes/browse/?selection=eyJudGlkcyI6WzldLCJmYWNldCI6eyIxMDQiOlsiSGlyZCwgRnJhbmNpcyBKLiJdfX0=,EDUCATION
764,https://archives.moore.edu.au/Documents/Detail/scrapbooks-and-notebooks/242930,OTHER
766,https://archives.novascotia.ca/mikmaq/exhibit/archives/?ID=27,EDUCATION
767,https://archives.uslhs.org/general/showObjects/8873,ECOMMERCE
768,https://archives.uslhs.org/people/george-l-gillespie,EDUCATION
769,https://archivo.dbpedia.org/info?o=http://purl.obolibrary.org/obo/zfa.owl,ECOMMERCE
770,https://arden-entertainment.co.uk/old-vic-tunnels/the-old-vic-tunnels/,OTHER
771,https://ardesignshub.com/?_g=730102,OTHER
772,https://area22indiana.org/meetings/house-of-hope-2/,OTHER
773,https://area360.uk/postcode/CV239BL,NEWS
774,https://area360.uk/postcode/DY138BH,OTHER
776,https://arena80.co.uk/2016/10/16/get-to-knowpaul-hebden/,OTHER
777,https://arg.wordpress.org/plugins/add-html-extension-to-pages/,TECHNICAL
779,https://arlingtonstrategy.com/the-nature-of-retail-in-india/img_0422/,BLOG
780,https://armortechepoxy.com/inc/sdetail/azure/216/,ECOMMERCE
781,https://armortechepoxy.com/inc/sdetail/full-broadcast-polyaspartic-flake-garage-floor-kit--covers-up-to-1800-sq--ft-/232/,ECOMMERCE
783,https://arrobajuarez.com/which-of-the-following-statements-about-ofac-is-not-correct,OTHER
784,https://art.msu.edu/2020/03/02/student-artwork-awarded-displayed-at-lansing-art-gallery-2/,ECOMMERCE
787,https://artfullyila.blogspot.com/2008/05/blog-candy-birthday-celebration.html?showComment=1210052760000,BLOG
788,https://artic-blonde-creations.blogspot.com/2011/02/tag-tuesday-postcards.html?showComment=1299139428105,BLOG
789,https://articleconsult.com/custom-printed-food-boxes-packaging-wholesale-custom-options/,ECOMMERCE
790,https://articles.listnr.com/sport/cricket/scott-boland-walks-through-his-6-7-wicket-by-wicket-with-howie/,NEWS
791,https://artistcraftsman.com/amsterdam-acrylic-ink-6-color-set/,ECOMMERCE
792,https://artists.beautifulbizarre.net/category/photography/self-portraiture/,BLOG
793,https://artkarel.com/tag/silk-road/,BLOG
794,https://artlabel.ca/size/12x35/,BLOG
795,https://artrussiafair.com/en/speakers/2025/163/,OTHER
796,https://artsdigestjapan.com/archive/date/2025-10-15,NEWS
797,https://artsuppliescastlemaine.com.au/prismacolor-mkr-warm-grey-50-103/,ECOMMERCE
798,https://artwethereyet.com/blog/13-top-wild-camping-spots-in-alaska-guide-van-rv/,BLOG
801,https://as.wordpress.org/plugins/guestchat-bot/,TECHNICAL
802,https://ashespub.com/effective-interracial-marriages/,BLOG
804,https://asianseemandhar.com/product/plus-stamperaddress-stamp-size-63mm-x-23mm-50-nos/,ECOMMERCE
806,https://askboschbestbuy.com/product-category/industrial-style-ranges/,ECOMMERCE
807,https://askflagler.com/tag/david-alfin/page/2/,NEWS
808,https://askhrgreen.org/gtk-gtd/reducing-paper-waste/,EDUCATION
810,https://asokahandagama.com/index_php/2022/01/15/advantages-and-disadvantages-of-online-slots-2/,BLOG
811,https://aspace.library.wmich.edu/repositories/3/resources/201/inventory?&page=29,OTHER
813,https://asslbarbados.com/portfolio-item/a-blast-from-the-past-176/,BLOG
814,https://astatools.co.uk/product/pz3-pozidrive-screwdriver-8mm-metric-magnetic-tip-mounted-in-entire-handle-150mm-2/,ECOMMERCE
815,https://astheinkdries.com/2013/01/oh-hello-and-a-designer-builder-brad/,BLOG
818,https://atarimax.com/flashcart/forum/viewtopic.php?f=5&p=14938&sid=1012d97756012bbdb820ece4209d332c,FORUM/DISCUSSION
819,https://atc911.org/about-answering-the-call-911/,OTHER
820,https://atelier-chioh.com/,OTHER
821,https://athletics.marisths.org/boys-golf.html,OTHER
822,https://atlas-repropaperwork.com/product-tag/ration/?product_orderby=name&product_count=24&product_order=desc&product_view=list,ECOMMERCE
823,https://atlasofms.org/chart/seychelles/disease-modifying-treatments/barriers-to-accessing-dmts,EDUCATION
824,https://atlassian.reaktivdev.com/archives/video_agile_wit,BLOG
826,https://atp-instrumentation.co.uk/locosc/c2c_capacity-1000kg_x_0_2kg-2000kg_x_0_5kg,ECOMMERCE
827,https://atpcservicesltd.co.uk/product/trench-cover-board-1-2x0-8m-swl-2t/,ECOMMERCE
828,https://atpi.eventsair.com/QuickEventWebsitePortal/obdp-2021/website/ExtraContent/ContentSubPage?page=4&subPage=1,OTHER
829,https://atraverslesport.com/2023/09/10/dog-always-offers-his-favorite-toy-whenever-he-hears-his-new-baby-crying/,BLOG
830,https://atsameip.com/?domain=showsu.org&sia,OTHER
831,https://attic.apache.org/projects/vxquery.html,TECHNICAL
832,https://attitudeofgratitude.com/,OTHER
833,https://atulitengineering.com/product/m-seal-phataphat-1kg/,ECOMMERCE
835,https://auburndirect.com/,ECOMMERCE
836,https://auburndirect.com/product-category/collections/range-day/,ECOMMERCE
839,https://auction.imkinsky.com/lots/view/1-BK5IQG/emil-barbarini-mhle-am-bach,ECOMMERCE
840,https://auctions.nyshowplace.com/lots/view/4-IX3SQO/al-held-untitled-cubes-lithograph-1969,ECOMMERCE
841,https://aurorawingschallenge.blogspot.com/2014/02/interview-with-lorraine-craig-mackie.html,BLOG
842,https://aussieonlinedeals.com.au/product/midea-60cm-canopy-rangehood-stainless-steel/,ECOMMERCE
843,https://australianwingchunacademy.com.au/shop-2/cart/,ECOMMERCE
844,https://auto.hindustantimes.com/citroen-cars/c3/offers-in-raipur,ECOMMERCE
846,https://automation-management.ideas.ibm.com/ideas/TARPRO-I-351,OTHER
847,https://automation.honeywell.com/fr/fr/products/personal-protective-equipment/first-responder-gear/hoods,EDUCATION
848,https://autopics.com.au/93864-peter-brock-head-shot-bathurst-1993-photographer-ray-simpson/,ECOMMERCE
849,https://autoscandia.com/pre-owned/,ECOMMERCE
850,https://autosound.com/shop/category/remote-starters/,ECOMMERCE
852,https://avada.com/portfolio_category/logo/page/2/,OTHER
853,https://availablejobs.cu-fc.com/jobs/pharmiweb-jobs/em-Pharmiweb/,ECOMMERCE
854,https://ave-cornerprinting.com/tag/yves-tumor/,OTHER
855,https://aventurebox.com/explore/adventure/zip-line/?&order=views&item=video,OTHER
858,https://aviationnepal.com/nac-starts-using-aviation-resource-management-system-arms-software/,OTHER
860,https://avoloshop.com/product/sbd-kmanor-kaner-plag-srbn-surksha-kaner-plag-sbdrodhee-kaner-plag-sanntarer-jnz-kaner-plag,ECOMMERCE
861,https://avp.fandom.com/wiki/Ovomorph_(Praetomorph),BLOG
862,https://avstaffingsolutions.com/services/,ECOMMERCE
863,https://awards.creativechild.com/product/4790-lets-get-ready-for-kindergarten-learning-kit,ECOMMERCE
864,https://awards.journalists.org/2018/09/16/2018-online-journalism-awards-winners/,NEWS
865,https://awards.untappd.com/beers/533596/,EDUCATION
866,https://awarenessideas.com/the-impact-of-fintech-on-cybersecurity-in-banking-strengthening-defenses-in-a-digital-era/,EDUCATION
867,https://axiasl.com/index.php/2022/04/05/which-there-is-no-doubt-that-existentialists/,BLOG
869,https://aychinaca.com/product-tag/sacred-heart/,ECOMMERCE
872,https://aziccardi.zenfolio.com/p436364342/h810F2F21,OTHER
873,https://azpreps365.com/2011/teams/golf-fall-boys/3808-arcadia/36068-varsity,OTHER
874,https://azure.microsoft.com/sv-se/updates?id=maintenance-control-for-platform-updates-now-generally-available,ECOMMERCE
876,https://b8homeremodeling.com/kuinka-pelata-vastuullisesti-parhaissa-uusissa-nettikasinoissa/,BLOG
879,https://backlinks.99freepsd.com/what-is-the-policy-through-expedia-2/,OTHER
880,https://backpacktraveler.qodeinteractive.com/2018/08/page/2/,BLOG
881,https://backstageviral.com/category/sports/,NEWS
882,https://backyarddesignusa.com/product/yamaha-yz-125/?attribute_pa_baujahr=2022&attribute_pa_design=maverick-en&attribute_pa_plastikteile=standard-en&preset=1174899,ECOMMERCE
883,https://badphilosophy.com/tag/kaballah/,OTHER
884,https://bahamianista.com/tag/holiday/,BLOG
885,https://baheth.ieasybooks.com/en/media/%D8%A7%D9%84%D9%85%D8%AC%D9%84%D8%B3-2-%D9%85%D9%86-%D8%B4%D8%B1%D8%AD-%D8%A7%D9%84%D9%84%D9%88%D8%A7%D9%85%D8%B9-%D9%85%D9%86-%D8%A7%D9%84%D9%83%D9%84%D9%85-%D8%A7%D9%84%D8%AC%D9%88%D8%A7%D9%85%D8%B9-%D8%A8%D8%B1%D9%86%D8%A7%D9%85%D8%AC-%D8%AA%D8%B9%D9%84%D9%8A%D9%85-%D8%A7%D9%84%D8%AD%D8%AC%D8%A7%D8%AC-1434-%D8%A7%D9%84%D8%B4%D9%8A%D8%AE-%D8%B5%D8%A7%D9%84%D8%AD-%D8%A7%D9%84%D8%B9%D8%B5%D9%8A%D9%85%D9%8A,ECOMMERCE
886,https://bakar365.net/uptown-pokies-australia-485/,ECOMMERCE
889,https://balconyinstallers.co.uk/near-me/kent-chatham/,OTHER
890,https://baletino.org/portfolio/portfolio-ajax/,OTHER
892,https://ballmarker.com/collections/featured-collection,ECOMMERCE
893,https://ballonestar.com/articles/detail/a-tough-situation-for-him-harry-kane-defends-jobe-bellingham,OTHER
894,https://bamboo-directory.com/listings724031/mail-order-marijuana-to-chinatown,FORUM/DISCUSSION
895,https://bamiyansilver.ca/product/mn0471_4/,ECOMMERCE
896,https://bamiyansilver.ca/product/rb050_ank/,ECOMMERCE
897,https://bank-codes-hk.com/iban/bank/hungary/erste-bank-hungary/,OTHER
898,https://bankofsystem.com/shop/audio-technica/microphones-audio-technica/es925ml-ds5-microline-condenser-gooseneck-microphone-with-5-pin-desk-stand-power-module/,ECOMMERCE
899,https://bankpsygirlx.com/discography/gallery-button-3-columns/,ECOMMERCE
900,https://bankwatch.org/tag/conservation,NEWS
902,https://barmusiclive.com/organizer/jordan-gillis/,OTHER
903,https://barnabaspiper.com/page/2,BLOG
904,https://barnowl.mit.edu/browser/libfaim/aim_internal.h?rev=366badc0c70327da4a796c4db041cf1941dbe996&order=date&desc=1,TECHNICAL
905,https://base-kitchens.co.uk/portfolio_cat/morden/,ECOMMERCE
909,https://baseballsavant.mlb.com/gamefeed?gamePk=746808&game_date=2024-04-26,OTHER
912,https://batik-bali.com/experiencing-lunch-at-batik-restaurant-bar-seminyak-bali/whatsapp-image-2018-08-22-at-17-21-14/,BLOG
913,https://bbpress.org/forums/reply/re-bbpress-0-9-0-4-and-1-0-alpha-5-released-40/,TECHNICAL
914,https://bbs.boingboing.net/t/anthrax-sent-by-pentagon-to-u-s-air-force-base-in-south-korea-22-people-may-be-exposed/58651,EDUCATION
915,https://bbs.boingboing.net/t/ultra-thin-usb-powered-light-box/66066,BLOG
916,https://bbs.eoivisa.com/topic/5595/%E6%94%B6%E5%88%B0csq%E5%90%8E%E8%B5%B0%E9%AD%81%E7%9C%81%E6%8A%80%E6%9C%AF%E4%BA%BA%E6%89%8D%E7%94%B3%E8%AF%B7pr-%E7%94%B3%E8%AF%B7%E6%8F%90%E4%BA%A4%E4%B8%A4%E6%9C%88%E5%90%8E%E8%BF%98%E6%B2%A1%E6%94%B6%E5%88%B0aor,OTHER
917,https://bcacc.ca/counsellors/f/mod-Play%20Therapy/,NEWS
921,https://bdq.ca/cyberpeace-institute/,OTHER
923,https://beachtimefun.com/surfers-supplies/,ECOMMERCE
924,https://beadedtail.blogspot.com/2012/01/friday-features.html?showComment=1325857443489,BLOG
925,https://beamngdrivemods.com/beamng-rolls-royce-phantom-2018/,BLOG
926,https://beatwithhook.com/the-ultimate-reverb-the-seventh-heaven-by-liquidsonics/,BLOG
927,https://beavercreekwellness.com/004-its-a-hygge-holiday-how-this-danish-practice-can-boost-your-mood-with-cody-cox,ECOMMERCE
928,https://beckenhamhistory.co.uk/blair/,FORUM/DISCUSSION
929,https://becomeacouponqueen.com/cherry-dump-cake/,BLOG
930,https://becoolbabies.com/en/content/38-accessibility-statement,ECOMMERCE
931,https://beghelliusa.com/product-category/lighting/lighting-discontinued/,ECOMMERCE
933,https://beinginactioncoaching.com/the-future-of-work-how-automation-is-reshaping-careers/,BLOG
934,https://beintheloopchicago.com/?p=18507,BLOG
935,https://believersbookshop.co.uk/product/identification-pb-e-w-kenyon/,ECOMMERCE
937,https://bellatlas.umn.edu/collections/misc/collprofiles.php?collid=33&stat=taxonomy&family=Nyctaginaceae,EDUCATION
938,https://belliata.com/nail-salons/san-tan-valley-az/copper-basin-c8-d15892,ECOMMERCE
939,https://bellroadbarn.org/sweater-weather-bingo/,BLOG
940,https://belovedyoga.cowtinker.com/om/watchclass/Sl0k0G6iv2ZFk3XEeVJaeQPDWKwIstIl3DBFPgWoDkJVHJFTYWm3_06bJV9rBDKzQbKXwht1@0IsoDpUGpnPJgBGB5Ej7@UPmM0JxrcKfP5o6v5xLeyKPFOfPqF8Qb1fPKZ6D3ljtU_7UIpxvGW3cg==,ECOMMERCE
941,https://bemyval.com/tag/cryptocurrencies/,BLOG
943,https://benidorm.org/en/news/city-council-and-telpark-offer-free-electric-vehicle-charging-three-benidorm-car-parks,GOVERNMENT
944,https://benjaminjtravel.com/homepage-bjt-the-pier-hong-kong/,BLOG
945,"https://benny.aeaweb.org/joe/listing.php?JOE_ID=2014-02_111451686&q=eNplj91qAkEMhd8l1xa20t74XDCC0HcIcSZdx8bMkswqi_juTcWRgndcJ9_Jz8kVvoq3oqNvq51gc4WiSKmVM8NGZ5EV_PByqZbRmSwdOnWOpqq9PLJ0WdznGIb18P7xNqxhBdXKWJRk9-KkOmuzBY3Hf8uczpzxu0pm8w4TaS6ZGqNcJ6PTXp4BjRNrw6qydCSPpzCCs-E-jHgsWJv_UiPFbZmmoJ9DyInGey643X4B32teTA,,",FORUM/DISCUSSION
946,https://benswindowtints.com/25-reasons-to-give-ceramic-coating-as-christmas-gift/,ECOMMERCE
947,https://bepbackoffice.com/blog/data-analytics-in-restaurants/,BLOG
948,https://beratung.com.au/blog/security/cisco-issues-urgent-fixes-for-sd-wan-router-flaws/,ECOMMERCE
950,https://berberrugexpress.com/index.php/product/green-moroccan-pillow-12-5-x-12-9-inches/,ECOMMERCE
951,https://berenger.42borgata.com/tag/rendering/,TECHNICAL
952,https://berniesiegelmd.com/feelings-2/,ECOMMERCE
955,https://bestbarnone.ca/industry,GOVERNMENT
956,https://bestcryptoexchange.com/bitfinex-files-a-lawsuit-against-wells-fargo-for-refusing-outbound-wire-transfers/,NEWS
958,https://bestmoneymakingways.com/tennessee-lawmakers-pass-bill-requiring-public-schools-to-show-ai-video-on-fetus/,NEWS
961,https://besttile.com/tile-collections/natural-stone?q=filter&sf=&cf=Red&ts=8+Inch&ty=Mosaic+Tile,ECOMMERCE
970,https://beyondlabelreads.com/blog-post197,OTHER
972,https://bg.boardgamearena.com/gamepanel?game=railwaysoftheworld,ECOMMERCE
973,https://bg.eos-solutions.com/en/annual-report/2023-24/sustainability-report/,EDUCATION
974,https://bgproducts.com/product/m4-hex-nut-00000013002-bg/,ECOMMERCE
975,https://bhcr.org.uk/team_member/sascha-cooper/,NEWS
976,https://bhhsselectstl.com/il-real-estate/62046/basement,OTHER
977,https://bhnps.vic.edu.au/upschool/guest-contributors/building-your-childs-self-esteem/,BLOG
979,https://bible.usccb.org/bible/romans/8?35,BLOG
980,https://biblehub.com/commentaries/nehemiah/11-25.htm,BLOG
981,https://biblio.verbrannte-orte.de/cgi-bin/koha/opac-search.pl?idx=callnum&q=Ky,EDUCATION
983,https://bichitracomputer.com/tag/what-do-the-different-colour-waves-mean-on-houseparty/,ECOMMERCE
985,https://bidlight.com/articles/how-bim-can-improve-safety-on-construction-sites,OTHER
986,https://bignoseracing.com/shock-set/kawasaki/,ECOMMERCE
987,https://bijoux-discount.net/en/21-fashion-necklaces-women,ECOMMERCE
988,https://bikesnobnyc.blogspot.com/2012/06/bsnyc-friday-fun-ckwiz.html?showComment=1341344029860,EDUCATION
989,https://bikingbirder2016.blogspot.com/2016/01/4th-january-2016-to-slimbridge.html,BLOG
990,https://bikingbirder2016.blogspot.com/2016/03/kings-lynn-to-boston.html,BLOG
994,https://binraz.com/2024/10/21/opening-balance-equity-account-explained-in-detail/,ECOMMERCE
995,https://bioauxilium.com/bioauxilium-stimulation-phospho-nf-kb-hela-cells-2/,EDUCATION
996,https://bioauxilium.com/resources/bioauxilium-phospho-p70-s6k-t389-technical-data-sheet/,OTHER
997,https://biographyfilms.com/?videohub=abdominoplasty-patient,OTHER
998,https://bioluxgmbh.com/product-tag/how-to-use-a-smoker-box-on-a-charcoal-grill/,ECOMMERCE
1002,https://birdyroom.com/product/fox-raccoon-owl-christmas-sherpa-fleece-blanket/,ECOMMERCE
1003,https://birminghamalabamadailyphoto.blogspot.com/2015/04/amazing-evening.html?showComment=1428864668512,BLOG
1004,https://bisonlife.com/hearing-protection?yith_wcan=1,ECOMMERCE
1005,https://bistatedevelopers.com/how-to-secure-government-funding-for-off-grid-ev-charging-in-5-steps-2/,GOVERNMENT
1006,https://bitinfocharts.com/pl/iex.ec/,NEWS
1008,https://biz.colostate.edu/about/directory/colostate-c836904930,EDUCATION
1010,https://blackharepress.com/blogs/dark-moments/alive-in-the-jungle,ECOMMERCE
1012,https://blackpigbooks.com/book/381493134/&at=11lru7,ECOMMERCE
1013,https://blaremedia.net/video-production/high-point-nc/,OTHER
1014,https://blcfairport.org/holy-week/lent-2024-header-3/,OTHER
1015,https://blendswap.com/blends/tag/LordoftheRings,ECOMMERCE
1016,https://blog.alltechit.com/understanding-security-surveillance/buying-the-best-security-camera-when-you-want-high-quality/,OTHER
1017,https://blog.altosresearch.com/tag/real-estate-marketing/page/0,OTHER
1019,https://blog.bittorrent.com/tag/web-developer/,TECHNICAL
1020,https://blog.colonialacres.com/category/royal-canadian-mint/page/4/,BLOG
1021,https://blog.concertkatie.com/2014/09/26,BLOG
1022,https://blog.crosssailing.com/2013/07/,BLOG
1023,https://blog.cruisefashion.com/post/Stone-Island-Polypropylene-Denim,BLOG
1024,https://blog.daniellaondesign.com/p/kengo-kuma-point-line-plane,BLOG
1025,https://blog.embertribe.com/topic/lead-generation,OTHER
1026,https://blog.fandeavor.com/category/sports/nascar/,BLOG
1027,https://blog.ferrovial.com/en/author/ignaciovalcarcel/,BLOG
1028,https://blog.foreignadmits.com/all-about-mim-abroad/,EDUCATION
1029,https://blog.fullyalivephotography.com/tag/2020/,OTHER
1031,https://blog.herzing.ca/meet-marilyn-legal-studies-instructor-honoured-for-excellence,EDUCATION
1032,https://blog.herzing.ca/student-support-services-a-word-about-history,EDUCATION
1033,https://blog.housingnepal.com/2020/05/full-furnished-flat-in-rent-sukedhara.html,NEWS
1035,https://blog.johnhartrealestate.com/2025/03/absorption-rate-analysis-february-2025-things-are-looking-up-for-home-sellers-way-up/?utm_source=rss&utm_medium=rss&utm_campaign=absorption-rate-analysis-february-2025-things-are-looking-up-for-home-sellers-way-up,BLOG
1036,https://blog.k8oms.net/2016/11/sacholidayvideo.html,BLOG
1039,https://blog.quixess.com/how-to-start-an-online-store-without-inventory/,BLOG
1040,https://blog.regencyfurniture.com/2019/04/baskets-of-joy-top-tips-for-creating-your-own-easter-basket/,BLOG
1041,https://blog.sakura.co/blog/tag/multigrain-tea/,ECOMMERCE
1045,https://blog.votacall.com/broker-dealer-record-keeping-requirements,BLOG
1046,https://blogosm.com/Cardio-Classes-Dubai,BLOG
1047,https://blogosm.com/the-perfect-sportswear-line-the-role-of-fabric-manufacturers,BLOG
1048,https://blogs.bmj.com/bmj/2019/12/02/being-more-open-might-have-helped-me-feel-less-isolated-after-a-miscarriage/,BLOG
1049,https://blogs.bournemouth.ac.uk/research/tag/rim/,EDUCATION
1050,https://blogs.dal.ca/earthsciences/2019/01/,EDUCATION
1051,https://blogs.edf.org/climate411/2025/11/21/how-to-make-the-data-center-buildout-in-north-carolina-cleaner-cheaper-and-more-predictable/,BLOG
1052,https://blogs.loc.gov/law/category/interview/page/4/?gcd=2014page%2F2,BLOG
1056,https://blueberry-park.blogspot.com/2013/06/giveaway-time.html?showComment=1371275171804,BLOG
1058,https://bluefeatherevents.uk/contact-us,OTHER
1059,https://bluemess.com/the-ultimate-guide-to-ixora-flowers/,EDUCATION
1060,https://blueprints.launchpad.net/ubuntu/lunar/s390x/libtinfo6,TECHNICAL
1061,https://blueridgeconservation.org/ligi-nestlings-find-55-species-including-two-life-birds/,BLOG
1062,https://bluewatertrailers.ca/inventory?id=15047,ECOMMERCE
1063,https://bmapa.org/downloads/videos.php,TECHNICAL
1064,https://board-en.drakensang.com/proxy.php?link=https://knows.sbs/domain/domain/part/02-03-2025-44/,FORUM/DISCUSSION
1065,https://bobeatz.com/bobeatz.com/bobeatz.com/account/faves,ECOMMERCE
1066,https://bobg.ca/blog.html/new-property-listed-in-zone-08-edmonton-5357698,BLOG
1068,https://bobtisdale.blogspot.com/2011/03/sea-surface-temperature-anomalies-east.html?showComment=1299453315704,BLOG
1073,https://bookfrankfurthotels.com/de/frankfurt-main/frankfurt-north-district.html,ECOMMERCE
1074,https://booking.valdisere.com/4-rooms-6-pers-semaine-6-personnes.html,ECOMMERCE
1075,https://bookingkit.com/blog/improve-capacity-utilization-boost-profits-flexible-pricing/,BLOG
1076,https://bookishandspice.com.au/blogs/news/style-the-new-legends-of-thezmarr-collection-with-me,ECOMMERCE
1077,https://bookmark-nation.com/story20435227/boost-your-seo-with-powerful-web-2-0-profile-backlinks,FORUM/DISCUSSION
1078,https://bookmark-nation.com/story20448559/whipped-cream-chargers-your-ultimate-guide-to-n2o-chargers,FORUM/DISCUSSION
1079,https://bookmark-nation.com/story20453774/considerations-to-know-about-login-aerontogel,FORUM/DISCUSSION
1080,https://bookmarkbells.com/story20672075/financial-advisor-no-further-a-mystery,FORUM/DISCUSSION
1081,https://bookmarkdistrict.com/story20295315/not-known-facts-about-chimney-and-fireplace-repair,FORUM/DISCUSSION
1082,https://bookmarkingquest.com/story20539309/a-deep-dive-into-the-rhythm-of-house-music-s-rhythm,FORUM/DISCUSSION
1083,https://bookmarklinking.com/story8902416/everything-about-quick-loan-lenders,FORUM/DISCUSSION
1084,https://bookmarkpressure.com/story20525126/rocket-appartamento-nera-the-ultimate-manual-control-espresso-machine-for-connoisseurs,FORUM/DISCUSSION
1085,https://bookmarks4seo.com/story18972779/exactly-why-building-a-healthy-routine-is-crucial,FORUM/DISCUSSION
1086,https://bookmarktiger.com/story20516874/experience-the-fun-of-playing-at-juicyvegas-today,FORUM/DISCUSSION
1087,https://bookmarktiger.com/story20522014/secure-hydrocodone-respectfully-online,FORUM/DISCUSSION
1088,https://books.telegraph.co.uk/Search?productType=0&Author=Xavier+Aldana+Reyes,ECOMMERCE
1089,https://booksy.com/en-gb/74017_erne-aesthetics-piercing-studio-enniskillen_aesthetic-medicine_25535_united-kingdom,ECOMMERCE
1090,https://bookworm1858.blogspot.com/2011/02/delirium.html,BLOG
1091,https://borderwatch.com.au/news/2022/03/08/upgrading-the-princes-highway/,NEWS
1092,https://boringssl.googlesource.com/boringssl/+/97322b29e8ca116263e278f6025cee7818ae63e2/crypto/bcm_support.h,TECHNICAL
1093,https://bos.us.packages.macports.org/ota/,TECHNICAL
1095,https://bossybootsdesigns.com/products/grinch-middle-finger-vent-clips,ECOMMERCE
1097,https://boutique.semageek.com/fr/279-5x-cable-grove-universel-4-pins-50-cm-3002062812284.html,ECOMMERCE
1099,https://boyactors.org.uk/movie.php?ref=5355,OTHER
1100,https://br.thermaltake.com/products/chassis/super-tower-and-full-tower-chassis.html?chassis_fan_support=75&chassis_lighting_effect=69&chassis_mb_support=9&chassis_radiator_support=82&chassis_series=49&chassis_with_power=143,ECOMMERCE
1101,https://brateisa.com/producto/amd-procesador-ryzen-9-3900x-3-8ghz-ddr4-1000000023/,ECOMMERCE
1102,https://breakfastatsaks.blogspot.com/2011/03/house-of-guitars.html?showComment=1299240905814,BLOG
1104,https://brewminate.com/americans-favor-mental-tests-and-age-limits-for-politicians/,NEWS
1105,https://brewminate.com/feudalism-and-political-corruption-in-the-early-and-high-medieval-holy-roman-empire/,BLOG
1107,https://bridwell.omeka.net/items/browse?advanced%5B0%5D%5Belement_id%5D=44&advanced%5B0%5D%5Btype%5D=is+exactly&advanced%5B0%5D%5Bterms%5D=English%2C+German,EDUCATION
1108,https://brief.aixr.org/p/metas-oculus-shake-up-fords-ar-drive/comments,TECHNICAL
1109,https://briefs.techconnect.org/paper_affiliation/sogang-univerisity/,EDUCATION
1110,https://briefs.techconnect.org/paper_author/abdellaoui-a/,EDUCATION
1112,https://brighter-productions.com/,ECOMMERCE
1116,https://britanniatech.co.uk/google-phone-repair/,ECOMMERCE
1117,https://britastro.org/video/a-a-c-eliot-merlin,EDUCATION
1118,https://brittanybishopphotography.com/tag/appleton-museum-ocala-florida/,BLOG
1119,https://brownsfurnitureofsumter.com/bedroom/bedroom-furniture/beds-headboards-footboards-canopy-frames-rails/liberty-furniture-industries/300BR11HU,ECOMMERCE
1121,https://bryancampbell.com/tag/requirements/,BLOG
1123,https://bubbkuyper.com/index.php?option=com_virtuemart&view=category&virtuemart_category_id=455&Itemid=193&limitstart=60&limit=20&abcveilingnr=79&virtuemart_category_id=455&Itemid=193,ECOMMERCE
1124,https://bubblegoods.com/products/sazon-latin-all-purpose-seasoning,ECOMMERCE
1125,https://budgeting-worksheets.com/make-a-budget-worksheet-free/free-and-customizable-budget-templates-throughout-make-a-budget-worksheet-free-2/,OTHER
1126,https://budgetlightforum.com/t/i-cant-wait-to-get-my-sky-ray-stl-v2/7579,FORUM/DISCUSSION
1127,https://bugs.dragonflybsd.org/issues?page=12&per_page=25&sort=status%2Ctracker%3Adesc%2Cupdated_on%3Adesc,TECHNICAL
1128,https://bugs.launchpad.net/ubuntu/+source/node-json-stable-stringify/+bugs,TECHNICAL
1130,https://builtpropainting.com/contact/,ECOMMERCE
1131,https://bulagunsandliberty.com/red-dot-optics/,ECOMMERCE
1132,https://bulagunsandliberty.com/services/,ECOMMERCE
1133,https://bulgariaprize.com/lottery/lottery-06-feb-2025/,OTHER
1134,https://bullranch.com/women/styles/fashion/,ECOMMERCE
1135,https://bundler.rubygems.org/gems/docker-api/versions/2.0.0?locale=zh-CN,TECHNICAL
1136,https://bura.brunel.ac.uk/handle/2438/58/simple-search?query=&sort_by=score&order=desc&rpp=10&filter_field_1=subject&filter_type_1=equals&filter_value_1=Microfluidics&filter_field_2=author&filter_type_2=equals&filter_value_2=Rasponi%2C+M&filter_field_3=subject&filter_type_3=equals&filter_value_3=CFU-GM&filter_field_4=author&filter_type_4=equals&filter_value_4=Cocce%2C+V&filter_field_5=author&filter_type_5=equals&filter_value_5=4th+Micro+and+Nano+Flows+Conference+%28MNF2014%29&filter_field_6=author&filter_type_6=equals&filter_value_6=Redaelli%2C+A&filter_field_7=author&filter_type_7=equals&filter_value_7=Gazaneo%2C+A&filter_field_8=subject&filter_type_8=equals&filter_value_8=Clonogenic+test&filter_field_9=subject&filter_type_9=equals&filter_value_9=CBMNC&filter_field_10=author&filter_type_10=equals&filter_value_10=Cavicchini%2C+L&filter_field_11=dateIssued&filter_type_11=equals&filter_value_11=2014&filter_field_12=author&filter_type_12=equals&filter_value_12=Occhetta%2C+P&filter_field_13=author&filter_type_13=equals&filter_value_13=Pessina%2C+A&etal=0&filtername=subject&filterquery=Lab-on-Chip&filtertype=equals,EDUCATION
1137,https://burlingtonairporttaxi.ca/vehica_template/seller-page-templates/,OTHER
1138,https://burnt-store-marina-33966-5-14.image-perth.org/rental-homes-management-fort-myers-lease-renewal-strategies,OTHER
1139,https://bushchookrvleisure.com.au/product/gripsport-trike-rack-with-number-plate-and-light-assembly/,ECOMMERCE
1140,https://business.glaaacc.org/list/member/vader-air-conditioning-heating-621.htm,OTHER
1141,https://business.minstercommunitypost.com/minstercommunitypost/article/gnwcq-2025-1-30-grayscale-launches-grayscale-bitcoin-miners-etf-ticker-mnrs,NEWS
1142,https://business.observernewsonline.com/observernewsonline/article/stockstory-2025-9-26-3-reasons-aiz-is-risky-and-1-stock-to-buy-instead,NEWS
1143,https://business.saukprairie.com/list/category/hearing-aids-1105,OTHER
1144,https://businessplanwriting.co.uk/business-plan-writing-services-in-liverpool/,OTHER
1145,https://butcombe.com/hotels/berkshire/christmas/,OTHER
1146,https://buy.hpe.com/emea_africa/en/services-support/technology-services/hardware-software-combo-support-service/hpe-aruba-networking-foundational-care-exchange-service/hpe-aruba-networking-foundational-care-1y-nbd-exch-1620-switch-svc/p/u7yg7e,ECOMMERCE
1147,https://buyspainpropertiessl.net/property-status/land-for-sale/,OTHER
1148,https://buzzsocial.uk/product/10000-tk-f-pack/,ECOMMERCE
1149,https://buzztum.com/how-does-ben-stace-do-semantic-seo/,NEWS
1150,https://bwinvestmentgroup.com/the-path-to-optimal-passive-investment-opportunities-a-comprehensive-guide-for-multifamily-investors/,OTHER
1152,https://bytesandlogic.com/mode-of-class/remote-class-session/,EDUCATION
1154,https://ca-dividend-investor.blogspot.com/2012/05/tmc-class-mortgage-investment.html,ECOMMERCE
1158,https://ca.marketscreener.com/quote/stock/SSAB-AB-6491386/company-network/,OTHER
1159,https://ca.wordpress.org/plugins/tags/subscription/page/4/,BLOG
1160,https://cableplowing.com/locations/cable-plowing-city-services/syracuse-new-york-cable-plowing/,OTHER
1161,https://cahpo.com/project/cahpo-is-committed-towards-creating-a-prosperous-community-in-afghanistan/,NEWS
1162,https://cakewrecks.blogspot.com/2010/07/national-canada-day.html?showComment=1278003850321,BLOG
1163,https://calawyers.org/events/category/trusts-estates/summary/?eventDisplay=past,OTHER
1164,https://calendar.libraryweb.org/event/15850750,OTHER
1165,https://calvarycrystalriver.com/home-fellowships,OTHER
1166,https://cambridgesouthhockeyclub.co.uk/blog/tags/testimonial/,BLOG
1167,https://camcaps.io/videos?o=tr,OTHER
1168,https://camden.spydus.co.uk/cgi-bin/spydus.exe/ENQ/WPAC/BIBENQ?SETLVL=&BRN=7405739,EDUCATION
1169,https://campusa.com/resort/canandaigua,OTHER
1170,"https://campusstore.appstate.edu/apparel/classics/app-appalachian-state/color/Black,White",ECOMMERCE
1171,https://canadaindiaresearch.ca/news-category/profiles,EDUCATION
1172,https://canadazi.com/tag/%D9%86%D8%B8%D8%A7%D9%85-pgwp-%D8%A7%D9%84%D8%AC%D8%AF%D9%8A%D8%AF-2024/,OTHER
1173,https://canadian-mum-dahlia-society.com/products/angela-dodi,ECOMMERCE
1174,https://canadians.org/analysis/update-council-team-departs-ceta-intervention-brussels/,OTHER
1175,https://canarianlegalalliance.com/2017/05/,BLOG
1176,https://canberra.naturemapr.org/sightings/4560305,EDUCATION
1177,https://canchild.ca/document/fcs-sheet-2-myths-about-family-centred-service/,EDUCATION
1181,https://cansc.ca/volunteer/,EDUCATION
1182,https://canucksaggr.com/stories/93524/canucks-major-decision-could-wait-much-longer,NEWS
1183,https://caothuesport84.com/forums/reply/18241/,BLOG
1184,https://capcityfreepress.blogspot.com/2017/01/cassidy-collins-aca-replacement-plan.html,BLOG
1187,https://capsuleshanghai.com/exhibitions/47-tian-jianxin-vessel-of-faces/press/,OTHER
1188,https://caravanevent.com/,BLOG
1189,https://careandsupportjobs.co.uk/cities/jobs-in-bromsgrove/,OTHER
1191,https://carecompasslms.hwapps.org/course_credit_type/certificate/,OTHER
1192,https://careemarketing.weebly.com/,OTHER
1193,https://career.50hertz.com/offer/electrical-engineer-cable-technolog/9f9d770a-16d8-49ca-bd78-faf0806d23ac,OTHER
1194,https://careerandleadership.unc.edu/category/resource-updates/firsthand/page/7/,OTHER
1195,https://careers.ayrshirehospice.org/,BLOG
1196,https://careers.icrc.org/content/Weapon-contamination/icrc.org/en/document/go/Communication/3807501/go/Human-Resources/3808401/go/ICRC-Delegate/3808101/go/Economic-and-Food-Security/3807801/go/Tracing-agency-and-protection/3809001/go/ICRC-Delegate/3808101/go/Human-Resources/3808401/go/Economic-and-Food-Security/3807801/,OTHER
1197,https://careers.paltc.org/profiles/1039377/section-6,OTHER
1198,https://careers.rnsnurse.org/jobs/21236217/anesthesiologist-asst-round-rock,OTHER
1199,https://careers.tvmanet.org/jobs/20777135/licensed-veterinary-technician-lvt-ii-cornell-ruffian-equine-specialists,OTHER
1200,https://careerspain.autoliv.com/connect/login?return_to_url=%2Fconnect%2Fprofile%2Fsettings,BLOG
1201,https://caregivercollege.ca/mod/page/view.php?id=76&forceview=1,EDUCATION
1202,https://caribi.uk/?_g=1619946&product-page=3,ECOMMERCE
1203,https://caribi.uk/?_g=67219&product-page=6,ECOMMERCE
1204,https://carlinktyres.com.au/?o=2409872,ECOMMERCE
1205,https://carlisleschools.ss13.sharpschool.com/our_district/facilities_and_maintenance/solar_power___energy_conservation,EDUCATION
1206,https://carlsberggroup.com/newsroom/upgrade-of-2020-earning-expectations/,NEWS
1207,https://carolinalifechiro.com/symptoms/arthritis/,OTHER
1208,https://caroljmichel.com/springtime-panic/,BLOG
1209,https://caroljmichel.com/tag/summer/,BLOG
1210,https://carpet-rug.org/spot-solver/smoke/,OTHER
1212,https://carrolltonga.com/events/category/holiday/day/2025-11-12/,GOVERNMENT
1213,https://cascoloursandsketches.blogspot.com/2016/12/seasons-greetings.html?m=0,BLOG
1214,https://casecheckout.com/chinas-national-oil-companies-restructuring-the-three-dragons-4/,OTHER
1217,https://cassiejblog.com/diy-terracotta-bunnies/,BLOG
1218,https://castle.fandom.com/wiki/Meredith?action=history,OTHER
1219,https://castlekeepnewport.com/properties/30-east-bowery-street-newport-residential-lease-2/,OTHER
1220,https://catalog.2seasagency.com/book/deep-past/deep-past/,OTHER
1221,https://catalog.middlebury.edu/offerings/view/section-202190-91510,EDUCATION
1222,https://catalog.middlebury.edu/offerings/view/section-202490-91658,EDUCATION
1223,https://catalog.slcpl.org/search/title.aspx?&pos=1&cn=1000937,OTHER
1224,https://catalog.utica.edu/preview_course_nopop.php?catoid=55&coid=75496,EDUCATION
1226,https://catalogtest.library.loudoun.gov/?section=resource&resourceid=1617805831,EDUCATION
1227,https://catalogue.cbcity.nsw.gov.au/libero/WebOpac.cls?VERSION=2&ACTION=DEFAULTPAGE&RSN=&DATA=DBK&TOKEN=UHNspIPtBE4058&Z=1&NewBreadCrumb=1,EDUCATION
1228,https://catalogue.etoncollege.com/sch-m-08-01-04,EDUCATION
1229,https://catering.eataly.com/items/category/an-italian-breakfast?returnurl=%2Fitems%2Ffolder%2Fbeverages%3Freturnurl%3D%252Fitems%252Fcategory%252Fsalads-pasta%253Freturnurl%253D%25252Fitems%25252Fcategory%25252Fgelato%25253Freturnurl%25253D%2525252Fitems%2525252Fcategory%2525252Fpastry-desserts%2525253Freturnurl%2525253D%252525252Fitems%252525252Fcategory%252525252Fentrees%252525253Freturnurl%252525253D%25252525252Fitems%25252525252Fcategory%25252525252Fgelato%25252525253Freturnurl%25252525253D%2525252525252Fitems%2525252525252Fcategory%2525252525252Fan-italian-breakfast%2525252525253Freturnurl%2525252525253D%252525252525252Fitems%252525252525252Fcategory%252525252525252Fgelato%252525252525253Freturnurl%252525252525253D%25252525252525252Fitems%25252525252525252Fcategory%25252525252525252Fparty-starters%25252525252525253Freturnurl%25252525252525253D%2525252525252525252Fitems%2525252525252525252Fcategory%2525252525252525252Fentrees%2525252525252525253Freturnurl%2525252525252525253D%252525252525252525252Fitems%252525252525252525252Fcategory%252525252525252525252Fparty-starters%252525252525252525253Freturnurl%252525252525252525253D%25252525252525252525252Fitems%25252525252525252525252Fcategory%25252525252525252525252Fan-italian-breakfast%25252525252525252525253Freturnurl%25252525252525252525253D%2525252525252525252525252Fitems%2525252525252525252525252Ffolder%2525252525252525252525252Fplatters%2525252525252525252525253Freturnurl%2525252525252525252525253D%252525252525252525252525252F,ECOMMERCE
1230,https://cattleshedcandlecompany.co.uk/,ECOMMERCE
1231,https://causeweb.org/cause/resources/library?field_material_type_tid=98&sort_by=changed&sort_order=DESC&combine=&page=46%2C1709465241,EDUCATION
1232,https://cb-electronics.com/diameter/1-2mm/,ECOMMERCE
1233,https://cbcbooks.org/cbc_book/the-world-to-come/,OTHER
1235,https://ccahv.com/team/scott-dianis/,OTHER
1237,https://ccmixter.org/people/be_polar_2012,OTHER
1241,https://cdllife.com/2012/fmcsa-committee-to-evaluate-driver-training/,OTHER
1242,https://cdn.help.prusa3d.com/product/sl1s-speed/about-your-printer_201,ECOMMERCE
1243,https://ce.snscourseware.org/puzzles.php?cw=CW_68d0228e0fe3f,EDUCATION
1247,https://celeb99.com/taylor-neisen-3-children/,BLOG
1248,https://celg.rutgers.edu/mini-mpa,EDUCATION
1249,https://cellar.org/printthread.php?s=c2b2b9b110ec2efc0368aa2f7ea5040b&t=31850&pp=15&page=134,TECHNICAL
1250,https://cellebrain.com/en/pipeline/,OTHER
1251,https://celtcast.com/pyrolysis-at-middeleeuws-winschoten-fantasy-festival/,ECOMMERCE
1252,https://centralbuckstoday.com/monday-march-3-central-bucks-west-high-school-standout-abby-linemans-college-team-loses-to-st-cloud-state-huskies/,NEWS
1253,https://centraleastontario.cioc.ca/record/MID0174?Number=196,OTHER
1255,https://ceqanet.lci.ca.gov/Project/2007072075,GOVERNMENT
1256,https://ceramland.com/tag/foshan-tangzhou-international-convention-and-exhibition/,EDUCATION
1257,https://certipik.com/universal-parts/,ECOMMERCE
1258,https://cfccreates.com/directory/alumni-residents/?program_link=film-program&program_year=2003&alpha=u,BLOG
1259,https://chaindrugreview.com/amerisourcebergen-taps-diebold-for-rx-equipment-services/,OTHER
1262,https://chantaltetreault.ca/en/blog,OTHER
1265,https://chartwell.com/,OTHER
1266,https://chatsworthdrains.com/plumber-patrol-guarantee-chatsworth.html,OTHER
1267,https://cheapgeek.com.au/computer-repairs-calamvale-4116/,ECOMMERCE
1268,https://cheapnursingwriters.com/fetal-abnormality-2/,EDUCATION
1269,https://checkeredpastmachine.com/products/,OTHER
1271,https://cheerwash.en.made-in-china.com/product-group/zqwGRxylgurc/CL800-1.html,ECOMMERCE
1273,https://cherry-lets.co.uk/starting-your-tenacy,OTHER
1274,https://chessforsharks.co/what-is-a-draw-in-chess/,OTHER
1275,https://chestnutesrogim.com/,OTHER
1276,https://chi.com/shop/categories/hair-care/shampoo-conditioner/shampoo/shinecare-smoothing-shampoo---12-ounces/CHISCSS12.html,ECOMMERCE
1279,https://chimneycareco.com/tag/efficient-heat/,ECOMMERCE
1280,https://china-bike.org/2025/bike-stands-166.html,BLOG
1281,https://chinascientist.net/tag/clinical-microbiology-award/,EDUCATION
1283,https://chisms.net/regine-velasquez-shares-happy-video-made-by-ogie-alcasid/,BLOG
1284,https://choicesupport.org.uk/contact-us/visiting-our-offices/raising-a-concern?token=Mv1c,OTHER
1285,https://choladeck.com/slide-category/resources-and-support,OTHER
1286,https://chordu.com/chords-tabs-junior-h-ella-official-video--id_8Gj8RtE3bOI,OTHER
1287,https://chrisartresource.com/artwork/5051-lipsticks-32x32,ECOMMERCE
1288,https://chrischenny123.com/best-slots-websites-usa-2025-carry-out-online-slots-with-regard-to-real-money/,ECOMMERCE
1289,https://christiancentral.net/tag/verses/,BLOG
1290,https://christmasheirloom.com/style/praying/,ECOMMERCE
1291,https://christyramadge.com/balancing-ambition-with-peace-of-mind-finding-harmony-in-your-business/,BLOG
1292,https://chukudou.com/product/baby-waist-stool-baby-carrier-single-stool-multifunctional/,ECOMMERCE
1293,https://chutestudio.com/about,ECOMMERCE
1294,https://chzsrpwoof.blogspot.com/2015/07/,BLOG
1295,https://cigdemberrett.com/what-happens-in-your-first-session/,BLOG
1297,https://cikmekmolek90.blogspot.com/2020/10/im-back-for-something.html,BLOG
1300,https://cio.economictimes.indiatimes.com/news/enterprise-services-and-applications/modis-app-confirms-made-in-india-iphone/56981191?utm_source=tagListing&utm_medium=tagListing,NEWS
1301,https://cir.nii.ac.jp/crid/1520867510033047424,EDUCATION
1302,https://circuitistereo.com/2024/12/26/,ECOMMERCE
1303,https://cirdap.org/covid-19-worsening-food-insecurity-driving-displacement-warn-un-agencies/,NEWS
1304,https://citybusinesslist.com/listing/ez-rankings/,OTHER
1305,https://cjeo-journal.org/inhibitory-effect-of-tanshinone-%E2%85%B1a-on-the-proliferation-of-human-retinal-pigment-epithelial-cells-in-hypoxia-and-its-mechanism/,EDUCATION
1307,https://classifieds.thechronicle-online.com/elgin/community/search,ECOMMERCE
1308,https://classifieds.thechronicle-online.com/elgin/community/singles-dance-sat-may-3rd/AC1E047F1696d16B75FBbZF69EAE?limit=240,OTHER
1310,https://clcpallets.com/gallery/,OTHER
1311,https://clemsontigers.com/wcu1118-html/,NEWS
1313,https://cleverwithenergy.com/tag/geothermal-heating/,BLOG
1315,https://cliffordgarstang.com/the-children-act-by-ian-mcewan/,BLOG
1316,https://climate-change.canada.ca/climate-library/?q=&Region=Quebec&Region=Canada&Region=New%20Brunswick&ResourceType=Guidance&JurisdictionType=International,EDUCATION
1317,https://climbingcanada.ca/author/competitionclimbingcanada-ca/,OTHER
1320,https://clotheslinespareparts.com.au/password,ECOMMERCE
1321,https://cloud-maven.com/category/benson/,BLOG
1322,https://cloudcustodian.io/docs/aws/resources/athena-work-group.html,TECHNICAL
1323,https://cloudflare.egyptindependent.com/tag/maya_civilization/,TECHNICAL
1324,https://clpmag.com/disease-states/cancer/prostate/ai-model-ids-patients-wholl-benefit-from-adt-for-prostate-cancer-treatment/,EDUCATION
1325,https://clpmag.com/miscellaneous/illumina-and-partners-healthcare-announce-alliance-to-introduce-ngs-clinical-interpretation-and-reporting-tools/,OTHER
1326,https://clubspark.lta.org.uk/chapmansgreen/Booking/BookByDate,ECOMMERCE
1328,https://cn.wordpress.org/plugins/tags/sports/page/3/,TECHNICAL
1329,https://cnfansalelist.com/jd-spreadsheet-secrets-how-i-saved-big-on-nike-sb-dunk-low-coats-using-hoobuy/,ECOMMERCE
1330,https://cnfansalelist.com/the-architectural-draftsmans-bbdbuy-spreadsheet-blueprint-for-premium-polo-shirts/,ECOMMERCE
1331,https://co-target.com/ice-cream-and-gelato-ingredients-coffee-in-addition-to-milk-tea-supplies/,ECOMMERCE
1332,https://coalitionforcyf.org/support-us/donate-stock/,ECOMMERCE
1334,https://cockpitmax.com/2020/06/how-to-play-american-roulette-new-zealand/,ECOMMERCE
1335,https://cocoalounge.blogspot.com/2007/03/fresh-face-011-teyana-taylor.html?showComment=1182479820000,BLOG
1336,https://codaxmusic.com/artists/joana-freitas/,ECOMMERCE
1337,https://code.djangoproject.com/ticket/4033,TECHNICAL
1338,https://code.ornl.gov/kkiesling/PyARC/-/tags/pyarc-1.6.0,OTHER
1339,https://code.wvlegislature.gov/48-9-105/,OTHER
1340,https://codewithanbu.com/digitalclock/,BLOG
1342,https://coffeeplusplus.z11.de/phpBB3/search.php?sid=175dea052edecb72832b64b9cb9af46a,FORUM/DISCUSSION
1343,https://cointelegraph.com/news/market-crash-no-long-term-fundamental-implications,NEWS
1345,https://coldroomsuppliers.co.uk/near-me/hampshire-aldershot/,OTHER
1346,https://collections.library.yale.edu/catalog?f%5BsubjectGeographic_ssim%5D%5B%5D=Thrace%2C+Eastern+%28Turkey%29--Maps&sort=title_ssim+desc%2C+oid_ssi+desc%2C+archivalSort_ssi+asc&view=gallery,EDUCATION
1347,https://collections2.swco.ttu.edu/handle/20.500.12255/71375/search-filter?field=subject&filtertype_0=dateIssued&filtertype_1=subject&filtertype_2=subject&filter_relational_operator_1=equals&filtertype_3=dateIssued&filter_relational_operator_0=equals&filtertype_4=subject&filter_2=Mexican+Americans+--Texas--Odessa--Newspapers.&filter_relational_operator_3=equals&filter_1=Mexican+Americans--Texas--Lubbock--Newspapers.&filter_relational_operator_2=equals&filter_0=2008&filter_relational_operator_4=equals&filter_4=Lubbock+%28Tex.%29--Newspapers.&filter_3=%5B2000+TO+2009%5D&starts_with=x,TECHNICAL
1348,https://collectionyatra.com/store/trajpal/,ECOMMERCE
1349,https://collectorsgeneralstore.com/product-tag/soft-brown-leather/,ECOMMERCE
1351,https://coloradomycologyshop.com/,ECOMMERCE
1352,https://coloradorules.com/products/american-made-camp-flag,ECOMMERCE
1353,https://comicsherald.com/top-10-comic-books-graphic-novels-2014/,BLOG
1356,https://commons.wikimedia.org/wiki/Category:August_2017_in_Mexico,OTHER
1357,https://commons.wikimedia.org/wiki/Category:Number_2826_on_vehicles,TECHNICAL
1358,https://commons.wikimedia.org/wiki/Category:Rhein-Sieg-Kreis_in_the_1670s,TECHNICAL
1359,https://community.adobe.com/t5/robohelp-discussions/robohelp-server-reports-no-data-with-webhelp-pro-output/td-p/6092812,OTHER
1361,https://community.atlassian.com/forums/Atlassian-Account-questions/need-receipts-for-past-transactions-made-by-credit-card/qaq-p/246991,EDUCATION
1362,https://community.auth0.com/t/organization-name-based-redirect-uri-with-apache/194776,OTHER
1364,https://community.cisco.com/t5/tag/ask%20me%20anything/tg-p/tag-id/91904/board-id/4461-events-network-infrastructure,OTHER
1365,https://community.cloudera.com/t5/badges/userbadgespage/user-id/58056/page/1,NEWS
1367,https://community.fabric.microsoft.com/t5/Fabric-Ideas/idb-p/fbc_ideas/ideas/idea?%3B%3B%3B%3B%3B%3B%3B%3B%3B%3B%3B%3B%3Bpage=2&%3B%3B%3B%3B%3B%3B%3B%3B%3B%3B%3B%3Bpage=6&%3B%3B%3B%3B%3B%3B%3B%3B%3B%3B%3Bpage=8&%3B%3B%3B%3B%3B%3B%3B%3B%3B%3Bpage=5&%3B%3B%3B%3B%3B%3B%3B%3B%3Bpage=1&%3B%3B%3B%3B%3B%3B%3B%3Bpage=9&%3B%3B%3B%3B%3B%3B%3Bpage=8&%3B%3B%3B%3B%3B%3Bpage=6&%3B%3B%3B%3B%3Bpage=7&%3B%3B%3B%3Bpage=10&%3B%3B%3Bpage=9&%3B%3Bpage=6&%3Bpage=13&ideaid=39ba67cf-724e-4b6c-9906-51163749f759,BLOG
1368,https://community.geph.io/c/tech-support/36,BLOG
1370,https://community.intel.com/t5/Intel-Fortran-Compiler/Ifort-12-Undefined-reference-while-compiling-interface/td-p/956981,FORUM/DISCUSSION
1371,https://community.jmp.com/t5/Discussions/Preset-filters-as-button-boxes/td-p/825799,OTHER
1372,https://community.lansweeper.com/t5/reports-analytics/need-software-report-as-department-wise/td-p/26650,FORUM/DISCUSSION
1373,https://community.lightninglauncher.com/ucp.php?mode=terms&sid=64e2a043fc0f8feea08db66d60b833be,FORUM/DISCUSSION
1375,https://community.nxp.com/t5/Motor-Control-and-Smart-Energy/RTC-osc-monitor/td-p/938944?profile.language=en,OTHER
1376,https://community.pandora.com/t5/forums/filteredbylabelpage/board-id/android/label-name/shuffle,OTHER
1377,https://community.qvc.com/t5/TV-and-Movies/Do-you-plan-to-watch-the-olympics/m-p/7311820/highlight/true,ECOMMERCE
1379,https://community.smartsheet.com/discussion/103349/complex-lookup-and-report-data-wanted,OTHER
1381,https://community.talktalk.co.uk/t5/Mobile/Is-it-possible-to-watch-tv-on-my-mobile/td-p/2967487,OTHER
1382,https://community.thriveglobal.com/tags/breeze-pics/,ECOMMERCE
1383,https://community.verizon.com/t5/Samsung-Archives/Apple-Music-randomly-stops/td-p/1108296,ECOMMERCE
1384,https://community.visible.com/t5/Need-help/Multiple-devices-on-one-iPhone-Visible-hotspot/m-p/55026,OTHER
1385,https://community.wolfram.com/web/shmgqn/home?p_p_id=user_WAR_userportlet&p_p_lifecycle=0&p_p_state=normal&p_p_mode=view&p_p_col_id=column-1&p_p_col_count=1&tabs1=Profile,EDUCATION
1386,https://community.zoom.com/t5/Zoom-Phone-System/feature-request-Auto-logout-of-queue-when-call-is-missed/td-p/244772,OTHER
1388,https://companies.naukri.com/accenture-jobs/jobs/?cityTypeGid%5B0%5D=6&cityTypeGid%5B1%5D=139&cityTypeGid%5B2%5D=136&cityTypeGid%5B3%5D=97&cityTypeGid%5B4%5D=9508&cityTypeGid%5B5%5D=125&cityTypeGid%5B6%5D=73&cityTypeGid%5B7%5D=9509&roleTypeGid%5B0%5D=507,TECHNICAL
1389,https://companyscoming.com/product-tag/recipes/?product_order=asc&product_count=30&product_view=list&product_orderby=date,ECOMMERCE
1390,https://compassclassicyachts.com/tag/grocery,BLOG
1391,https://compassclassicyachts.com/tag/juices,BLOG
1392,https://completefield.com.au/parts/pg/18/,ECOMMERCE
1393,https://completefield.com.au/parts/pg/238/,ECOMMERCE
1394,https://complex-europa.com/accommodation/breb/casa-traditionala-breb/414300,OTHER
1395,"https://computehr.com/color/grey/?query_type_color=or&filter_color=black,brown,silver",ECOMMERCE
1398,https://concretehoney.blogspot.com/2009/05/home.html,BLOG
1399,https://confederationconstruction.com/projects/casa-ansal/,OTHER
1400,https://conferences.unite.un.org/documentstorage/Login?ReturnUrl=%2Fdocumentstorage%2FMultiLanguageAlignment.bitext%3Flocation%3DNew%2520York%26language1%3DEnglish%26language2%3DArabic%26Symbol%3DA%2F67%2F378%2FAdd.1,TECHNICAL
1404,https://connect.mozilla.org/t5/user/viewprofilepage/user-id/28832,OTHER
1405,https://consultantcuts.com/,OTHER
1407,https://cookiepedia.co.uk/cookie/60774980,BLOG
1408,https://cookiepedia.co.uk/website/rightmanagement.lu/1,OTHER
1409,https://coolcleaners.co.uk/uncategorized/free-spin-united-kingdom/,ECOMMERCE
1410,https://coolmaterial.com/lifestyle/home/modular-shelving-system/,ECOMMERCE
1411,https://coolthingsinc.com/contact-us/,ECOMMERCE
1413,https://core.trac.wordpress.org/ticket/7193,FORUM/DISCUSSION
1414,https://core3.m4k.co/m/31942,ECOMMERCE
1415,https://cornerstonecabco.com/our-work/kitchens/cave-creek-contemporary-remodel/20250317_123128_kitchenstaged_2000x1500/,ECOMMERCE
1416,https://corporate.target.com/media/video/2024/05/toddler-azai-becomes-targets-new-store-happiness-director,OTHER
1417,https://corpus.quran.com/wordmorphology.jsp?location=(10:2:18),OTHER
1418,https://correrporprazer.com/events/cross-de-s-bras/,OTHER
1419,https://corrugatedreplacements.com/product-tag/m-172269/,ECOMMERCE
1420,https://cortadomobilesolutions.freshdesk.com/en/support/solutions/articles/43000673873-how-to-provide-your-ios-ipados-users-with-the-cortado-app-for-managing-apps-and-files,OTHER
1421,https://cortefiel.com/se/en/women/trousers/straight-long-suit-trousers/7608793.html,ECOMMERCE
1426,https://cosonsen.net/honkai_star_rail_c-121-242-1-1,ECOMMERCE
1427,https://councils.forbes.com/podcast/culture-is-an-output-not-an-input,OTHER
1428,https://councils.forbes.com/profile/Chris-Martin-Chief-Marketing-Officer-FlexMR/e6f1cf8c-ea6e-43a4-add4-1d9c607e409d,BLOG
1429,https://councils.forbes.com/profile/Eric-Rosow-CEO-Co-Founder-Diameter-Health/40c571a9-8e4c-40c5-aea9-8695a9e264b3,EDUCATION
1430,https://countem.com/browse/random/hourlydaily?page=3,OTHER
1431,https://countrymusicnewsinternational.com/the-final-chord-abby-grace/,BLOG
1432,https://countrysitesqa.bsiuat.com/en-gb/products-and-services/medical-devices/quality-management-system-certifications-for-medical-devices/,EDUCATION
1434,https://couturecarrie.blogspot.com/2010/05/strapless-black-dresses.html?showComment=1274792511369,BLOG
1435,https://cozycot.com/products/9cd89fdb-2030-4f88-a241-e86f17b2306b,ECOMMERCE
1436,https://cozynestinteriors.com/12-inch-deep-floating-shelves/,ECOMMERCE
1437,https://cpes.vt.edu/library/viewnugget/339/,EDUCATION
1438,https://cpj.org/uk/2022/06/%D1%80%D0%BE%D1%81%D1%96%D0%B9%D1%81%D1%8C%D0%BA%D0%B0-%D0%B2%D0%BB%D0%B0%D0%B4%D0%B0-%D0%BE%D1%88%D1%82%D1%80%D0%B0%D1%84%D1%83%D0%B2%D0%B0%D0%BB%D0%B0-%D0%B3%D0%B0%D0%B7%D0%B5%D1%82%D1%83/,ECOMMERCE
1439,https://crackfull.net/tag/silkypix-developer-studio-pro-8-crack-vs-lightroom/,TECHNICAL
1440,https://craftsewcreate.blogspot.com/2012/12/its-giveaway-day.html?showComment=1354686746740,BLOG
1441,https://craftsewcreate.blogspot.com/2013/05/giveaway-day.html?showComment=1367934330820,BLOG
1442,https://craftsewcreate.blogspot.com/2013/05/giveaway-day.html?showComment=1367944668029,BLOG
1443,https://craftsmanautocare.com/opinions/%D1%87%D0%B5%D0%B9%D1%81-%D1%84%D0%BE%D1%80%D1%81%D1%82%D1%8A%D1%80-1022/,ECOMMERCE
1444,https://craftycardmakers.blogspot.com/2015/01/130-something-old-something-new-winner.html?m=0,BLOG
1445,https://cranberry-manor.com/kitchenware/,ECOMMERCE
1446,https://cranberryinstitute.org/cranberry-health-research/abstract/cranberries-vacciniummacrocarpon-aiton-in-dog-nutrition-influence-on-diet-digestibility-and-palatability-and-in-course-of-urinary-tract-infections,EDUCATION
1447,https://crankiewomen.com/tag/best-lace-bikini-style/,BLOG
1448,https://crazycreekquilts.com/how-to-play-a-slot-online/,OTHER
1449,https://crazymomquilts.blogspot.com/2013/05/pams-quilt.html?showComment=1367760764147,BLOG
1450,https://crd9.com/2025/03/topps-match-attax-24-25-pau-cubarsi-140/,BLOG
1451,https://creativewriting.sfsu.edu/news/michael-david-lukas-new-york-times,NEWS
1452,https://credible-content.com/blog/your-words-are-powerful-but-only-if-your-content-writing-stands-for-something/,BLOG
1453,https://cretekala.com/product-category/landscape/page/2/,ECOMMERCE
1455,https://crimeline.co.uk/knowledge-base/bail-2/,NEWS
1456,https://crimpcreature.com/,ECOMMERCE
1457,https://crimsonconfidence.com/tag/libido/,BLOG
1458,https://crisscare.co.uk/palliative-care/,OTHER
1459,https://cronindermatology.com/get-the-facts-acne-awareness-month/,BLOG
1460,https://crowdability.com/articles/unemployment,EDUCATION
1461,https://crunchynewz.com/%CF%80%CE%AC%CF%84%CF%81%CE%B1-%CF%84%CF%81%CE%B1%CF%85%CE%BC%CE%B1%CF%84%CE%AF%CF%83%CF%84%CE%B7%CE%BA%CE%B5-12%CF%87%CF%81%CE%BF%CE%BD%CE%BF%CF%82-%CE%BC%CE%B1%CE%B8%CE%B7%CF%84%CE%AE%CF%82-%CE%BC/,BLOG
1462,https://cryptoslate.com/tether-treasury-sends-binance-750m-usdt-in-chain-swap-transaction/,NEWS
1463,https://cryptotracker.com/price/filecoin,ECOMMERCE
1464,https://cryptotrade.cylab.cmu.edu/viewaddress.php?addr=1Lv97C74Wxf4UFMXcFujeKFvoKYNaYcmif,EDUCATION
1465,https://crystal-cure.com/jewelry-sunstone05.html,ECOMMERCE
1468,https://cshe.berkeley.edu/publications/publications.php?a=74&pubtype=All&topics=All&order=field_openberkeley_pubs_type&sort=asc&page=4,EDUCATION
1469,https://csipay-pyxis.readme.io/reference/getting-started,TECHNICAL
1471,https://cuasa.ca/cuasa-requests-to-renegotiate-post-bill-124/,EDUCATION
1472,https://culturefiend.net/2025/01/rick-remender-interview-kicks-off-lets-talk-comics-podcast-return-episode-this-month/,BLOG
1474,https://cumminsiga.com.au/lines/cont-soup-crm-chicken-45gm,ECOMMERCE
1476,https://curlypops.blogspot.com/2009/10/super-cupie-lino-pops.html?showComment=1256206242578,BLOG
1478,https://cusa.ab.ca/team/11232/1049/30760/273088/roster,NEWS
1479,https://customcareer.miami.edu/classes/7-keys-for-developing-effective-creative-and-critical-thinking/,EDUCATION
1482,https://cvnextjob.com/index.php/2017/12/04/caribbean-immigrants-arrive-on-empire_4/,EDUCATION
1483,https://cwrproperties.com/local/interior-designers/california-piedmont,ECOMMERCE
1484,https://cwstats.com/player/8QCVLJR8Y/battles,OTHER
1485,https://cxodx.com/randtronics-appoints-bulwark-technologies-as-distributor/,OTHER
1486,https://cxotv.techplusmedia.com/cfo-playbook,NEWS
1487,https://cyberbookmarking.com/story20511971/how-is-birkin-bag-cruelty-free-can-save-you-time-stress-and-money,FORUM/DISCUSSION
1489,https://cyprus-mail.com/2022/03/08/e1m-tab-to-renovate-buildings-facades-on-piale-pasha,NEWS
1491,https://d-pdf.com/book/the-omnivores-dilemma-by-michael-pollan-pdf-download,EDUCATION
1492,https://d15k3om16n459i.cloudfront.net/players/print/players-boxscore.html?gameid=508116,OTHER
1493,https://d1ltnstmohjmf1.cloudfront.net/videos/jesus-with-hands-raised-952bd793-4f29-4a12-9235-916ed1b968a6,ECOMMERCE
1495,https://daformfillable.com/da-form-581/,EDUCATION
1496,https://daiichic.com/,OTHER
1497,https://dailyaldershotandfarnboroughnews.co.uk/create-a-book-launch-tour-press-release-killer-writing-guide-sample/,NEWS
1498,https://dailyaldershotandfarnboroughnews.co.uk/retirement-announcement-press-release-writing-structure-key-elements/,NEWS
1499,https://dailyallegiant.com/a-man-has-sued-lowes-after-his-trip-to-the-store-ended-up-in-a-sickening-amputation-4/,BLOG
1500,https://dailydesignist.com/products/bani-thani-rajasthani-miniature-art,ECOMMERCE
1501,https://dailydishguide.com/japchae/,ECOMMERCE
1502,https://dailyfinancetipsonline.com/,ECOMMERCE
1505,https://dailynewsweave.com/naya-soch-hi-hai-chhavi-ki-chabi-ab-woh-kahan-hai/,OTHER
1507,https://dallasch13.com/aenean-vulputate-eleifend-tellus-aenean-leo-ligula/,ECOMMERCE
1509,https://danahills.capousd.org/Activities/Kids-Helping-Kids-OC/index.html,EDUCATION
1510,https://dancemap.cda-acd.ca/places/geraldton-kinsmen-concert-series/,OTHER
1511,https://dancestationdirect.co.uk/bloch-girls-round-neck-short-sleeve-leotard-lilac-dance-ballet-uniform-bu201c-8073-p.asp,ECOMMERCE
1512,https://dancewithkitty.com/programs/closer_pole_routine_trailer,OTHER
1514,https://darksiders.fandom.com/wiki/Gorewood_Maul,EDUCATION
1516,https://dart.googlesource.com/sdk.git/+/b2b25a689522c2f90b4be7cb4ffd06afe697f9a4/tools/VERSION,TECHNICAL
1517,https://dashes.com/2007/10/02/south-side-sounds/,BLOG
1519,https://data.dexterchamber.com/list/ql/family-community-civic-organizations-9?o=alpha&dm=True,EDUCATION
1524,https://data.waterpathogens.org/organization/4abfb6a1-4c0c-42ed-bf07-c680635afb05?license_id=cc-by-sa&tags=Uganda&tags=sewage&tags=stabilization+ponds&groups=nwsc_uganda,OTHER
1525,https://datacatalogue.elixir-luxembourg.org/datasets?query=&sort_by=dataset_title&order=asc&data_standards=HL7%20FHIR&deprecated=Active&hosted=false&page=1,EDUCATION
1526,https://dataparadise.net/clientarea/index.php/store/shared-web-hosting?language=italian,OTHER
1529,https://davekennyrealtor.com/mylistings.html/listing.f1218910-127-15175-62a-avenue.83707039,OTHER
1530,https://daveys2france.blogspot.com/2013/11/the-week-in-view.html,BLOG
1531,https://davidhead.co.uk/dh-furinture-2011-16/handmade-furniture-bedford-17/,BLOG
1532,https://davyrowe.com.au/form/,OTHER
1535,https://dblp.dagstuhl.de/pid/278/4861.html,TECHNICAL
1537,https://dc.statelibrary.sc.gov/items/3ff4d180-9471-4656-9151-bc4b45629400,OTHER
1538,https://dcciinfo.com/co/ministry-of-industry-and-commerce-manama/333394,OTHER
1539,https://dcscom.net/data-communications-en/media-converters-en/copper-to-fiber-media-converters-en/10-100-1000-media-converter/s-1110dpp-s2sc10-media-converter/?sl=en,ECOMMERCE
1542,https://ddphotography.de/project/udo-huels/,ECOMMERCE
1543,https://ddsmatch.com/buyers-archive/,OTHER
1544,https://de.jean-baptiste.com/wild-caribbean,ECOMMERCE
1546,https://dealstrato.co.uk/voucher/loungewear-discount-codes/,OTHER
1547,https://deathgripsstore.com/shop/death-grips-fan-t-shirt-1363/,ECOMMERCE
1548,https://debbiewarford.com/when-all-is-at-hand-in-the-kitchen-part1/,BLOG
1549,https://decentfoot.com/best-foot-massager-for-plantar-fasciitis-and-heel-pain/,OTHER
1550,https://decisions.cb-cda.gc.ca/cb-cda/refusees-other-autre/en/2010/nav_date.do,OTHER
1552,https://dekhnews.com/who-is-nate-hansen/,NEWS
1553,https://dekhnews.com/why-was-paradzai-mesi-arrested-sungura-musician-charged-for-stealing-groceries-charges/,NEWS
1554,https://dellsauto.com/inventory/details/USED/MITSUBISHI/OUTLANDER-SPORT/2021/Dell-Rapids/South-Dakota/6292999/026997,ECOMMERCE
1555,https://demandscience.com/resources/blog/,OTHER
1556,https://demandteq.com/tag/cannot-be-denied/,TECHNICAL
1557,https://demo.surplusthemes.com/surplus-magazine/2010/07/24/laoreet-dolore-magna-aliquam-erat/,BLOG
1558,https://democracy.brent.gov.uk/mgIssueHistoryHome.aspx?IId=46257&PlanId=460&RPID=0,NEWS
1560,https://department.va.gov/integrated-service-networks/visn-08/,OTHER
1561,https://depot.haiku-os.org/__multipage/pkg/cascadia_code/haikuports/haikuports_x86_64/2106/17/-/-/1/any?locale,TECHNICAL
1562,https://designertale.com/blog/daredevil-born-again-why-this-marvel-show-will-change-the-mcu/,BLOG
1563,https://designsonyou.com/blank_product/90019382/Infant-Baby-Rib-Bodysuit,ECOMMERCE
1565,https://destinybizz.com/product-tag/8ch/,ECOMMERCE
1566,https://detectivetiger.com/stories/the-man-who-survived-two-atomic-bombs/,BLOG
1567,https://detroitbookfest.com/vendors/vendor-location/table-032/,OTHER
1568,https://dev.ruinnation.com/swtor/3229-force-junkies-pax-2011-swtor-panel,NEWS
1570,https://dev1.heroesmediagroup.com/2018/10/16/execution-time/,BLOG
1571,https://dev1.heroesmediagroup.com/2018/11/30/tim-fraziers-impact-performance-leads-to-big-pelicans-victory/,BLOG
1573,https://devblogs.microsoft.com/python/python-in-visual-studio-code-september-2021-release/,TECHNICAL
1574,https://devblogs.microsoft.com/scripting/how-can-i-rename-a-local-user-account-on-a-windows-xp-computer/,TECHNICAL
1575,https://developer.ridgerun.com/wiki/index.php/Find_Your_RidgeRun_Solution,OTHER
1576,https://developers.google.com/ad-manager/mobile-ads-sdk/flutter/mediation/mintegral,TECHNICAL
1578,https://devere-france.fr/blog/506,OTHER
1579,https://devmangalgroup.com/projects-execution/,OTHER
1580,https://devotedoklahoma.com/blog/atbdp_orders/order-for-the-listing-id-363852/,OTHER
1581,https://devrant.com/rants/610963/update-linux-users-samba-has-security-flaw,FORUM/DISCUSSION
1583,https://dhs.delranschools.org/students/activities/event_videos/2018-2019/events_201819,EDUCATION
1585,https://dialacurryhaverfordwest.co.uk/product/special-bombay-chips/,ECOMMERCE
1586,https://diamondlamb.com/pandora-diamond-lamb/,ECOMMERCE
1587,https://diamondmart.co/tag/best-natural-diamond-earrings/,BLOG
1588,https://dianajensen.com/art-projects/1970s-eyeshadow-series/view/3512694/1/3512695,ECOMMERCE
1589,https://dianecharbonneau.com/en/blog/condo-co-owners-meetings-9-tips-for-effective-communication-1099,OTHER
1590,https://diarchgroup.com/portfolio/woman-artwork-2/,OTHER
1591,https://dickpritchettrealestate.com/tag/bird/page/2/,BLOG
1592,https://digbmx.com/videos/simone-barraco-noster-iii-subrosa,BLOG
1595,https://digital-media.fao.org/archive/-2A6XC5I6T0MN.html,OTHER
1596,https://digital-media.fao.org/archive/Bottle-white-ES-2A6WMKWC239.html,OTHER
1597,https://digital.bentley.umich.edu/midaily/search?f%5Bdate_issued_dd_ti%5D%5B%5D=20&f%5Bdate_issued_mm_ti%5D%5B%5D=12&f%5Bdate_issued_yyyy10_ti%5D%5B%5D=1940&f%5Bissue_identifier%5D%5B%5D=mdp.39015071756097-1940-12-20-1&f%5Bissue_sequence_field%5D%5B%5D=issue_sequence_1&sort=date_issued_dt+desc%2C+issue_no_t_sort+asc%2C+issue_sequence+asc,OTHER
1598,https://digital.library.yale.edu/catalog?f%5BsubjectName_ssim%5D%5B%5D=Exposition+internationale+du+surrealisme+%286th+%3A+1947+%3A+Paris%2C+France%29&sort=creator_ssim+asc%2C+title_ssim+asc%2C+archivalSort_ssi+asc,EDUCATION
1599,https://digital.library.yale.edu/catalog?f%5BsubjectTopic_ssim%5D%5B%5D=Comanche&per_page=99&view=gallery,EDUCATION
1600,https://digitalcanvasllc.com/samsung-asis-email/,OTHER
1601,https://digitalcollections.library.oregon.gov/nodes/view/36341,EDUCATION
1602,https://digitalcollections.nypl.org/items/936dc240-c5d3-012f-cbb7-58d385a7bc34?canvasIndex=0,EDUCATION
1603,https://digitalcollections.rice.edu/Documents/Detail/life-in-ancient-egypt/307019,EDUCATION
1604,https://digitalcollections.rice.edu/Documents/Detail/miles-gemini-1a-airplane/6708,EDUCATION
1605,https://digitalcollections.willamette.edu/items/f60d3bb0-5fcc-47fb-b591-4316b03b7bb3,OTHER
1606,https://digitalcommons.cedarville.edu/womens_tennis_schedules/19/,EDUCATION
1607,https://digitalcommons.law.villanova.edu/elj/vol17/iss1/5/,EDUCATION
1608,https://digitalcommons.wcl.american.edu/pub_disc_media/337/,EDUCATION
1609,https://digitaldakhale.com/product/smart-watches-wood-edition/?opts=product_sticky,ECOMMERCE
1610,https://digitalduchemin.org/person/182/,OTHER
1611,https://digitalhealth.tu-dresden.de/the-run-continues-ai-based-software-system-for-pathology-in-testing-phase-professorship-for-clinical-ai-at-ekfz/,TECHNICAL
1612,https://digitalpayexpo.com/blog/blog-classic-boxed/,OTHER
1613,https://digitalpayexpo.com/blog/blog-inner-details-metro/,OTHER
1616,https://dilesin.com/mentor/utama2,OTHER
1617,https://dimitaruzunov.com/contact-me,OTHER
1618,https://directories.slowtwitch.com/listing/bells-bike-shop-steve-palladinetti/,ECOMMERCE
1619,https://directory.barkingpages.co.uk/company/438132440526848,OTHER
1620,https://directory.barkingpages.co.uk/company/438410484166656,OTHER
1621,https://directory.fromepages.co.uk/company/438559273172993,OTHER
1622,https://directory.fromepages.co.uk/company/438711326359553,OTHER
1623,https://directory.leamingtonspapages.co.uk/company/438058196480000,OTHER
1624,https://directory.leamingtonspapages.co.uk/company/438485013127169,OTHER
1625,https://directory.libsyn.com/episode/index/show/presencetv/id/30900908,BLOG
1626,https://directory.libsyn.com/episode/index/show/whocaresnews/id/31718737,NEWS
1627,https://directory.logistics-manager.com/business-directory/3336/clasquin-thailand-co-ltd/,BLOG
1628,https://directory.towerhamletspages.co.uk/company/437679355252737,OTHER
1629,https://directory.towerhamletspages.co.uk/company/732746673487872,OTHER
1630,https://dirstop.com/story26062217/ukrainian-offensive-makes-ground-on-eastern-front,FORUM/DISCUSSION
1631,https://dirstop.com/story26164306/situs-slot-gacor-terpercaya,FORUM/DISCUSSION
1632,https://disabilityhorizons.com/tag/sensory-disability/,BLOG
1633,https://discounttoyco.com.au/character/dc-comics/superman/,ECOMMERCE
1634,https://discuss.cakewalk.com/topic/21244-ujam-50-to-70-off-in-the-reason-store/,FORUM/DISCUSSION
1635,https://discuss.cakewalk.com/topic/4276-initial-audio-releases-master-suite-for-win-mac-vst-au/,OTHER
1637,https://disntr.com/category/politics/immigration/,NEWS
1639,https://divasunlimited.ning.com/events/event/listByDate?date=2024-02-04,ECOMMERCE
1640,https://diversitoy.com/color/orange/?filter_age=1-4-years&filter_color=green,ECOMMERCE
1642,https://dkshop.balslow.com/pi/Strygem%C3%A6rke-Urban-vision-119x114mm-1-stk_1593903_84541.aspx,ECOMMERCE
1643,https://dlg.usg.edu/records?collection_record_id=auu_auc-069&f%5Bmedium_facet%5D%5B%5D=photographs&f%5Bmedium_facet%5D%5B%5D=photographs&f%5Bmedium_facet%5D%5B%5D=photographs&f%5Bprovenance_facet%5D%5B%5D=Atlanta+University+Center+Robert+W.+Woodruff+Library&f%5Bsubject_facet%5D%5B%5D=African+Americans--Georgia--Atlanta&f%5Bsubject_facet%5D%5B%5D=Atlanta+%28Ga.%29--History&f%5Bsubject_facet%5D%5B%5D=Atlanta+%28Ga.%29--History&f%5Bsubject_facet%5D%5B%5D=African+Americans--Georgia--Atlanta&only_path=true&per_page=50&sort=yyyy_mm_dd_sort+desc%2C+title_sort+asc&view=maps,EDUCATION
1644,https://dli.tech.cornell.edu/seminars/effectively-countering-hate-speech-on-x,EDUCATION
1645,https://dlp.lib.miamioh.edu/picturebook/items/show/9037?tags=fun,EDUCATION
1646,https://dlp.lib.miamioh.edu/picturebook/items/show/9904?tags=math&sort_field=Dublin+Core%2CTitle&sort_dir=a,EDUCATION
1647,https://dmvlocations.org/marshfield-missouri-dmv/,OTHER
1648,https://dn2ane.de/Round_5/?C=S;O=D,FORUM/DISCUSSION
1650,https://do.talent.com/jobs/k-information-architect-l-broken-arrow-ok,EDUCATION
1651,https://do.talent.com/jobs/k-mechanical-engineer-l-sparks-nv,OTHER
1652,https://do.talent.com/jobs/k-paid-relocation-l-usa,OTHER
1653,https://do.talent.com/jobs/k-sanitation-worker-l-tempe-az,ECOMMERCE
1654,https://do.talent.com/jobs/k-support-analyst-l-san-francisco-ca,OTHER
1655,https://do.talent.com/jobs/k-surgical-technician-l-kent-wa,OTHER
1656,https://dobermangaragedoors.com/garage-door-installation/,ECOMMERCE
1658,https://doc.openwga.com/doc-wga70/html/default/dr.tmlscript.jobcontext.cancelled.int.html,OTHER
1659,https://docmero.com/en/austrialian-bush-flower-essences/-buch-animal-healing-australische-buschbluten-essenzen-englische-fassung-588.html,ECOMMERCE
1661,https://docs.azul.com/core/release-notes/icedteaweb/uninstall/update/icedteaweb/crac/crac/crac/install/cve,TECHNICAL
1662,https://docs.azul.com/core/release-notes/update/cck/manage-multiple-zulu-versions/crac/crac-errors,TECHNICAL
1663,https://docs.camunda.org/javadoc/camunda-bpm-platform/7.6/org/camunda/bpm/model/bpmn/instance/camunda/CamundaValue.html,TECHNICAL
1664,https://docs.cloud.google.com/memorystore/docs/redis/about-read-replicas,TECHNICAL
1665,https://docs.cloud.google.com/nodejs/docs/reference/retail/latest/retail/protos.google.cloud.retail.v2.batchupdategenerativequestionconfigsrequest,OTHER
1666,https://docs.cloudbees.com/docs/release-notes/latest/cloudbees-ci/traditional-platforms/2.462.3.3,TECHNICAL
1667,https://docs.huihoo.com/doxygen/postgresql/stem__ISO__8859__1__french_8h_source.html,TECHNICAL
1668,https://docs.nvidia.com/cuda/archive/11.3.1/libdevice-users-guide/__nv_normcdfinvf.html,TECHNICAL
1669,https://docs.nvidia.com/cuda/archive/11.5.2/libdevice-users-guide/__nv_umul24.html,ECOMMERCE
1670,https://docs.nvidia.com/cuda/archive/12.4.1/cuda-math-api/group__CUDA__MATH__INTRINSIC__SINGLE.html,ECOMMERCE
1671,https://docs.nvidia.com/cuda/cufftmp/0.0.2/usage/api_usage.html,TECHNICAL
1672,https://docs.nvidia.com/deeplearning/dali/archives/dali_150/user-guide/docs/examples/general/expressions/expr_examples.html,TECHNICAL
1673,https://docs.nvidia.com/drive/drive-os-5.2.0.0L/drive-os/DRIVE_OS_Linux_SDK_Development_Guide/baggage/OES_mapbuffer.html,TECHNICAL
1674,https://docs.nvidia.com/drive/drive-os-5.2.0.0L/drive-os/DRIVE_OS_Linux_SDK_Development_Guide/baggage/globals_i.html,TECHNICAL
1675,https://docs.nvidia.com/drive/drive-os-5.2.0.0L/drive-os/DRIVE_OS_Linux_SDK_Development_Guide/baggage/structNvMediaIPPPluginFuncs.html,TECHNICAL
1676,https://docs.nvidia.com/gameworks/content/gameworkslibrary/optix/optixapireference/optixu__math__namespace_8h.html,TECHNICAL
1677,https://docs.nvidia.com/gameworks/content/gameworkslibrary/physx/apireference/3.3.4/files/classPxFixedJoint.html,TECHNICAL
1678,https://docs.nvidia.com/metropolis/deepstream-nvaie31/dev-guide/sdk-api/group__ee__opticalflow__meta.html,TECHNICAL
1679,https://docs.nvidia.com/nemo/agent-toolkit/latest/api/nat/plugins/data_flywheel/observability/schema/sink/elasticsearch/index.html,OTHER
1680,https://docs.nvidia.com/nemo/retriever/latest/extraction/api-docs/_modules/nv_ingest/util/nim/paddle.html,TECHNICAL
1681,https://docs.nvidia.com/networking/display/ofedv512580/explicit+congestion+notification+(ecn),TECHNICAL
1682,https://docs.nvidia.com/nsight-dl-designer/2021.2/NvNeuralSDK/classnvneural_1_1_i_layer_list.html,TECHNICAL
1683,https://docs.opensvc.com/2.0/agent.commands/volmgr.action.service_actions.sync_all.html,OTHER
1684,https://docs.redhat.com/zh-cn/documentation/red_hat_satellite/6.2/html/hammer_cli_guide/chap-cli_guide-managing_content_life_cycle,OTHER
1685,https://docs.ripple.com/products/payments-odl/api-docs/ripplenet/resources,TECHNICAL
1686,https://docs.tenable.com/nessus/10_11/Content/MigrateAgentstoCluster.htm,OTHER
1687,https://docs.tenable.com/nessus/10_11/Content/RiskMetrics.htm,EDUCATION
1688,https://docs.tizen.org/application/native/api/wearable/latest/group__CAPI__MEDIA__WAV__PLAYER__MODULE.html,TECHNICAL
1689,https://docs.typo3.org/c/typo3/cms-core/main/en-us/Changelog/8.0/Breaking-73763-RemovedBackPathFromPageRenderer.html,TECHNICAL
1690,https://docs.vultr.com/how-to-use-mysql-regular-expressions,OTHER
1693,https://documents.worldbank.org/pt/publication/documents-reports/documentdetail/099091823032016077/p1737990c08b3407908a7e09dd7197e3c84,OTHER
1694,https://dogsadvice.co.uk/the-evolution-of-artificial-intelligence-opportunities-and-challenges/,TECHNICAL
1695,https://dogsindistress.org/forums/reply/re%3A-urgent-foster-needed-roger-yorkshire-terrier/,OTHER
1696,https://domain.nettigritty.com/kb/answer/868,ECOMMERCE
1697,https://domainindex.com/indices/sales-index/total,OTHER
1698,https://domscrossroadsautomotive.com/2009-chevrolet-malibu-ltz-%7C-cuyahoga-falls%2C-oh-%7C-crossroads-automotive-llc-cuyahoga-falls-oh-44221/7432527,ECOMMERCE
1699,https://donations.esamarathon.com/donation/5723,OTHER
1700,https://donghuaanime.org/purple-river-season-2-episode-19-multi-subtitle/,OTHER
1701,https://doodleordie.com/profile/toastermeltdown,ECOMMERCE
1702,https://doorlifepropertymanagement.com/embracing-the-role-of-an-accidental-landlord-with-doorlife-property-management/,OTHER
1704,https://dosjunior.com/shop/page/9/,ECOMMERCE
1705,https://dot-job-descriptions.careerplanner.com/LOG-INSPECTOR.cfm?,EDUCATION
1706,https://dot-job-descriptions.careerplanner.com/VETERINARY-LIVESTOCK-INSPECTOR.cfm?,EDUCATION
1707,https://dot4d.org/dot4d-apk-mobile/,ECOMMERCE
1708,https://dotglobalgroup.com/about-us/,OTHER
1709,https://dotifi.com/server-requirements-for-whmcs-and-cocca/?_amc-currency=NGN,ECOMMERCE
1712,https://download.qt.io/official_releases/QtForPython/pyside2/shiboken2-5.14.2.1-5.14.2-cp35.cp36.cp37.cp38-abi3-macosx_10_13_intel.whl.mirrorlist,TECHNICAL
1715,https://downloads.psl.noaa.gov/psd2/data/realtime/CsiDatalogger/SurfaceMet/cco/2016/130/,EDUCATION
1716,https://downriverbusinessassociation.com/business-directory/postnet-allen-park/,OTHER
1717,https://downtownbrooklyn.com/listing/dekalb-market-hall/,OTHER
1720,https://dralisyed.com/movie/saw-iv/,OTHER
1722,https://dreamutilityhub.co.uk/united-kingdom-no-deposit-bonus-slots/,OTHER
1727,https://drmariabarbosa.com/palm-coast-holistic-therapy/,OTHER
1728,https://drmoniquebelton.com/did-you-set-yourself-a-deadline/lukas-blazek-uavyasdkzq8-unsplash/,BLOG
1730,https://drohhiraprobiotics.com/news-press/the-mental-health-benefits-of-probiotics/,ECOMMERCE
1731,https://dropbears.com/gallery/aboriginal_art/Kevin_Waina_Bradshaw_Painter.htm,ECOMMERCE
1734,https://dsgglazingsystems.co.uk/curtain-walling/curtain-walling-sunderland/,OTHER
1740,https://dtmag.com/dive-shop/ocean-pro-dive-shop/,ECOMMERCE
1741,https://dubaidutyfreetennischampionships.com/tag/mohamed-safwat/,NEWS
1742,https://dubainews247.com/miley-cyrus-engaged-to-maxx-morando-a-look-at-her-160m-fortune-stunning-malibu-home-and-luxury-car-collection/,NEWS
1743,https://dufree4k.com/episodes/uncontrollably-fond-2016-%E0%B8%AB%E0%B8%A2%E0%B8%B8%E0%B8%94%E0%B8%AB%E0%B8%B1%E0%B8%A7%E0%B9%83%E0%B8%88%E0%B9%84%E0%B8%A7%E0%B9%89%E0%B8%A5%E0%B8%B8%E0%B9%89%E0%B8%99%E0%B8%A3%E0%B8%B1%E0%B8%81-8/,OTHER
1745,https://dungeoncrawlers.org/game/legend-of-grimrock/,BLOG
1746,https://duopixel.ca/what-is-the-process-of-a-routine-dental-check-up/,OTHER
1747,https://dur.ac.uk/research/institutes-and-centres/human-rights/events/?day=05&month=11&year=2025&search=day&past=1,EDUCATION
1748,https://durance-uk.com/product/refill-for-scented-bouquet-flowers-250ml-soft-peony/,ECOMMERCE
1749,https://durangogaragesales.com/blog_by_Category/index.cfm?viewCategory=AI%20in%20Healthcare,TECHNICAL
1751,https://dz.opensooq.com/en/ain-tecmouchent/jobs/job-seekers/3d-designer,ECOMMERCE
1752,https://dz.opensooq.com/en/mila/pets/donkeys,ECOMMERCE
1755,https://e-mosaictile.com/eu/bath-wall-and-floor-mosaic-tile-kitchen-backsplash-herringbone-marble-carrara-white.html,ECOMMERCE
1756,https://e-shop.leonidas.com/be/en/christmas/eoy-2025-christmas-tower-deluxe-LEON000563.html,ECOMMERCE
1757,https://e.vnexpress.net/news/business/economy/thai-cement-giant-to-make-vietnam-top-priority-market-4258371.html,NEWS
1758,https://e360.yale.edu/digest/vehicle-pollution-causes-4-million-new-child-asthma-cases-every-year,EDUCATION
1760,https://eagleweighingsystems.com/product-tag/kitchenscales-cookingscale-bakingscale-highprecision-tarefunction-compactdesign-kitchenessentials-accuracyincooking-portablescale-foodpreparation/,ECOMMERCE
1762,https://eanshub.com/sign-up/?redirect_to=https%3A%2F%2Feanshub.com%2Fcommunity%2Fgravitation%2Fif-a-fresh-egg-is-put-into-a-beaker-filled-with-water-it-sinks-on-dissolving-a-lot-of-salt-in-the-water-the-egg-begins-to-rise-and-then-floats-why%2F,FORUM/DISCUSSION
1763,https://eapromos.com/product/keesen-brooks-brothers-casual-oxford-cloth-shirt/,ECOMMERCE
1764,https://earcarenepal.org/palpa/root/programs/community-ear-education/812-community-based-primary-ear-hearing-care-education-training-program-at-bungamati-foundation,OTHER
1765,https://earnyatra.com/b2b-lead-generation-software/,OTHER
1766,https://earthobservatory.nasa.gov/images/144796/alaska-hit-with-a-hot-march?src=ve,BLOG
1767,https://earthquake.usgs.gov/monitoring/gps/Southern_California_ITRF2014/srs1/qc/table,TECHNICAL
1768,https://earthspotter.org/report/fisher-smith-boatworks-2%2021I015908,GOVERNMENT
1769,https://east-high.siouxcityschools.org/o/east-high/page/spanish-national-honors-society,EDUCATION
1770,https://eastconnection.com.au/furniture-59/by-style/french-provincial-furniture.html?p=3,ECOMMERCE
1771,https://eastconnection.com.au/reclaimed-timber-shutter-door-wardrobe-cabinet-ec1917.html,ECOMMERCE
1772,https://eastern.unison.org.uk/tag/strikes/,NEWS
1773,https://easternsuburbsemergencyplumber.com.au/best-guidelines-for-hiring-a-dependable-plumber-find-the-suitable-technician-for-your-needs,OTHER
1774,https://eastgoshen.org/pdf/bos-2009-08-04-minutes/,GOVERNMENT
1775,https://eastidahoorthodontics.com/idaho-falls-orthodontic-office/,OTHER
1776,https://eatingdisorderrecovery.net/unsorted-comments/dear-spazzy-bob-ptc-and-hannah-you,ECOMMERCE
1777,https://eatwellmovewell.teachable.com/courses/eat-move-live-365/lectures/32733912,BLOG
1778,https://eazyshelf.com/index.php/finished-gallery?i=323--Finish-Gallery,ECOMMERCE
1779,https://ebponline.net/?products%2F4794710,BLOG
1780,https://ecgweekly.com/author/eralynstg-mdpecg-dev-kinsta-cloud/,OTHER
1781,https://ecgweekly.com/ecg-tag/intermittent-wpw/,OTHER
1782,https://eclipse-ee4j.github.io/jersey.github.io/apidocs/2.35/jersey/org/glassfish/jersey/model/class-use/Parameter.html,TECHNICAL
1786,https://edc.dgfi.tum.de/en/data/npt/2867121/,EDUCATION
1787,https://eddiesilverton.com/eddie-silverton-plastic-thinking/,OTHER
1790,https://edgetechconference.com/events/hotel-edge-2026,OTHER
1791,https://edinburghsteinerschool.org.uk/non-teaching-staff/,EDUCATION
1792,https://edisolutionsmmis.portal.conduent.com/gcro/winasap;jsessionid=ED6D350ECEB092761B8309EDD9FCC7E7,OTHER
1793,https://editions.covecollective.org/place/chartres-cathedral,OTHER
1794,https://edm-accessories.ford.com/WishList?model=kuga&year=2024,ECOMMERCE
1795,https://edmontonpublicschools.accesstomemory.org/informationobject/browse?sort=startDate&sortDir=desc&view=table&genres=9546&topLod=0&onlyMedia=1,OTHER
1796,https://edubirdie.com/docs/high-school/high-school-mathematics/96120-rotations,EDUCATION
1797,https://education.health.ufl.edu/community/wheel/chronic-illness/,EDUCATION
1798,https://edurank.org/medicine/psychiatry/jp/,EDUCATION
1799,https://effc.com.au/blog/sharks-seek-premiership-glory/,NEWS
1800,https://eg.com.au/press/inside-eg/egs-head-of-esg-facilitates-team-discussion-on-climate-change,NEWS
1801,https://eg.hatla2ee.com/en/car/daewoo/lanos,ECOMMERCE
1803,https://egyptindependent.com/tag/hotel_bookings/,BLOG
1804,https://egytec.com/reg/%D9%85%D8%AF%D8%B1%D8%B3%D8%A9-%D8%A7%D9%84%D8%A3%D9%84%D8%B3%D9%86-%D8%A7%D9%84%D8%AE%D8%A7%D8%B5%D8%A9-%D9%84%D9%84%D8%B3%D9%8A%D8%A7%D8%AD%D8%A9-%D9%88%D8%A7%D9%84%D9%81%D9%86%D8%A7%D8%AF%D9%82-35/,OTHER
1805,https://egytec.com/reg/%D9%88%D8%B7%D9%86-%D8%A8%D8%A7%D9%83/,OTHER
1806,https://ehappylife.com/life-lesson/build-self-esteem-every-day?page=2,BLOG
1807,https://ehlaw.ca/federal-government-introduces-increased-canada-emergency-wage-subsidy/,OTHER
1808,https://ehparks.myrec.com/info/household/login.aspx?ProgramID=30005&aID=145105,OTHER
1809,https://eikogrp.com/index.php?page=bios&initials=ae&userlanguage=en,OTHER
1810,https://ejhs.unit40.org/apps/food_menu/index.jsp?y=2022&m=2&t=&title=&w=&pff=1&uREC_ID=&type=&pREC_ID=&termREC_ID=&id=&hideType=false,EDUCATION
1811,https://eknives.com/fenix/?page=1,ECOMMERCE
1812,https://ekos.io/auction-terms,ECOMMERCE
1813,https://elberton-vet.com/team/christine-brubaker/,OTHER
1814,https://elbiruniblogspotcom.blogspot.com/2011/06/cancer-genome-atlas-completes-detailed.html,EDUCATION
1815,https://elderlawofstcharles.com/2019/02/14/,OTHER
1817,https://electrolysisbysusan.com/services/,OTHER
1819,https://elentra.com/elentra-news/the-value-of-elentras-transparency,EDUCATION
1820,https://elhunt.com/?mas_static_content=slack,OTHER
1821,https://eligiblegreeks.com/privacy?affiliateid=GEO_greek-men-canada-manitoba-winnipeg,EDUCATION
1822,https://elitefootball.com/team/cesena-fc/1249,EDUCATION
1823,https://elitefootball.com/team/trinity-baptist-college-eagles/1084065,EDUCATION
1824,https://elitetrophies.au/product/global-medal-dance-3/,ECOMMERCE
1828,https://elp.edumig.com/product/pte/,ECOMMERCE
1829,https://elrealtexmex.com/products/i-survived-remote-instruction-and-all-i-got-was-this-lousy-shirt-t-shirts-hoodies-sweatshirt/,ECOMMERCE
1832,https://em.umaryland.edu/educational_pearls/3097/,EDUCATION
1833,https://emailtheboss.org/consumer-submissions/delta-richard-anderson-i-was-under-the-assumption-that-if-i-owned-a-delta-sky-miles-amex-card/,OTHER
1834,https://emanuelagianoglio.com/projects/pictor/,OTHER
1835,https://embelisha.com/shop/babypink-lipoil/,ECOMMERCE
1836,https://embsupply.com/Blumen-99999945-ES33994.html,ECOMMERCE
1837,https://emlalock.boardhost.com/viewtopic.php?id=7150,FORUM/DISCUSSION
1838,https://emmystore.com/user/21730,ECOMMERCE
1839,https://emperorshammer.org/view_fiction.php?id=153,EDUCATION
1840,https://empowerhome-team.com/tag/7876-savage-guilford-rd-jessup-md-20794/,OTHER
1841,https://emulationrealm.net/downloads/emulators/consoles/playstation-vita/hand-held/nintendo-ds,TECHNICAL
1842,https://en.ac-illust.com/free-illustrations-vectors/summer,ECOMMERCE
1843,https://en.artoffer.com/Thomas-Thuering/Thomas-Thuering-People-People-Women-Contemporary-Art-Contemporary-Art/305791,ECOMMERCE
1844,https://en.as.com/meristation/news/the-superman-movie-that-has-one-of-the-most-expensive-deleted-scenes-in-history-n/,OTHER
1846,https://en.caltta.com/product/pd200-dispatch-system/,OTHER
1847,https://en.chnspec.com/Case/info.aspx?itemid=569&lcid=294,ECOMMERCE
1848,https://en.codelyoko.fr/fanfictions/all-vuedesc-7.cl,ECOMMERCE
1850,https://en.ejanakpurkhabar.com/12/18/1347,NEWS
1851,https://en.gmtbroker.com/PatekPhilippe/5109J-001,ECOMMERCE
1853,https://en.kiosko.net/hn/2021-01-23/np/hn_heraldo.html,NEWS
1856,https://en.mejannesleclap.com/maison-des-chevaliers-musee-d-art-sacre-du-gard.html,ECOMMERCE
1861,https://en.rolemodelmgmt.com/models-web/marta/mnggf,ECOMMERCE
1862,https://en.tutiempo.net/lunar-eclipse/strassen/6-august-2009.html,TECHNICAL
1863,https://en.tutiempo.net/tierra-colorada.html,ECOMMERCE
1864,https://en.wikipedia.org/wiki/Category_talk:1890s_in_Judaism,OTHER
1865,https://en.wikipedia.org/wiki/Syracuse_Braves_(ice_hockey),NEWS
1866,https://en.wikisource.org/wiki/The_Night_Wire,TECHNICAL
1867,https://en.wikivoyage.org/wiki/Category:M%C3%B8re_og_Romsdal,OTHER
1868,https://en.wiktionary.org/wiki/vurmaq,ECOMMERCE
1870,https://en.yitongex.com/fbysq/184.html,ECOMMERCE
1871,https://en.yofacepainting.com/product-page/%E5%85%A7%E9%83%A8%E9%99%90%E5%AE%9A-%E9%8F%A1,ECOMMERCE
1872,https://en.yofacepainting.com/product-page/leanne-s-face-painting-petal-cake-leanne-s-pretty-in-pink,ECOMMERCE
1873,https://en.zalando.de/protest-swimming-shorts-raku-blue-p4484c030-k11.html,ECOMMERCE
1876,https://endasenglishnotes.com/2022/01/24/firework-by-katy-perry-similes-and-metaphors/,OTHER
1877,https://enewsinsight.com/tni-evening-news-headlines-july-29-2021/,BLOG
1878,https://enewstag.com/?d=58141561361784,OTHER
1879,https://engageworship.org/ideas?theme=natural-disaster,OTHER
1880,https://engineerine.com/tag/engineeringsolutions/,EDUCATION
1881,https://engineering.vanderbilt.edu/tag/virtuoso/,EDUCATION
1882,https://english.niadd.com/user/manga_list/user-1234197.html,OTHER
1883,https://entasisglobal.com/gentle-monster-online-collection-limited-collection/,ECOMMERCE
1885,https://entertainmart.com/store/products/admission,ECOMMERCE
1886,https://entrades.teatrelliure.com/selection/event/seat?perfId=10229412989915&productId=10229412879751,ECOMMERCE
1889,https://eol.jsc.nasa.gov/SearchPhotos/MapCoordinate/MapPhotoWithLeaflet.pl?photo=ISS005-E-5376,OTHER
1890,https://eonhk.com/product/julia-w-table/,ECOMMERCE
1891,https://eorilab.com/product/reindee-lusion-23aw-quick-release-zipper-waterproof-pants-integrated-waist-adjustment-multiple-pockets-techwear-gorpcore/,ECOMMERCE
1893,https://epicspice.com/roast-rack-of-lamb-on-apricot-and-almond-couscous/,ECOMMERCE
1894,https://eprajournals.com/IJMR/article/499,EDUCATION
1896,https://epubs.stfc.ac.uk/work/17864815,EDUCATION
1897,https://equilibriummusic.com/dtllabel.php?LblID=1531,ECOMMERCE
1898,https://era.dpi.qld.gov.au/id/eprint/11302/,EDUCATION
1900,https://ericstinton.com/tag/maia/,BLOG
1901,https://erin-artandgardens.blogspot.com/2011/09/autumnal-entry.html?showComment=1317525537174,BLOG
1902,https://ernesthuntergreen.com/about/,BLOG
1907,https://es.overleaf.com/latex/templates/master-or-ph-dot-d-thesis-template-for-tel-aviv-university-graduate-students/cknggfrwkmmg,EDUCATION
1908,https://es.streema.com/radios/Classic_Hits_Forest_Gold,OTHER
1909,https://es.tumi.com/en/backpacks/regular-size-laptop-backpacks/?srule=Best%20Seller,ECOMMERCE
1910,https://escalante.durangoschools.org/apps/events/2024/9/calendar/?id=0,EDUCATION
1913,https://espnquadcities.com/ixp/711/p/disney-on-ice-bringing-magical-frozen-encanto-show-to-illinois/,OTHER
1914,https://essayswriters.com/blog/how-to-study-smart-not-hard/,EDUCATION
1916,https://estateantalya.com/Property-Feature/sauna/,NEWS
1918,https://estoturfturf.co.uk/strategic-market-review-2/,NEWS
1922,https://etesalattoofan.com/how-about-spending-your-leisure-time-in-dubai.html,BLOG
1923,https://ethnocloud.com/PEACEARTHOPE/?y_video=15955&b=12612,ECOMMERCE
1924,https://eu.louisvuitton.com/eng-e1/products/lv-scala-loafer-nvprod6120029v/1AHUIJ,ECOMMERCE
1925,https://euro.snagtights.com/products/stay-cool-chub-rub-shorts-menthe-glacier,ECOMMERCE
1928,https://europeanenergytimes.com/article/828540446-stallion-uranium-to-resume-trading-on-the-tsx-v-and-enters-into-agreement-to-sell-shares-of-1503571-b-c-ltd,NEWS
1929,https://eurowebpage.com/tool/icon-generator/icon/hand-scissors-o,OTHER
1931,https://evanevanstours.com/blog/oldest-cinemas-in-london-to-watch-a-film-in-style/,OTHER
1935,https://events.aveva.com/aveva_day_korea_2025?i=,TECHNICAL
1936,https://evhype.com/map/canada/new-brunswick/clair,OTHER
1937,https://eviecarshare.com/welcome-to-the-ev-spot-network-paul-schroeder-hourcar-president-ceo/,NEWS
1938,https://evikk.com/productdetails/ESHJCF5QV669156,ECOMMERCE
1939,https://evoboston.com/agent/jessenia-villa,OTHER
1940,https://evolveinc.io/mental-health/anxiety/heres-6-tips-to-manage-anxiety-headaches/,OTHER
1943,https://evosaga.com/free-canada-demo-slots/,ECOMMERCE
1945,https://excesslogic.com/tag/merck-amp-co,BLOG
1946,https://exchange.nagios.org/author/pete-doyle/,TECHNICAL
1947,https://exchmarket.com/blogs/ind-vs-eng-t20-world-cup-2nd-semi-final-match-prediction,BLOG
1949,https://exileonmoanstreet.blogspot.com/2009/10/maurice-sendak-tells-parents-worried-by.html,FORUM/DISCUSSION
1950,https://exnl.de/2017/06,BLOG
1951,https://exnl.de/led-light-conversion-for-durst-laborator-138s,BLOG
1953,https://expedition-imports.com/unimog-spare-parts-list-e30025/,ECOMMERCE
1954,https://experience-fresh.panasonic.co.uk/ingredient/thyme/,ECOMMERCE
1955,https://experiencenegros.com/converse-spring-summer-2017-collection-now-in-bacolod/converse-cons-pro-leather/,BLOG
1956,https://expertloftconversions.co.uk/near-me/greater-manchester-gatley/,OTHER
1957,https://experts.colorado.edu/display/meshid_D02.455.426.392.368.367,EDUCATION
1958,https://experts.colorado.edu/display/pubid_23556,EDUCATION
1962,https://exterior-accents.com/sitemap/categories,ECOMMERCE
1963,https://eyeoftheflyer.com/2024/05/13/impressive-delta-corp-calls-me-within-hours-after-complaint-and-provides-a-30000-skymiles-gift/drop-bags-delta/,ECOMMERCE
1964,https://eyesonisles.com/2018/01/03/new-york-islanders-need-call-gibson-bench-halak/,NEWS
1966,https://ezcass.net/tag/activism-art-brown-credo-dog-essay-yaak/,EDUCATION
1967,https://ezipaq.com/portfolio/rhoncus-quisque-sollicitudin/,ECOMMERCE
1971,https://facommunityfoundation.org/facf-staff/lola-harmon-ramsey-3-2/,EDUCATION
1972,https://factly.forumias.com/gi-tag-to-manipur-black-rice-gorakhpur-terracotta/,BLOG
1973,https://fairfieldsproperties.com/category/home-design/,BLOG
1977,https://falconforums.com.au/forumdisplay.php?9-General-Discussion&s=7bcd2d85ca9e4f2d61b1ceccc0def203,FORUM/DISCUSSION
1978,https://falconsurfacing.co.uk/car-park-surfacing-in-richmond-upon-thames/,GOVERNMENT
1979,https://falenformulatesfiction.blogspot.com/2010/12/in-which-we-had-no-interwebs.html?showComment=1291642691888,BLOG
1980,https://fallcreekcabins.com/blog/page/3/,BLOG
1981,https://familyfilmproject.com/en/event/blue-screen/,OTHER
1982,https://famousinterviewswithjoedimino.blogspot.com/2023/07/professional-astrologer-michael.html,BLOG
1986,https://fashionmodelsecret.com/sport/arsenal-4-chelsea-0-gabriel-jesus-odegaard-saka-and-sambi-lokonga-goals-see-gunners-run-riot-against-dismal-blues-the-sun/,NEWS
1989,https://fategrandorder.fandom.com/wiki/Demon_Musashi%27s_Will,OTHER
1990,https://faulknerbrowns.com/practice/studio-stories/studio-ceramics,BLOG
1991,https://favim.com/christmas+nails/,ECOMMERCE
1992,https://favoritehairstyles.com/tag/knotless-braids-hairstyles/,ECOMMERCE
1996,https://fdanj.nlm.nih.gov/?author=M+%26+R+Canning+Co&f%5Bfdanj.caseissuedate%5D%5B%5D=November+1933&f%5Bfdanj.defendantnames%5D%5B%5D=South+Haven+Fruit+Exchange&per_page=10&sort=fdanj.title+desc,OTHER
1997,https://fdicampus.com/framework-session-page/,ECOMMERCE
1998,https://fecoya.co.uk/if-you-find-these-scary-looking-insects-in-your-home-heres-what-it-means-2/,ECOMMERCE
1999,https://fedica.com/!OvernameExpert,OTHER
2000,https://fedisafurniture.com/product/brass-stair-railing-balcony-grill-design-steel-ki-railing-modern-staircase-5/,ECOMMERCE
2001,https://fegge.com/products/jinse-hip-hop-9mm-round-earrings-6914,ECOMMERCE
2002,https://fencecontractorsnohomishwa.com/blog/fence-installation/,OTHER
2003,https://feral-heart.com/smf/index.php?PHPSESSID=cj62rodbifcf7skomgrkt3qg38&action=profile;u=188929,FORUM/DISCUSSION
2006,https://fetishlandstudios.com/product/juror-10-4k/,ECOMMERCE
2007,https://feweek.co.uk/lord-agnew-to-help-with-fe-and-skills-brief-at-dfe/,NEWS
2008,https://ffsagt.gt4series.com/news/269/essais-qualificatifs-le-jour-des-premieres-pour-gachet-et-servol-a-magny-cours?filter_driver_id=540,OTHER
2011,https://figshare.utas.edu.au/articles/composition/Hard_Love/23175128,OTHER
2015,https://filmstock.wondershare.com/collection/electric-sound-effects.html,OTHER
2017,https://finalfantasy.fandom.com/wiki/Romi_Park,OTHER
2018,https://find-and-update.company-information.service.gov.uk/company/04050923,OTHER
2019,https://find-and-update.company-information.service.gov.uk/company/07232492,OTHER
2020,https://find-and-update.company-information.service.gov.uk/company/07636098/persons-with-significant-control,OTHER
2021,https://finding-aids.library.gatech.edu/repositories/resources?q%5B%5D=%2A&op%5B%5D=&field%5B%5D=title&from_year%5B%5D=&to_year%5B%5D=&limit=resource&filter_fields%5B%5D=subjects&filter_values%5B%5D=Architectural+firms--Georgia--Atlanta.&filter_fields%5B%5D=subjects&filter_values%5B%5D=Architecture%2C+Modern+--+20th+century.&filter_fields%5B%5D=subjects&filter_values%5B%5D=Architects--United+States.&filter_fields%5B%5D=subjects&filter_values%5B%5D=Architectural+firms--Georgia--Atlanta.&filter_fields%5B%5D=subjects&filter_values%5B%5D=Architectural+design+--+United+States.&sort=title_sort%20asc&filter_fields%5B%5D=subjects&filter_values%5B%5D=Architecture%2C+Modern+--+20th+century.,EDUCATION
2022,"https://findingaids.loc.gov/db/search/xq/searchBrws.xq?search_term=Michelson,%20Albert%20A.%7C(Albert%20Abraham),%7C1852-1931%7CCorrespondence.&display_key=Michelson,%20Albert%20A.%20(Albert%20Abraham),%201852-1931--Correspondence.&marc_enc=600$a_q_d_v&browse_type=name",EDUCATION
2023,https://findingaids.loc.gov/db/search/xq/searchMfer02.xq?_id=loc.mss.eadmss.ms004013&_faSection=overview&_faSubsection=did&_dmdid=,EDUCATION
2024,https://findinges.com/best-emergency-nursing-books/,OTHER
2025,https://findmasa.com/artwork/38e6680d,ECOMMERCE
2027,https://finematter.com/en-au/products/small-southwestern-letter-charm/,ECOMMERCE
2028,https://finematter.com/en-dk/products/credo-ring-02-gold-plated-silver/,ECOMMERCE
2029,https://finesara.com/cute-cartoon-dinosaur-baby-bucket-hat/,ECOMMERCE
2030,https://finfowe.com/is-it-possible-to-manage-calls-during-holidays-know-about-ways/,BLOG
2031,https://finitoworld.com/theresa-villiers-this-will-be-an-indian-century/,BLOG
2032,https://finquota.com/PKBK/news/,NEWS
2033,https://fionahickiemusic.com/collection/wind-quintets,ECOMMERCE
2034,https://firstchoiceafp.com/?i=88701125518803&channel=76d474&from=product.php%3Fid%3D1255188-23486%26name%3D%E7%AC%AC11%E4%B8%96%E4%BB%A3+Fire+HD+10+%E3%82%BF%E3%83%96%E3%83%AC%E3%83%83%E3%83%88+HD%E3%83%87%E3%82%A3%E3%82%B9%E3%83%97%E3%83%AC%E3%82%A432GB,EDUCATION
2035,https://firstrealjob.com/thank-you/,BLOG
2036,https://firstthings.org/lp-thank-you/,BLOG
2037,https://fis.uni-bamberg.de/entities/publication/b525909b-48a7-40f7-9428-b45e824217f0,EDUCATION
2039,https://fisheriespermits.noaa.gov/npspub/pub_resources/pub_cmn_faq.jsp;jsessionid=9F72FF90AF2A704A233C229F4F2581BA,GOVERNMENT
2040,https://fisheriespermits.noaa.gov/npspub/pub_resources/pub_cmn_useful_links_inc.jsp;jsessionid=9055E26E352E0CB77605C52B903A1096,GOVERNMENT
2042,https://fitnesstide.com/shop/diet-sports-nutrition/sports-nutrition/protein/sascha-fitness-hydrolyzed-whey-protein-isolate100-grass-fed-2-3-pounds-peanut-butter/,ECOMMERCE
2043,https://fixmycouch.com/product/print-ls-college-sweat/,ECOMMERCE
2044,https://flagcounter.com/more30/oqPZ/31,TECHNICAL
2046,https://flanderslawfirm.com/tag/mn-guardian/,OTHER
2047,https://fliphtml5.com/homepage/xqhqy/john-laurence-villaflor/,OTHER
2048,https://flippa.com/domain-catalogs/16745?domain_characters_count=4%2C5&domain_keyword_counts=4%2C3%2C2&tld=net%2Corg,ECOMMERCE
2049,https://floorexpressmusic.com/product/cowboy-strut/,ECOMMERCE
2050,https://floorsign.com/products/y-mighty-line-letter-number-floor-marker-adhesive-4-5x10-size-pack-of-10,ECOMMERCE
2054,https://flyozone.com/speed/pl,OTHER
2057,https://fonsvitae.com/sil_translator/yusuf-t-delorenzo/,ECOMMERCE
2058,https://foodtravelleisure.com/21-unique-must-do-japan-experiences-every-traveller-needs-to-try-once/,BLOG
2059,https://foody.net.au/listing/cafe-in-time/,OTHER
2060,https://football-italia.net/player/mason-mount/?sid=636194,NEWS
2061,https://footstar.org/player/ver_jogador.asp?jog_id=162594,OTHER
2063,https://fordhamuniversitygalleries.com/artwork/4945403-%C5%BDeljka%20Blak%C5%A1ic%20AKA%20Gita%20Blak.html,OTHER
2064,https://foresight.org/resource/foresight-mentorship-with-jaan-tallinn/,TECHNICAL
2065,https://forgedformed.com/product-tag/engraved-gift/?product-page=2,ECOMMERCE
2066,https://forgottensonsapparel.co.uk/products/bury-the-hatchet-fitted-zzz,ECOMMERCE
2068,https://forms.mgcs.gov.on.ca/en/dataset/5275/resource/2c20ac23-884e-4624-a82a-cc544f06b4ae?inner_span=True,EDUCATION
2071,https://forsale.godaddy.com/forsale/aesthetelife.com?utm_source=TDFS_BINNS2&utm_medium=parkedpages&utm_campaign=x_corp_tdfs-binns2_base&traffic_type=TDFS_BINNS2&traffic_id=binns2&,ECOMMERCE
2072,https://forsale.godaddy.com/forsale/evaairitf.com?utm_source=TDFS_BINNS2&utm_medium=parkedpages&utm_campaign=x_corp_tdfs-binns2_base&traffic_type=TDFS_BINNS2&traffic_id=binns2&,ECOMMERCE
2073,https://forsheisyou.com/tag/self-care/,BLOG
2074,https://fortbendlifestylesandhomes.com/sienna-chic-grown-up-and-sophisticated-new-digs/,BLOG
2075,https://fortworthdesigndistrict.com/storage-container-fort-worth-design-district/,OTHER
2076,https://forum-linguistik.de/zza/zazakid%C4%B1m%C4%B1li/%E2%80%A2-zazaki-sero-lista-k%C4%B1taban,TECHNICAL
2077,https://forum.alfonsotesauro.net/showthread.php?tid=59527,FORUM/DISCUSSION
2078,https://forum.barrowdowns.com/member.php?u=6802,FORUM/DISCUSSION
2080,https://forum.bc100xwin.com/topic/16491-scam-with-inr-users-please-help-me-out-of-this/,FORUM/DISCUSSION
2081,https://forum.bjcp.org/search.php?search_id=active_topics&sid=14b63d287b7ee1458f5845afefa9abf0,FORUM/DISCUSSION
2082,https://forum.bryntum.com/viewforum.php?f=1&sid=c64843cce72343236d7510cd974d7f5e,FORUM/DISCUSSION
2083,https://forum.cancuncare.com/proxy.php?link=https://liff.line.me/2008254240-8R5yeABk,FORUM/DISCUSSION
2084,https://forum.enlisted.net/t/normandy-campaign-lvl-37-40-suggestions/43572,NEWS
2085,https://forum.hex-rays.com/ucp.php?mode=register&sid=b2018f121841392e6aa599b20e1621c7,FORUM/DISCUSSION
2086,https://forum.hp41.org/viewtopic.php?f=4&p=2223&sid=47add42c3989adf0a6e0c6d5e01d4762,FORUM/DISCUSSION
2087,https://forum.ipxe.org/search.php?action=results&sid=22372a84d9d303907ae874e30435d377&sortby=forum&order=asc,FORUM/DISCUSSION
2088,https://forum.laser-tank.com/memberlist.php?mode=contactadmin&sid=cec734ba5ae38ccb526eabf8d55f3299,FORUM/DISCUSSION
2089,https://forum.m5stack.com/user/mb666infoo/groups,FORUM/DISCUSSION
2090,https://forum.maxwellrender.com/app.php/help/faq?sid=9d4e30b99ab06190bc168f825f39bbf8,FORUM/DISCUSSION
2091,https://forum.motionoperators.com/app.php/help/faq?sid=5837edf76648e6d405f296ca906a7ca9,FORUM/DISCUSSION
2093,https://forum.nameberry.com/t/adrienne-lucia-or-nadine/475315,BLOG
2094,https://forum.pioneerspacesim.net/index.php?sid=ceae1e866a74f862818c3d476a8f24f1,FORUM/DISCUSSION
2095,https://forum.pioneerspacesim.net/ucp.php?mode=register&sid=34907135ecef8ad66a4dabc3312576c4,FORUM/DISCUSSION
2096,https://forum.puzzlebaron.com/register?urlpath=aHR0cHM6Ly9mb3J1bS5wdXp6bGViYXJvbi5jb20vL2ZvcnVtL3B1enpsZS1iYXJvbi93b3JkdHdpc3QvMTkwNTQtZmF2b3VyaXRlLXdvcmRzLWZvdW5kL3BhZ2UxNg%3D%3D,FORUM/DISCUSSION
2097,https://forum.salixos.org/viewforum.php?f=43&sid=adfc4784b37e7263ff62e1cf7d8d5923,FORUM/DISCUSSION
2098,https://forum.spacehey.com/user?id=1546849,FORUM/DISCUSSION
2099,https://forum.synapse-audio.com/index.php?sid=7cc77ecfd2e61105531b2c548279bf1d,FORUM/DISCUSSION
2100,https://forum.vocore.io/ucp.php?mode=privacy&sid=2967dfe4cfbf248bdae921cd048f5e49,FORUM/DISCUSSION
2101,https://forum.vocore.io/ucp.php?mode=register&sid=954401668bf141add2f7a2229bcff4cd,FORUM/DISCUSSION
2102,https://forums.airdroid.com/phpbb_topic_tagging.php?sid=cbc01544856e2354d9b9a628417fc3d1,FORUM/DISCUSSION
2103,https://forums.cdprojektred.com/index.php?posts/13760839/reactions,OTHER
2104,https://forums.macrumors.com/threads/battery-health-help-please.2135231/,FORUM/DISCUSSION
2105,https://forums.mhra.gov.uk/forumdisplay.php?15-Investigational-Medicinal-Products-(IMP)&s=71c800d09c21205c65cf9ae0c7dce3a4,FORUM/DISCUSSION
2106,https://forums.ni.com/t5/LabVIEW/extension-file/td-p/663523,TECHNICAL
2107,https://forums.pilotedge.net/app.php/help/faq?sid=d35bfba3924481cc249d68773d4e5a9e,FORUM/DISCUSSION
2108,https://forums.pilotedge.net/ucp.php?mode=terms&sid=a50edd988b3bd3d7fec9a516380c8562,FORUM/DISCUSSION
2109,https://forums.theknot.com/discussion/709518/mixed-signals-help,BLOG
2112,https://forwarderslist.com/focus_area/bankruptcy/,OTHER
2113,https://forza10.com/?lang=en_US/,ECOMMERCE
2114,https://forzafootball.com/team/lynx-fc-18056/tournaments,NEWS
2117,https://fpcj.jp/en/prlisting/kwansei-gakuin-univ-contributing-to-carbon-neutrality20230331/,EDUCATION
2118,https://fr.streema.com/radios/XHSE,OTHER
2119,https://fr.wn.com/Cover_Up_Lisa_Lois,OTHER
2120,https://frankiefurterprice.blogspot.com/2016/04/mom-had-sinking-feeling.html?showComment=1460656182493,BLOG
2121,https://frc-events.firstinspires.org/2025/VABLA/qualifications/54,OTHER
2122,https://fred.stlouisfed.org/series/REALGDPALL17141,ECOMMERCE
2124,https://freecalculatortool.com/8th-pay-commission-salary-calculator/,OTHER
2125,https://freecourseherounlocks.net/study-resources?page=4710,EDUCATION
2127,https://freeonlineinvoice.com/download/download-product-return-debit-memo-template-in-ms-word-format/,OTHER
2128,https://freesvgfilescricut.com/product/halloween-preschool-teacher-fall-autumn-thanksgiving-teacher/,ECOMMERCE
2129,https://frescoproductsny.com/product/potato-1-gpod-3/,ECOMMERCE
2130,https://fringearts.com/event/blckgoorue/,OTHER
2131,https://fromparistomoris.com/en/tag/french-expats-in-mauritius/,BLOG
2132,https://frontendmasters.com/courses/advanced-vue/validation-library/,BLOG
2133,https://frontera.library.ucla.edu/recordings/con-la-luna-llena-0,OTHER
2139,https://fuchsia-docs.firebaseapp.com/rust/fidl_next_codec/trait.CompatFrom.html,OTHER
2140,https://fuerstenriedwest.de/en/newspaper/quartierszeitung-01-25-de/,OTHER
2141,https://fukuoka-u.repo.nii.ac.jp/search?search_type=2&q=631,OTHER
2142,https://fullfact.org/live/2023/nov/damian-green-labour-unemployment/,NEWS
2143,https://fullfact.org/online/haarp-northern-lights-repeat/,NEWS
2144,https://fulvuedrive-in.com/review/4791/Garfield+Friends+Behind+The+Scenes+Animated+,ECOMMERCE
2145,https://fundraising.sonh.org/sponsor?kw=adrenalinerush,OTHER
2151,https://fzconfidence.com/product/lg-vrf-ducted-pcb-board-ebr74907701-eax39281005/,ECOMMERCE
2152,https://gaana.com/album/kacho-anara,OTHER
2153,https://gabathon.com/tag/%D8%B9%D8%A8%D9%82%D8%B1%D9%8A%D8%A9-%D8%A7%D9%84%D8%AA%D9%85%D9%8A%D8%B2/,ECOMMERCE
2155,https://galaxyteamwear.com/product/argon-sublimated-slipover/,ECOMMERCE
2157,https://gallerix.org/storeroom/1427668153/N/1118270693/,ECOMMERCE
2158,https://game.broearn.com/id/game/2cars-39281/,ECOMMERCE
2159,https://gamersapparel.co.uk/product/566/vintage-snapback-trucker,ECOMMERCE
2160,https://gamersapparel.co.uk/product/577/gaming-mousepad-design,ECOMMERCE
2161,https://gamesided.com/2013/10/12/mlb-13-show-alcs-tigers-vs-red-sox-series-simulation/4/,NEWS
2162,https://gamesx.com/wiki/doku.php?id=controls:x686button&,OTHER
2163,https://gamesyy.com/save-the-doge-game.htm,BLOG
2164,https://gamexplore.net/cyberpunk-2077-has-sold-over-35-million-copies/,NEWS
2166,https://gamicus.fandom.com/wiki/Codex_Gamicus:Game_Index/Tb,OTHER
2167,https://gamingshogun.com/2025/01/23/tiny-garden-release-date-trailer/tiny-garden-key-art/,NEWS
2168,https://gamingwithanna.com/tag/croatia-belgium-fifa-world-cup-2022/,NEWS
2169,https://gandeyscircus.com/shop/?product_count=12&product_view=list&product_orderby=price,ECOMMERCE
2171,https://garygrayauthor.com/free-slots-for-cash-no-deposit-uk/,BLOG
2172,https://gasparsbest.com/product-tag/fiberaid-arabinoglactan/,ECOMMERCE
2176,https://gbissaquah.com/2019/12/04/claim-your-bottle/,OTHER
2177,https://gbwindowcleaning.com.au/areas/mount-eliza,ECOMMERCE
2178,https://gcamapk.io/google-camera-for-samsung-galaxy-a13-5g/,OTHER
2179,https://gcc.gnu.org/pipermail/gcc-bugs/2022-April/783670.html,TECHNICAL
2180,https://gdgoenkalko.com/gd-goenka-public-school-tops-in-cbse-schools/,EDUCATION
2181,https://gds.blog.gov.uk/2019/03/25/the-future-of-digital-identity/,BLOG
2182,https://gds.blog.gov.uk/author/nadia-mugeni-senior-user-researcher-gds/,OTHER
2183,https://gearfixup.com/choosing-the-right-dental-care-plan-for-your-lifestyle/,OTHER
2184,https://gearfixup.com/the-ultimate-guide-to-playing-slot-gacor-games-in-2024/,BLOG
2186,https://gedbas.genealogy.net/person/uid/47901/678E3FB57025ED43BAE3242B7C8E3BCBAA68,TECHNICAL
2187,https://geekhack.org/index.php?PHPSESSID=o5b6kasrvv0uhnt067u593kvcbhcs5l4&topic=125804.0;wap2,OTHER
2188,https://geeksofdoom.com/tag/jason-lee,BLOG
2189,https://geeksui.codescandy.com/geeks-rtl/pages/landings/home-academy.html,EDUCATION
2190,https://geliotech.co.uk/terms-and-conditions/,ECOMMERCE
2191,https://gemidox.net/usa/masaje-convencionales/categoria-exclusivas,EDUCATION
2192,https://gemmalouise.co.uk/2025/07/easy-home-styling-with-kids-around-clip-on-blinds.html,BLOG
2193,https://gendev.spritesmind.net/forum/viewforum.php?f=27&sid=9ffa74b806c924a7ccd9a582f2239ee9,FORUM/DISCUSSION
2195,https://generations.regionofwaterloo.ca/ahnentafel.php?personID=I185501&tree=generations&parentset=0&generations=4,OTHER
2196,https://genericbucket.com/product/calcigen-d3-capsule-cholecalciferol/,ECOMMERCE
2197,https://genericbucket.com/product/finast-t-capsule-tamsulosin/,ECOMMERCE
2200,https://genetic25productions.com/artist/default.cfm?bandid=1541855&content=songs&tagids=5981,OTHER
2201,https://genomecanada.ca/project/gencounsel-optimization-genetic-counselling-clinical-implementation-genome-wide-sequencing/,EDUCATION
2202,https://geodiscovery.uwm.edu/catalog/VAC9619-001701,EDUCATION
2203,https://gerrit.googlesource.com/gerrit/+/77e1c41c7e573c494f825678ecd171414df7f938/lib/LICENSE-Apache2.0?autodive=0%2F%2F%2F%2F%2F%2F,OTHER
2205,https://get-a-wingman.com/author/katefunk/,BLOG
2206,https://getfirewise.org/contact/,NEWS
2207,https://getvarsityjackets.com/product/vanderbilt-university-black-letterman-jacket/,ECOMMERCE
2208,https://gewuerz-tee-vilim.de/landing/,ECOMMERCE
2210,https://ghostgunsforsaleaustralia.com/featured_item/lookbook-summer/,ECOMMERCE
2211,https://gifdb.com/gif/linda-noche-sleeping-moon-buenas-noches-tf14e0t1yqmf9cc6.html,OTHER
2214,https://gilbertumc.org/about,OTHER
2215,https://giomarconi.com/es/exhibition/wade-guyton-os/installation-views,NEWS
2216,https://giphy.com/clips/eternalfamilytv-eternal-tv-family-3exzreGhdE78MHtcfY,OTHER
2217,https://girtonbaptistchurch.org.uk/events/zoom-prayer/,TECHNICAL
2218,https://gist.github.com/yannabraham/9890df6f18fc1e337a42dd8ec89d4e1b,OTHER
2219,https://git.coolaj86.com/coolaj86/fizzbuzz/?type=all&sort=mostcomment&state=all&milestone=0&project=0&assignee=0&poster=0,TECHNICAL
2221,https://git.csclub.uwaterloo.ca/public/csc-propaganda/pulls?q=&type=all&sort=recentupdate&state=open&labels=75%2C74%2C78%2C77&milestone=0&project=0&assignee=-1&poster=0,TECHNICAL
2222,https://git.enib.fr/groups/pole-web/-/merge_requests?label_name%5B%5D=Type%3A%3ARegression&sort=created_asc&state=opened,TECHNICAL
2223,https://gitbook.com/docs/creating-content/blocks/ordered-list,TECHNICAL
2224,https://gite.lirmm.fr/explore/projects/topics/vrep?archived=only&language=43&sort=latest_activity_desc,TECHNICAL
2225,https://github.com/qgis/QGIS/commit/7fc1b8733f8bdb32ddc797aa66f6f1ca865c2e8f,TECHNICAL
2226,https://github.com/ros-controls/control.ros.org/blob/rolling/index.rst,TECHNICAL
2227,https://gitlab.haskell.org/explore/projects/topics/Glorious?archived=only&language=14&sort=latest_activity_asc,TECHNICAL
2229,https://gjjlpfw.com/search/cid/485.html,ECOMMERCE
2230,https://glamermaid.com/products/bunny-kids-nails,ECOMMERCE
2231,https://glancehomeservices.com/barrie/allandale-centre/laser-rust-removal/,ECOMMERCE
2232,https://glasshalffull-kim.blogspot.com/2012/04/2-wheels.html?showComment=1335822936928&m=0,BLOG
2233,https://global-shop.scholastic.co.uk/products/Owl-Babies-6-Copies-9789999329262,ECOMMERCE
2234,https://global-shop.scholastic.co.uk/products/Secret-Scenes-Search-and-Find-3-Book-Set-9789999731454,ECOMMERCE
2235,https://global.lacoste.com/en/lacoste/men/clothing/underwear-lounge-wear/loungewear/SH9462-00-MTG.html,ECOMMERCE
2237,https://globalfreedomofexpression.columbia.edu/laws/s-afr-johannesburg-stock-exchange-another-v-witwatersrand-nigel-ltd-another-1988-3-sa-132/,EDUCATION
2238,https://globalgatheringplace.com/event/computers-for-beginners-2/2025-11-17/,OTHER
2240,https://globalmedicals.com/product/seal-tight-cast-and-wound-protectors/,ECOMMERCE
2241,https://globalpeaceprayers.org/?products%2F7629827%2F,OTHER
2242,https://globaltrained.com/tag/monthly-subscription-for-power-bi-hr-tools/,OTHER
2243,https://globalvision2000.com/forum/ratethread.php?tid=624&rating=3&my_post_key=93cd6c14c456c21505b75c9ffc3b10a2,FORUM/DISCUSSION
2244,https://globalvoices.org/2008/06/26/lithuania-missile-defence-alternative/,NEWS
2246,https://glorno.com/index.php/2025/01/19/caltech-university-summer-research-program-2025-in-usa-fully-funded/,EDUCATION
2247,https://glorno.com/index.php/2025/02/06/einstein-fellowship-program-2026-in-germany-fully-funded/,EDUCATION
2249,https://glowfast.com/product-category/glow-fast-luminous-technology/yachting/glowfast-gear/page/2/,ECOMMERCE
2251,https://gml.noaa.gov/data/data.php?pageID=15&category=Greenhouse%252BGases&parameter_name=Carbon%2BMonoxide&type=Flask&site=BRW,EDUCATION
2252,https://gml.noaa.gov/data/data.php?pageID=36&category=Greenhouse%252BGases&parameter_name=Carbon%252BMonoxide&frequency=Monthly%252BAverages&site=PAL&type=Flask,EDUCATION
2253,https://gml.noaa.gov/data/data.php?pageID=67&category=Greenhouse%252BGases&site=KCO&parameter_name=Nitrous%2BOxide,EDUCATION
2254,https://gnccracing.com/2015/06/20/watch-gncc-live-on-racertvcom-today-at-1-pm-est,OTHER
2255,https://gnexid.com/upcoming-activities/,NEWS
2256,https://go.googlesource.com/dl/+/19579afdf90304dec2f3eeb3f46dce220455e9e5/go1.17.10/main.go,TECHNICAL
2257,https://go.googlesource.com/gofrontend/+/78a840e4940159a66072237f6b002ab79f441b79/libgo/go/os/rawconn_test.go,TECHNICAL
2259,https://goalballlive.com/nigeria-jersey-for-afcon-2024/,NEWS
2260,https://goblinartisans.blogspot.com/2016/05/,BLOG
2261,https://gofaithstrong.com/do-you-know-the-truth-about-your-enemies/,BLOG
2264,https://gohikevirginia.com/blue-ridge-tunnel-hike/,BLOG
2265,https://goldenagepaintings.blogspot.com/2011/12/george-dunlop-leslie-kept-in-school1876.html?showComment=1324009085549&m=0,BLOG
2266,https://goldlashesmiami.com/tag/extension/,OTHER
2269,https://golfclashboss.com/the-wrath-ball-revealed-stats-sizing-my-thoughts-golf-clash/,OTHER
2270,https://golfdigestme.com/al-hamra-golf-club-fully-reopened-after-redesign-of-five-holes/,OTHER
2271,https://golfeventlocator.com/professional_golf_video_tips_profile.php?&id=286,ECOMMERCE
2272,https://golfmmctoday.com/portfolio_category/human-resources/,BLOG
2275,https://goodplanetfoods.com/tag/olive-oil/,ECOMMERCE
2277,https://goodseller-makeup.en.made-in-china.com/product/LwZfHvpTZdrY/China-Makeup-Organizer-360-Rotating-DIY-Adjustable-Cosmetics-Organizer-Box.html,ECOMMERCE
2278,https://gorehoundmike.blogspot.com/2012/11/,BLOG
2279,https://gospelebooks.net/christian-ebook-deals/the-daughters-walk.html,BLOG
2280,https://goturbo.net/msdasy10039-replacement-distributor-shaft,ECOMMERCE
2281,https://goulburnsoldiers.com.au/events/category/whats-on/,OTHER
2282,https://goxploretours.com/?attachment_id=9094,BLOG
2284,https://grace2help.net/day-12-may-23/,BLOG
2285,https://gradynewsource.uga.edu/harvest-for-the-homeless/screen-shot-2014-11-10-at-3-30-12-pm/,NEWS
2286,https://grainger.de/music/composers/atkinsn.html,OTHER
2287,https://grammarstreet.com/2025/04/30/opposite-of-baneful-a-complete-guide-to-positive-and-beneficial-language/,EDUCATION
2288,https://grammarstreet.com/2025/04/30/unlocking-the-opposite-of-uncareful-a-comprehensive-guide/,EDUCATION
2289,https://graphicmama.com/login/aHR0cHM6Ly9ncmFwaGljbWFtYS5jb20vY2FydG9vbi1jaGFyYWN0ZXIvaGFsbG93ZWVuLXNjYXJlY3Jvdy1jYXJ0b29uLXZlY3Rvci1jaGFyYWN0ZXI=,ECOMMERCE
2290,https://graydreamofficial.com/tag/concierto-de-rock-en-bellvitge/,ECOMMERCE
2292,https://greatbookmarking.com/story20647740/simplify-your-money-matters-tax-accounting-bookkeeping-solutions,FORUM/DISCUSSION
2293,https://greatbutforgotten.blogspot.com/2013/04/out-of-silent-planet-book.html,BLOG
2294,https://greatdubai.com/rent-a-car/listing/rent-chevrolet-camaro-ss-coupe-v8-2020-in-dubai,ECOMMERCE
2295,https://greatgaragedoors.co.uk/near-me/greater-london-isle-of-dogs/,OTHER
2296,https://greatgaragedoors.co.uk/near-me/hampshire-yateley/,OTHER
2297,https://greatindiankitchen.com/page/reservation,ECOMMERCE
2298,https://greenappleco.com/product/furniture/coffee-tables/bordeira-nesting-coffee-table-set3-strong-vein-marble-oak/,ECOMMERCE
2299,https://greenbay.craigslist.org/search/jjj?lang=pt,OTHER
2300,https://greenbusinessjournal.co.uk/net-zero-recognising-the-challenges-ahead/,EDUCATION
2301,https://greencarpetscleaning.com/5-qualities-to-search-for-in-a-professional-carpet-cleaner-in-bell-canyon-ca/,ECOMMERCE
2302,https://greeneremodeling.com/blog-128659,OTHER
2303,https://greenhound.com.au/privacy-policy,ECOMMERCE
2304,https://greenmountaintimes.com/end-of-life-vermont-deaths-during-week-ending-dec-24-2022-did-not-exceed-death-expectancy/,NEWS
2307,https://greenwichvillagenydailyphoto.blogspot.com/2010/04/jefferson-market-library.html?showComment=1270855850532,BLOG
2308,https://greggfarmservices.com/p/peak-mini-incandescentautomotive-bulb-841886104235,ECOMMERCE
2309,https://gregorian-chant.ning.com/members/OliverVogel/content?type=PhotoEntry&context=contributor,FORUM/DISCUSSION
2310,https://gregorysigns.com/project-category/pylons/,OTHER
2311,https://greyaestheticsoc.com/shop/pca/,ECOMMERCE
2312,https://grimmgallery.com/publications/,ECOMMERCE
2313,https://groomerseafood.com/product/de-cecco-fettuccine-pasta-2/,ECOMMERCE
2314,https://groovetrackers.com/2016/11/25/transistor-at-cruise-terminal-43zpgex,OTHER
2317,https://groups.google.com/g/flibug/about,OTHER
2318,https://growfusely.com/blog/b2b-seo-agencies,OTHER
2320,https://gs.statcounter.com/ios-version-market-share/mobile-tablet/myanmar/2015,NEWS
2321,https://gs.statcounter.com/screen-resolution-stats/desktop/montserrat/2012,NEWS
2322,https://gscheezheng.en.made-in-china.com/product/XJqRiFmoaVYn/China-Cordyaceps-Sinensis-Extract-Powder-10-Polysaccharide-Cordyceps-Extract-Powder-Fungi-Extract.html,ECOMMERCE
2323,https://gscn.org/scientific-resources/job-market,EDUCATION
2324,https://gsmastermind.com/tag/shraddhanand/,ECOMMERCE
2325,https://gstreamer.pages.freedesktop.org/gstreamer-rs/stable/latest/docs/gstreamer_sys/struct.GstPadProbeInfo_ABI_abi.html,OTHER
2326,https://gt8-racing-team.com/epages/box103257-190301.sf/?ViewAction=UnityViewMyAccount&Locale=en_GB,ECOMMERCE
2327,https://gtrcmc.org/recovery-initiative/,OTHER
2328,https://gudri.com/insects/the-cultural-symbolism-of-the-butterfly/,BLOG
2329,https://gudri.com/wild-animals/is-the-jaguar-endangered-global-conservation-insights/,BLOG
2331,https://guntergroup.com/author/heidib/,OTHER
2334,https://gvwua.com/h20-form-from-shep-sunni-9/,OTHER
2336,https://gzhelectric.com/product.asp?ClassID=004,ECOMMERCE
2337,https://habisnontonfilm.com/tag/sinemart/,BLOG
2338,https://habitatkontrol.com/?portfolios=analytic-solutions-2,OTHER
2339,https://hadithunlocked.com/bayhaqi:18115,OTHER
2340,https://hairremovalskincarespringfieldmo.com/our-services-skin-care-springfield-mo/,OTHER
2342,https://halloween.com/halloween-ideas-for-kids.html?a=4&g=2&t=625&bt=1993&utm_content=stdfilter,ECOMMERCE
2343,https://hamtwowayradio.com/product-tag/jingtong/,ECOMMERCE
2344,https://hamtwowayradio.com/product/free-shipping-10pcs-baofeng-radio-antenna-for-baofeng-uv6r-uv-6r-walkie-talkie/,ECOMMERCE
2345,https://hanaimchurch.net/sermons/2014-08-17-%EA%B3%A0%EC%A0%84-1414-15-%EB%B0%94%EB%9E%8C%EC%9D%B4-%EB%91%90%ED%84%B0%EC%9B%8C%EC%95%BC-%EB%B6%95%EC%9D%B4-%EB%82%9C%EB%8B%A4/,EDUCATION
2346,https://handsamcompliancematters.co.uk/stuart-letley-handsam,EDUCATION
2347,https://handyvarieties.com/privacy-policy/,BLOG
2348,https://harleystreetbid.com/medical-provider/royal-brompton-hospital/,OTHER
2349,https://harsangat.com/granth-11-likhat-019-20-maghar-2018-bikarmi-ravel-kaur-swaran-kaur-babupur-de-navit-jethuwal/,OTHER
2350,https://harts-cyclery.co.uk/product/stealth-black-pentland-24-kids-bike,ECOMMERCE
2351,https://harwinton.region10ct.org/school-information/calendars,EDUCATION
2353,https://hastymarketcorp.com/store/hasty-market-275-richmond-hill/,OTHER
2354,https://havennailbar.com/service/half-arms-6851.html,ECOMMERCE
2355,https://haverhillhouse.com/product-tag/hannahware/,ECOMMERCE
2356,https://haverhillhouse.com/written/julia-rust/,ECOMMERCE
2357,https://haw.supplygloves.com/certificates/,ECOMMERCE
2358,https://hawaiimagicforum.com/category/laptop-scanner/,BLOG
2360,https://hayeshudsonshouseofhorror.blogspot.com/2009/09/movie-review-halloween-2.html,BLOG
2361,https://haymarket-production.us-east-1.elasticbeanstalk.com/books/631-turning-the-tide,EDUCATION
2362,https://haywiremag.com/tag/steamworld-dig-2/,BLOG
2363,https://hazesmokeshop.com/product-category/rolling-supplies/flavored-papers-blunts/?orderby=date,ECOMMERCE
2364,https://hboaks.com/shop-full-width/,ECOMMERCE
2365,https://hbusnews.com/home-improvment-suggestions-any-person-can-usually-benefit-from/,BLOG
2366,https://hcasni.com/pl/author/scottedgar/,OTHER
2367,https://hdlawsc.com/2024/11/15/page/2/,OTHER
2369,https://headfonics.com/tag/dj-headphones/,OTHER
2374,https://health-sciences.wcupa.edu/sciences-mathematics/mathematics/graduate.aspx,EDUCATION
2375,https://health.economictimes.indiatimes.com/news/industry/active-covid-cases-decline-to-43994/94428976,NEWS
2376,https://health.economictimes.indiatimes.com/news/pharma/sun-pharma-forays-into-nutrition-bar-segment/86045454,NEWS
2377,https://healthandhopes.com/treatments/breast-lift-surgery/,OTHER
2378,https://healthtian.com/common-underarm-skin-conditions-treatment-options/,BLOG
2379,https://healthyhuntington.org/category/urgent-care-bakersfield/,OTHER
2380,https://healthyonyou.com/blogs/news/the-soul-warming-benefits-of-adding-soup-to-your-daily-diet,ECOMMERCE
2381,https://heavyhaultexas.com/act-expo-exclusive-first-ride-in-hyzon-hydrogen-powered-fuel-cell-truck/,OTHER
2382,https://heavyweightcollectibles.com/product-tag/fighting-harada/,ECOMMERCE
2383,https://hebelihomes.com/IDX/55-Cora-Ct-Walnut-Creek-CA-94597/24438612_REIL/0005604,ECOMMERCE
2384,https://hellohousewares.com/blogs/blog/press,ECOMMERCE
2385,https://helloproject.fandom.com/it/wiki/Warugaki_%E2%91%A0,OTHER
2386,https://helloratestravelfinancing.com/walk-in-tub-financing/,ECOMMERCE
2387,https://help.addcraft.io/presenter-for-confluence/3.19/styling-elements-based-on-content-text-length,OTHER
2388,https://help.bookingkit.com/en/collections/2145832-digitalization-of-your-content,ECOMMERCE
2390,https://help.corebodytemp.com/en/articles/10447127-basics-of-heat-training,OTHER
2391,https://help.cubase.org/cubase/IDMRES-01.htm,OTHER
2392,https://help.fenix-store.com/en-US/is-ld30r-rechargeable-how-long-is-the-charging-time-340410,ECOMMERCE
2393,https://help.inaturalist.org/fr/support/solutions/folders/151000528553/page/2,ECOMMERCE
2394,https://help.ombea.com/en/article/2-deploy-u6gw6g/,TECHNICAL
2395,https://help.searchandstay.com/how-to-change-or-reset-owner-account-password-on-search-and-stay/,FORUM/DISCUSSION
2396,https://help.teamsnap.com/article/2105-how-to-score-a-game-in-teamsnap,EDUCATION
2397,https://help.weex.com/predictions/hmstr-coin-price-prediction-forecasts-can-hmstr-recover-after-dropping-to-0-0021/,NEWS
2398,https://helpdesk.serverfreak.com/en/knowledgebase/article/how-to-install-joomla-with-softaculous,TECHNICAL
2400,https://heltec.org/project/ht-m02-v2/,ECOMMERCE
2401,https://hempoilmedia.com/what-is-the-russian-lip-filler-technique/,OTHER
2402,https://hendrik.kolveng.com/index.php/2020/10/20/,OTHER
2405,https://herbalempireonline.com/product-tag/kaws-moon-rocks-collectibles/,ECOMMERCE
2406,https://heritageevents.co/library/job/case-management-nurse-at-pride-health-barre-vt-dlM3T1Jnb0dRQlFhRHd0d1lwWEJOSmIxSXc9PQ==,OTHER
2407,https://heritages-museums-infos.com/germany/,ECOMMERCE
2408,https://hermis.alberta.ca/paa/PhotoGalleryDetails.aspx?st=edmonton&cp=3490&sort=title&ReturnUrl=%2Fpaa%2FSearch.aspx%3Fst%3Dedmonton%26cp%3D3490%26sort%3Dtitle&dv=True&DeptID=1&ObjectID=GR1989.0516%2F2164+%238,OTHER
2409,https://herobizdirectory.com/location/cheaphawaiian-activities-and-tours-kailua-oahu/,OTHER
2410,https://herwigsgaragesale.com/harnessing-cloud-computing-solutions-for-efficiency.html,NEWS
2411,https://hevria.com/elad/no-great-jewish-leaders/4095753113_eb1cb65927_o/,FORUM/DISCUSSION
2412,https://heyjessica.com/skool-vs-kajabi/,BLOG
2413,https://heyremote.co/p/weekly-remote-job-roundup-nov-27th-2024-edition,TECHNICAL
2416,https://hieusachngoaivan.com/why-we-sleep-the-new-science-of-sleep-and-dreams-uk,OTHER
2417,https://hiflux.net/bbs/board.php?bo_table=E_product1&amp;wr_id=35&amp;page=2,OTHER
2418,https://highape.com/chennai/tags/beer-game,OTHER
2419,https://highonsuccess.com/salomon-x-ultra-2-gtx-review/,ECOMMERCE
2420,https://highratedbusiness.com/count-on-peek-a-boo-pediatric-care-for-child-behavioral-therapists-in-tamarac/,OTHER
2421,https://highschoolgolf.org/app/golf-tournaments/3417/player-leaderboard,EDUCATION
2425,https://hillmanlawltd.com/office-staff,OTHER
2426,https://hillsofla.blogspot.com/2016_03_20_archive.html,ECOMMERCE
2427,https://hilltopacres.ca/products/dairy-cheese/milk-cream,ECOMMERCE
2429,https://hirepestpro.com/employer/mix-digital-entertainment/,OTHER
2430,https://historical.elections.virginia.gov/elections/view/45322/,NEWS
2431,https://history.brown.edu/news/2024-03-14/choices-program-produces-new-disability-guide,EDUCATION
2433,https://hkartadvisory.com/art/artist/elliott-erwitt/no-right-turn-0,OTHER
2434,https://hkbfund.com/,OTHER
2435,https://hobbyclassic.net/en/producto/2508-calcas-tyrrell-p34-n8,ECOMMERCE
2436,https://hockeywrldnws.com/fih-indian-men-chinese-women-seal-olympic-qualification/,NEWS
2439,https://hollandfamilyhistory.co.uk/htmlfilesnew/Lancashire%20Hollands/surnfreq.htm,OTHER
2441,https://holypeas.com/koyadofu-vs-tofu-yogurt/,EDUCATION
2442,https://home.forwardparty.com/learnmore?page=34&recruiter_id=221972,OTHER
2444,https://home.woot.com/offers/easter-gnomes-decorations-for-home-9,ECOMMERCE
2446,https://homebody.com/resource-article-posts/essential-guide-to-building-your-emergency-fund-for-financial-security,OTHER
2447,https://homefragranceco.com.au/collections/serenity-diffusers/products/scribble-face-pear-lemon-fizz-1,ECOMMERCE
2448,https://homesourcetx.com/product/handmade-wooden-tree-wall-art-61-x-84-msi-434/,ECOMMERCE
2449,https://homeword.com/jims-blog/ten-tips-for-surviving-christmas-without-going-broke/,BLOG
2450,https://honeytilleyantiques.com/stock/candlesticks-and-candelabra.html,ECOMMERCE
2452,https://horsepowersonline.com/video/touring-hoards-dairyman-farm-in-wisconsin-saskdutch-kid/,FORUM/DISCUSSION
2454,https://host4ukraine.com/l/looking-for-home/623d7903-25a6-4e08-a35e-a3c85cf66138,OTHER
2455,https://hostndobezi.com/1718618538736036_3748/groups,OTHER
2456,https://hotcopper.com.au/threads/cia-sends-%E2%80%98buyout%E2%80%99-offers-to-entire-workforce.8432343/,NEWS
2457,https://hotelburgschmiet.de/en/our-rooms,OTHER
2458,https://hotelcontactnumber.com/australia/port-pirie/,ECOMMERCE
2459,https://hoteldanubebleu.ca/,OTHER
2461,https://hotseatreport.com/tag/colgate-raiders/,NEWS
2462,https://housecleaningthousandoaks.com/drain-cleaning-eagarville-village-illinois/,ECOMMERCE
2463,https://houseofyogavirtual.com/courses/yoga-for-the-heart/lectures/63541761,OTHER
2464,https://housing.com/rent/single-room-for-rent-in-thirukkachur-chennai-C3P4lqfj25ygrsw1sdu,OTHER
2465,https://howcharmingphotography.com/hs-seniors/cheyenneh2020/,BLOG
2466,https://hownow.brownpau.com/archives/2006/06/recent-reading,BLOG
2467,https://hpcbristol.net/visual/Hv40-55,EDUCATION
2468,https://hrinnovatorsgroup.com/optimizing-hr-workflows-through-automation-a-guide-to-efficiency-and-accuracy/,OTHER
2469,https://hsdent.com/order-form/?r=39474&wcm_redirect_to=post&wcm_redirect_id=39474,ECOMMERCE
2470,https://http.kali.org/pool/main/r/rust-nohash-hasher/?C=M&O=A,TECHNICAL
2471,https://hu.burberry.com/check-folding-card-case-p80701951,ECOMMERCE
2472,https://hu.burberry.com/panelled-denim-trousers-p81131581,ECOMMERCE
2473,https://huamemo.com/product-tag/decorative-eternal-flower/,ECOMMERCE
2475,https://hub.uberflip.com/wistia-60-second-series/creating-content-collections-in-60-seconds,OTHER
2476,https://hubcomputersgh.com/televisions-39/?add-to-cart=17593,ECOMMERCE
2477,https://hudsondiscountpharmacy.com/patient-resources/article/2665235726/early-life-removal-of-ovaries-could-bring-faster-aging,EDUCATION
2478,https://hudsonvalleypost.com/ixp/706/p/bobcat-kittens-rehabbing-new-york/,NEWS
2480,https://humbeehoney.com/tag/antibacterial-properties-of-honey/,ECOMMERCE
2481,https://humblebeaststrength.com/signup?membership=96679&type=1,OTHER
2483,https://hungryforhits.com/signup.php?rid=753,ECOMMERCE
2484,https://huntmecoupons.com/store/simon-carter-uk/,ECOMMERCE
2485,https://huntthenight.com.au/products/fiocchi-30-06-180gr-sp-20pk,ECOMMERCE
2487,https://iab.de/en/publications/publication/?id=12661130,EDUCATION
2488,https://iambossy.com/tag/cook/page/2/,BLOG
2489,https://iambowling.com/terms-conditions/,ECOMMERCE
2490,https://iamondemand.com/blog/amazon-nova-awss-strategic-pivot-in-the-enterprise-ai-landscape-part-1/,EDUCATION
2491,https://iarchives.nysed.gov/xtf/search?accessterm=New%20York%20(State).%20Department%20of%20Correctional%20Services;accessterm-join=exact;smode=simple;f5-subject=Bertillon%20system;f18-subject=Prisons;f19-subject=Female%20offenders;f20-subject=Reformatories%20for%20women--New%20York%20(State),EDUCATION
2493,https://ibccdigitalarchive.lincoln.ac.uk/items/browse?tags=Bombing+of+the+Saumur+tunnel+%288%2F9+June+1944%29,BLOG
2495,https://ibennie.netrbx.com/stores/275-burpee-gardening,ECOMMERCE
2497,https://ibizamusiccharts.com/tales-of-arcadia-announces-stacked-line-up-ahead-of-immersive-fine-art-and-music-experience-this-september/,ECOMMERCE
2498,https://ibm-z-software-portal.ideas.ibm.com/ideas/CLSS-I-63,FORUM/DISCUSSION
2499,https://ibmcloud.ideas.ibm.com/?category=6345119684582213329&project=IDEA&sort=popular&status=6471180229511243227,FORUM/DISCUSSION
2500,https://ic.steadyhealth.com/dry-skin-solutions-for-face,ECOMMERCE
2502,https://icfbahrainchapter.com/author/icfadmin/,OTHER
2503,https://icma.org/articles/member-news/2022-icma-annual-election-results,NEWS
2504,https://icwatch.wikileaks.org/search/?page=16&action=index&company_facet=Khalil+Fattal+%26+Fils&controller=search&skills_facet%5B0%5D=Customer+Oriented&skills_facet%5B1%5D=Business+Development&skills_facet%5B2%5D=Business+Intelligence&skills_facet%5B3%5D=Knowledge+Management&skills_facet%5B4%5D=Sales&tools_mentioned_facet%5B0%5D=Sales+Presentations&tools_mentioned_facet%5B1%5D=Organization&tools_mentioned_facet%5B2%5D=Customer+Oriented&tools_mentioned_facet%5B3%5D=Business+Intelligence,TECHNICAL
2505,https://id.loc.gov/authorities/subjects/sh2006004763.html,EDUCATION
2506,https://id.loc.gov/search/?q=rdftype:Authority&q=memberOf:http://id.loc.gov/authorities/subjects/collection_PatternHeadingH1158&q=memberOf:http://id.loc.gov/authorities/subjects/collection_PatternHeadingH1095&q=memberOf:http://id.loc.gov/authorities/subjects/collection_PatternHeadingH1149&q=mdatefacet:2010s&q=cdate:2000s,EDUCATION
2510,https://idetrading.com/product/rnf-3000-4-5-1-5-9-sp-te-connectivity-raychem-heat-shrink-tubing/,ECOMMERCE
2511,https://idhus.org/category/economy-and-resources-of-cities/,OTHER
2512,https://idhus.org/parque-rey-salman-reinventando-el-urbanismo-contemporaneo-desde-el-corazon-de-arabia-saudi/,OTHER
2514,https://idtvindradhanush.com/jharkhand/hazaribagh/,NEWS
2515,https://iebusinessdaily.com/inland-industrial-market-stay-strong-2015/,NEWS
2516,https://ieraskevi.com/en/vigil-lamps/3088-two-colored-vigil-oil.html,ECOMMERCE
2517,https://ifcgt.com/product/shoof-liquid-dishwashing-strawberry/,ECOMMERCE
2518,https://ifelawal.com/udacitymarketingnanodegree,OTHER
2519,https://iffgit.fz-juelich.de/explore/projects/topics/C++?archived=true&language=90&sort=created_asc,OTHER
2520,https://iglintels.com/2018/06/,BLOG
2521,https://ignitioncontractors.com/king-johnnie-info/,ECOMMERCE
2523,https://ihatove-web.com/?mode=grp&gid=2845557,ECOMMERCE
2524,https://iiwiars.com/health-and-wellness/do-i-have-bpd,BLOG
2525,https://images.cnrs.fr/en/photo/20190004_0021,OTHER
2531,https://images.grandpalaisrmn.fr/ark:/36255/15-594015,OTHER
2532,https://images.grandpalaisrmn.fr/preview?TYPE=MEDIA&COTE_CLICHE=20-532478&MEDIANUMBER=00099792&LCID=2,OTHER
2533,https://images.nationalcowboymuseum.org/Documents/Detail/bob-and-johnnie-lee-wills-with-three-other-mounted-cowboys/98420,OTHER
2539,https://imaginethisstuff.com/product/all-over-print-womens-long-shirt-17/,ECOMMERCE
2540,https://imetrilec.com/product-category/sistemas-puesta-a-tierra/varilla-copperweld/,ECOMMERCE
2541,https://immortal-training.com/plank-row/,BLOG
2542,https://immortalprotest.com/what-are-some-common-methods-used-to-investigate-historical-human-rights-violations/,NEWS
2543,"https://impactmap.cam.ac.uk/subject/music-drama-dance-performing-arts-film-and-screen-studies/?filter_country=italygermanygermanynetherlandsserbia,russia,chile&filter_impact=cultural",EDUCATION
2547,https://imugex.com/detail/375699,ECOMMERCE
2553,https://inches-to-mm.appspot.com/pl/3534-cal-na-milimetr.html,ECOMMERCE
2554,https://increasemyclients.com/?e=858144245,OTHER
2555,https://independentdentalsociety.com/,OTHER
2556,https://indiagiftservices.com/kids1.htm,ECOMMERCE
2557,https://indiamorpeth.com/nfl-pe,OTHER
2558,https://indianjobnews.com/amder-recruitment-2022-321-security-guard-assistant-security-officer-posts-apply-now/,TECHNICAL
2559,https://indico.ph.tum.de/register/?next=%2Fevent%2F4364%2Ftimetable%2F%3Fview%3Dindico_weeks_view,OTHER
2560,https://indienova.com/u/cypercrab/achievement,EDUCATION
2561,https://indies.com.au/fiction/the-defiance-of-frances-dickinson,ECOMMERCE
2562,https://indofiji.ca/product-tag/murti/,ECOMMERCE
2563,https://inferiustorment.com/hashtags-usage-engagement-increase-and-visibility/,BLOG
2565,https://infinitepalettes.com/palettes/d6fee163-cc1d-4557-9874-f54a71b29707,ECOMMERCE
2566,https://infinityfestival2022.com/artist/shane-griffin/,TECHNICAL
2568,https://info.oregon.aaa.com/how-does-heat-affect-your-car/,ECOMMERCE
2569,https://informalex.org/subscribe.shtml,BLOG
2570,https://informedopinions.org/ew_research-article/ew_research_article_478/,EDUCATION
2571,https://infoskol.com/tag/the-runaway-lead-lives-next-door/,OTHER
2572,https://infra.economictimes.indiatimes.com/tag/a.p.+moller-maersk+news,NEWS
2573,https://infrastructurist.com/smart-commercial-real-estate-investing-strategies-tips/,OTHER
2574,https://inhalemag.com/walter-van-beirendonck-couture-push-forward-boundaries-fashion/,BLOG
2575,https://innovationorigins.com/nl/tag/restore-nl/,ECOMMERCE
2576,https://innovety.com/?rerme%2Fu719663_html,EDUCATION
2578,https://insertmedia.bing.office.net/news/topicview?q=States+challenge+Trump%27s+birthright+citizenship+order&filters=tnTID%3D%22C2BC51CD-EEEA-49cb-A1A7-295F38D4CF1C%22+tnVersion%3D%225992081%22+Segment%3D%22popularnow.carousel%22+tnCol%3D%2223%22+tnOrder%3D%22a515d3cb-0086-47a3-8915-b93792e9e7c9%22&nvaug=%5BNewsVertical+topicviewtype%3D%222%22%5D&form=NWBTTC,NEWS
2579,https://inside.upmc.com/2015/03/,BLOG
2580,https://insidekauai.com/slottica-guvenilir-mi-gier-stolowych-738/,ECOMMERCE
2581,https://insights.infoblox.com/jp-resources/jpr/infoblox-datasheet-infoblox-dns-infrastructure-protection-jp,EDUCATION
2582,https://inspecfurniture.com/product_tag/5-leg/,ECOMMERCE
2583,https://instantbulletins.com/the-role-of-influencer-marketing-in-e-commerce-tips-for-success/,BLOG
2585,https://intaresu.com/behringer-provides-an-update-on-the-syncussion-sy-1-drum-machine/,BLOG
2586,https://integralyogamagazine.org/author/mia-velez/,BLOG
2587,https://intellivisionrevolution.com/entries/modern-gaming/evercade-collection-2-announced,NEWS
2588,https://interfax.com/newsroom/top-stories/28777/,NEWS
2590,https://interiortech.com/socialdistancing/?pg_title=social-distancing-products-reading-pa,OTHER
2591,https://internetbeginnertips.com/secure-online-shopping-on-public-wi-fi-tips-for-protecting-your-information-on-open-networks/,BLOG
2592,https://interrupto.com/big-pants-story/,BLOG
2594,https://inventionpva.com/3-months-old-50-google-voice-pva/,ECOMMERCE
2595,https://inverlochfishingandoutdoors.com.au/products/palms-the-dax-40g,ECOMMERCE
2597,https://investingintel.valuethemarkets.com/p/5-hot-investment-trends-shaping-your,NEWS
2598,https://investors.parker.com/sec-filings/all-sec-filings/content/0000076334-25-000071/ex10c2025phcstockappreciat.htm,OTHER
2599,https://invitor.com/events/any-one-in-ajman-080225,BLOG
2601,https://ip-netblocks.whoisxmlapi.com/ips/20.6.109.0/24,TECHNICAL
2602,https://ipharm.co.uk/lynx-shower-gel-black-225ml,ECOMMERCE
2603,https://iraforgold.com/gold-ira/gold-investment-strategies/,OTHER
2604,https://iranthisway.com/tag/baluchestan-of-iran/,EDUCATION
2610,https://iron.eiffel.com/repository/15.08/package/?query=tag:physics&sort-by=date,TECHNICAL
2611,https://isathi.com/courses/courses-after-12th,EDUCATION
2615,https://islamic-relief.org/news/more-than-a-word-how-excellence-is-fuelling-dignity-and-hope-in-gaza-this-ramadan/,EDUCATION
2616,https://ismartgate.com/smart-garage-door-opener-for-liftmaster-1356/,ECOMMERCE
2618,https://isr.uci.edu/biblio/?page=2&amp%3Bamp%3Bs=type&amp%3Bamp%3Bo=asc&amp%3Bamp%3Bf%5Bauthor%5D=1089&s=year&o=desc&f%5Bauthor%5D=2121,FORUM/DISCUSSION
2620,https://istanbulautoshow2015.com/info-bocoran-rtp-slot-gacor-hari-ini-teranyar-dan-terupdate-2022/,BLOG
2621,https://it-blue.de/services/ongoing-maintenance-and-support,BLOG
2623,https://itdigest.com/artificial-intelligence/seoul-robotics-to-showcase-revolutionary-3d-perception-offerings-key-partnerships-at-ces-2022/,BLOG
2624,https://items.jellyneo.net/item/59645/,ECOMMERCE
2626,https://itis.gov/servlet/SingleRpt/SingleRpt?search_topic=TSN&search_value=729560&print_version=PRT&source=to_print,EDUCATION
2627,"https://itisnthappening.com/?category1=performance,konzert,clubnacht,live&category2=&category3=2020",OTHER
2628,https://itistimetothinkformyself.blogspot.com/2010/11/sunday-160-owl-is-wise.html?showComment=1289184761769,BLOG
2630,https://itproman.com/service-monday-com.asp,OTHER
2631,https://itsaww.com/tag/bindiirwin/,OTHER
2632,https://iveraghgroup.com/swuite-grangegorman/800-gg/,ECOMMERCE
2634,https://ivetrading.com/category/press-release/,OTHER
2635,https://izcaltattoo.com/blog/axtra-portfolio/ken-kaneki/,OTHER
2638,https://jabspares.com/model-series/gxv160-series/,ECOMMERCE
2639,https://jacklowe.com/tag/the-lsp-society/,OTHER
2640,https://jackpendarvis.blogspot.com/2007/01/blogthoven.html,BLOG
2641,https://jacobsfoundation.org/author/ella-turneyatalanta-co/?post_type_option=calls-for-applications&post_focus_option=learning-societies&page=1&country_option=switzerland,EDUCATION
2642,https://jacobsfoundation.org/learning_topic_option/environment/?post_type_option=podcasts&post_focus_option=learning-schools&page=1&country_option=switzerland,EDUCATION
2644,https://jalbum.net/help/en/Special:History?topic=jAlbum&topicVersionId=16318,TECHNICAL
2645,https://jamesclemens.com/review/xrf-acb/,BLOG
2646,https://jamesmadison.org/amendment-11-enjoys-bipartisan-support-but-faces-voter-fatigue-challenge/,NEWS
2647,https://jamyang.co.uk/tag/study_buddhism/,BLOG
2648,https://jancyn.com/new-shopper-registration/,OTHER
2649,https://janessweets.blogspot.com/2011/10/english-apple-shortcake-with-brown.html?showComment=1317647116887,BLOG
2650,https://januarymagazine.blogspot.com/2014/10/this-just-in-mountain-stands.html,BLOG
2651,https://japaneseclass.jp/dictionary/%E5%8C%96%E9%AA%A8,ECOMMERCE
2653,https://jarrarcpa.com/how-to-report-erc-employee-retention-credit-on-tax-return-1120s/,ECOMMERCE
2655,https://javadoc.scijava.org/ImageJ2/net/imagej/ui/swing/updater/ReviewSiteURLsDialog.html,TECHNICAL
2656,https://javhd168.com/movie/abf-046/,OTHER
2657,https://javhd168.com/movie/mizd-388/,OTHER
2658,https://jccwarriors.com/Teams/1028/,NEWS
2659,https://jcn.com/2013/07/hello-world/,BLOG
2660,https://jcooperimageworks.com/artwork/1946453-Yellow%20House%20.html,BLOG
2661,https://jdicleaning.com/office-cleaning-services/meldrum-bay-on/,OTHER
2662,https://jdlighting.com.au/lampada-g9-bi-pin-1-6w-led-dimmable-globe.html,ECOMMERCE
2663,https://jeesusjalutasallveelaeval.blogspot.com/2016/02/phatic-tu.html,BLOG
2665,https://jeffeats.com/2018/05/03/presale-fleetwood-mac-bbt-center-sunrise/,OTHER
2666,https://jeffwylerspringfieldtoyota.net/used/Mercedes-Benz/2023-Mercedes-Benz-Sprinter-3500XD-Service-Body-23598aec0a0e08321e84e654fc574ed1.htm,ECOMMERCE
2667,https://jeffwylerspringfieldtoyota.net/used/Mercedes-Benz/2023-Mercedes-Benz-Sprinter-3500XD-cdb0d7cc0a0e0a9078005171fd21b0a8.htm,ECOMMERCE
2668,https://jemberterbina.com/dira-shopping-centre-balung.html,ECOMMERCE
2669,https://jemberterbina.com/hotel-resto-gm253.html,OTHER
2670,https://jendalmaonline.com/product-tag/grower-harvest-long-grain-rice-1kg/,ECOMMERCE
2671,https://jenkinsstandinthegap.org/2024/11/21/high-limit-pokies/,BLOG
2673,https://jerseyprivateer.blogspot.com/2020/06/,BLOG
2674,https://jessicainthekitchen.com/teriyaki-tofu-recipe/comment-page-1/?_sft_category=vegan&sf_paged=3,BLOG
2675,https://jewasity.com/news/yemen-s-houthi-leader-criticizes-trump-over-israel-support-predicts-continued-middle-east-tensions,NEWS
2676,https://jflowersoh.com/collections/grandparentsday,ECOMMERCE
2677,https://jfwonline.com/category/fashion/page/5/,OTHER
2678,https://jg1999.jp/archives/testimonials/testimonial-05,ECOMMERCE
2680,https://jharaphula.com/tips-for-healthy-lifestyle-ayurvedic-doctor/,BLOG
2684,https://jiosufiyan.com/tag/leg-exercise/,OTHER
2685,https://jjgf.com/academy-member/spes-martial-arts-gym,ECOMMERCE
2687,https://jjzhsjjd.com/vod/mggcdm/play/214159-1-6.html,TECHNICAL
2688,https://jkwrangler.com.au/the-feds-want-your-car-to-snitch-on-you/,BLOG
2689,https://jlc.dcsdschools.org/about-us/?const_page=3&,EDUCATION
2690,https://jmgraphicsdesign.com/,OTHER
2691,https://jmvacations.ca/package/azores-island-hopping-package,ECOMMERCE
2694,https://jobs.stafftodayinc.com/jb/Healthcare-Jobs-Jobs-in-Chowchilla-California/12189797,OTHER
2695,https://jobs.tacobell.com/job/shift-lead/rainsville-AL/6403143/,OTHER
2696,https://jobs.tacobell.com/job/team-member/huntington-beach-CA/4823438/,OTHER
2697,https://jobs.trinity-health.org/saintalphonsus/job/TRHEUS00632769SAINTALPHONSUSENUS/Registered-Nurse-Telemetry-Full-Time-Nights,TECHNICAL
2698,https://jobsalertguru.com/tag/e-shram-port/,TECHNICAL
2699,https://jobsearch.alstom.com/job/Saint-Bruno-Train-RAMS-Engineer-QC/1096006401/,OTHER
2700,https://jobsearchug.com/job/senior-human-resource-officer-wanted/,OTHER
2701,https://joehollcraft.org/recommended-books,BLOG
2702,https://joelnewby.com/surveys,OTHER
2703,https://joemaller.com/990/a-web-focused-git-workflow/,BLOG
2706,https://johnnygoodtimes.com/2004/10/unbelievable-story-of-the-day/,TECHNICAL
2707,https://johnpapagros.com/product-tag/johnpapagros/,ECOMMERCE
2708,https://johnstonpaint.com/flooring/carpet/products/philadelphia-commercial-latest-trend-blue-clover-98402_54098/,OTHER
2709,https://joindatacops.com/resources/roas-calculator-tools-and-formulas-for-true-ad-efficiency,BLOG
2711,https://jolietslammers.com/event/home-game-slammers-vs-mississippi-mud-monsters-2/,NEWS
2712,https://jolietslammers.com/event/home-game-slammers-vs-schaumburg-boomers/,NEWS
2713,https://josscreative.com/,ECOMMERCE
2714,https://journalismcourses.org/pt-br/course/2020dataethics/,NEWS
2715,https://journalofmedula.com/index.php/medula/article/view/16,EDUCATION
2718,https://jp.revolve.com/rails-armanda-short-in-black-ivory-palm-trees/dp/RAIL-WF47/?d=Womens&page=1&lc=5&itrownum=2&itcurrpage=1&itview=05,ECOMMERCE
2719,https://jpgtoexcel.com/bmp-to-jpg,OTHER
2720,https://jqcny.com/commercial-roofing-contractor-residential-roofer-roof-replacement-brooklawn-new-jersey-08030/,OTHER
2721,https://jsbaizhou.en.made-in-china.com/productimage/jAmUZRtvgpce-2f1j00sytoSvUBLlkh/China-Manufacture-Professional-Water-Safety-Rescue-Lifesaving-Oxford-Swimming-Surfing-Life-Jacket-Vest.html,ECOMMERCE
2722,https://jsdoc.moodledev.io/main/module-mod_assign_grading_actions-mod_assign_grading_actions.html,OTHER
2724,https://jspinfotech.com/why-are-digital-marketing-strategies-necessary-for-your-business/,OTHER
2726,https://jtorryart.com/2024/11/13/,BLOG
2728,https://judaliyoga.com/gallery/nggallery/gallery/hacienda-retreat-spain-2015/page/2?album=1,ECOMMERCE
2730,https://judiummediasports.com/man-utds-remarkable-emi-martinez-offer-rebuffed-as-villa-slam-door-shut/,NEWS
2732,https://jumpseller.co.uk/support/shipex/,ECOMMERCE
2735,https://justacause.com/categories/8/community-projects,OTHER
2736,https://justblogbaby.com/2018/01/29/oakland-raiders-minkah-fitzpatrick-2018-nfl-draft-profile/,NEWS
2737,https://justcareusa.org/tag/racism/,OTHER
2741,https://justjudysjourneys.com/Crystal-2lb-Chunk-Smooth-&-Textured-Beautiful-Chrysocolla-WAS-$165-00-p760312858,BLOG
2742,https://justnewreleases.com/wesoky-ancheer-stationary-indoor-fitness-bike-with-35lb-flywheel-review/wesoky-stationary-exercise-bike-lcd-monitor/,ECOMMERCE
2743,https://jwellanhui.com/product/upvc-pipe-extrusion-line/,ECOMMERCE
2744,https://k-kosupply.com/product-category/garbage-bags/,ECOMMERCE
2745,https://k-ris.keio.ac.jp/search?m=campus&l=en&s=1&p=21&cc=05&o=title,EDUCATION
2746,https://kadatravel.com/trip-tag/sun-festival/,ECOMMERCE
2747,https://kahkaham.net/read-blog/152982_expert-answers-cbse-schools-in-gurugram-faq-for-2026-27.html,EDUCATION
2748,https://kahkaham.net/read-blog/160260_cancer-diagnosis-and-oncopathology-with-dr-jay-mehta-pathologist.html,OTHER
2749,https://kakobuyguide.com/tag/ezbuycn-psg-x-air-jordan-5/,ECOMMERCE
2750,https://kamaligroup.ca/Cocoon-Condos-by-Castleridge-Homes,OTHER
2751,https://karenallen-fiberarts.com/product/kashmir-woven-paisley-shiny-silk-scarf-silver/,ECOMMERCE
2752,https://karencoventryhairdressing.co.uk/gallery/,ECOMMERCE
2753,https://karenmcamis.com/listing/73303896/7-nicols-way-easthampton-ma-01027/,ECOMMERCE
2756,https://karkpost.com/fans-go-wild-for-morgan-wallens-acoustic-version-of-cover-me-up/,BLOG
2758,https://karydesigns.com/product/roblox-water-bottle-labels/,ECOMMERCE
2760,https://katana-uk.com/products/koi-fish-katana/,ECOMMERCE
2762,https://katechengines.com/i-30497825-katech-lt-103mm-clear-anodizedbillet-throttle-body.html,ECOMMERCE
2763,https://kathrynfreeman.co.uk/what-i-learnt-this-week/,BLOG
2764,https://katrienvanhonacker.com/,OTHER
2765,https://katynelsoncoaching.net/2019/10,BLOG
2766,https://kb.webtrends.com/problem/html-page-title-retrieval-degrades-web-server-performance-1365448033108/,TECHNICAL
2767,https://kcls.bibliocommons.com/v2/record/S82C1935409,EDUCATION
2769,https://keithkemper.net/tag/above-beyond/,BLOG
2771,https://kenny-harris.com/Artist.asp?ArtistID=39381&Akey=QF4PTBG7,ECOMMERCE
2772,https://kentonbrothers.com/employee-bios/rob-powers-and-kb-wichita/,OTHER
2773,https://ker-awudhotel.com/2025/06/19/play-minesweeper/,BLOG
2774,https://kerbalx.com/Spatula_Hands/Krumman-K-42-Locust,ECOMMERCE
2775,https://kernel.googlesource.com/pub/scm/linux/kernel/git/luto/linux/+/3ab345fc4b95a981a83f616487bbe07ddb5b1b1a/firmware/WHENCE,TECHNICAL
2776,https://kernel.googlesource.com/pub/scm/linux/kernel/git/smb/linux-2.6.32.y-drm33.z/+/87e8ad9179f740d6f9bdd37abba5331400329ef9/include/video/sisfb.h,TECHNICAL
2777,https://kernel.googlesource.com/pub/scm/linux/kernel/git/vgupta/arc/+/14d77c4ddfd85688014541d33ef53db135503e23/include/scsi/scsi_bsg_iscsi.h,TECHNICAL
2779,https://keystonenevadakorner.com/tag/lawrence-yun/,NEWS
2780,https://kg.artsdata.ca/fr/query/show?title=Events%20in%20gatineau-cloud&sparql=list_events&graph=http://kg.artsdata.ca/culture-creates/footlight/gatineau-cloud,OTHER
2782,https://khemkamotors.com/index.php/user/agriculture/pdetail/39,ECOMMERCE
2783,https://kicks105.com/a-lucky-person-in-this-texas-town-has-an-8-million-lotto-winner/,OTHER
2784,https://kicks105.com/for-gabby-barrett-supporting-st-jude-is-a-family-tradition/,NEWS
2785,https://kicks105.com/tags/superstitions/,OTHER
2786,https://kiddiekampusaz.com/?f=f7fp0s3bgyjtqt0,OTHER
2787,https://kidsontheyard.com/es/homeschooling/kentucky,EDUCATION
2788,https://kidventurous.com/kids-southeast-mexico/nm-mcdonalds/,BLOG
2789,https://kikarsikte.net/igt-slots-play-igt-slots-online-regarding-free/,BLOG
2790,https://kiki.huh.harvard.edu/databases/specimen_search.php?mode=details&id=725814,EDUCATION
2794,https://kin.wordpress.org/plugins/tags/club/,OTHER
2798,https://kingdom-animes.eklablog.net/top/99,OTHER
2799,https://kingsonhd2022.en.made-in-china.com/product/aAgYVMvcgNhE/China-Bamboo-Viscose-Mattress-Protector-Fitted-Mattress-Topper-for-Bed-Quilted-Pillow-Top.html,ECOMMERCE
2801,https://kisahmuslim.com/tag/sunni-dan-syiah,BLOG
2802,https://kiwanisowensound.com/about/,OTHER
2805,https://kljtranscription.com/portfolio-item/foreign-systems/,OTHER
2806,https://klmdesigns.blogspot.com/2014/04/,BLOG
2807,https://kmd-clubshops.co.uk/product/farnley-leavers-hoodie-purple/,ECOMMERCE
2810,https://knollsvillage.com/2025/07/19/meet-the-board-and-community-planning-event/,NEWS
2811,https://knowhowvault.com/courses/the-complete-javascript-course-2019-build-real-projects/,EDUCATION
2813,https://knowledgeskey.com/abu-dhabi-sports-2-hd-tv-channel-schedule-11-jan-2025/,NEWS
2814,https://knowyourmeme.com/photos/3124218-okbuddyretard,FORUM/DISCUSSION
2815,https://knowyourmeme.com/photos/3149930-rchoosingbeggars-choosing-beggars,NEWS
2817,https://koeniglaw-firm.com/real-estate-law,OTHER
2818,https://kofo.com/2010/12/07/wellsville-area-burglaries-reported-to-sheriffs-office/,NEWS
2820,https://konzaglobal.com/tag/financial-advisor/,EDUCATION
2821,https://kooikerhondje.picturepush.com/fr/album/149756/16397269/prive/IMG-6734.html,OTHER
2823,https://korea-is-one.org/tag/rentals/,BLOG
2826,https://koschei.fedoraproject.org/package/akmods?collection=epel10.2,TECHNICAL
2827,https://koshergreece.com/athens-the-surrounding/city-tour-bus/,BLOG
2828,https://kouradiamondjewelry.com/?page_id=3341,ECOMMERCE
2829,https://kprofiles.com/my-teenage-boy-fantasy-boys-survival-show-contestants-profile/,BLOG
2830,https://kpu.repo.nii.ac.jp/records/4930/file_details/KJ00000078929.pdf?filename=KJ00000078929.pdf&file_order=0,TECHNICAL
2831,https://kpwproductions.net/tag/john-armich-photography/,BLOG
2832,https://krassencast.com/p/dispelling-the-hunter-biden-criminality,NEWS
2834,https://krex.k-state.edu/items/df056eb1-6786-40ce-b966-51ca9260f029/full,EDUCATION
2835,https://krispyschicken.ca/chatiw-complaints-customer-claims-free-decision-companies/,BLOG
2836,https://krod.com/tags/von-miller/,NEWS
2837,https://kryptronic.com/index.php?app=cms&ns=kintegrations&ref=Joomla&sid=2b15o381e1d65no8nv80k9706id27ic6,OTHER
2839,https://ksource.en.made-in-china.com/product/sZtTevECZuWG/China-80mm-Heat-Resistance-Ceramic-Filter-Media-Ceramic-Raschig-Ring-for-Drying-Towers.html,ECOMMERCE
2841,https://kurathaisushinj.com/menu/60305018/100140126,ECOMMERCE
2843,https://kuyhaa.org/tag/aiseesoft-video-converter-ultimate-full/,ECOMMERCE
2845,https://kvia.com/cnn-national/2022/10/24/former-minneapolis-officer-who-helped-restrain-george-floyd-pleads-guilty-as-jury-selection-set-to-begin/,NEWS
2846,https://kvia.com/news/2011/12/09/abc-7-forecast-for-friday-december-9th-2011/,NEWS
2847,https://kvia.com/news/2014/02/10/tabc-changes-what-it-means-to-be-a-beer/,NEWS
2848,https://kvia.com/news/noticias/cnn-spanish/2021/07/05/como-redactar-una-nueva-constitucion-para-un-chile-dividido-y-desigual/,OTHER
2849,https://kvia.com/news/us-world/cnn-world/2021/07/02/cows-stomachs-can-break-down-hard-to-recycle-plastic-study-finds-2/,EDUCATION
2853,https://la.psu.edu/sdp-classification/department/,EDUCATION
2854,https://la.wikipedia.org/wiki/Bartonium?action=edit&redlink=1,TECHNICAL
2855,https://la.wikisource.org/wiki/Annum_proximo,ECOMMERCE
2857,https://lacanticles.com/tag/hypostasis/,BLOG
2858,https://lacowboy.blogspot.com/2005/07/la-times-gets-resume-of-old-editor.html?showComment=1121978040000,BLOG
2859,https://lae303.com/migliori-mucchio-online-stranieri-la-manuale-definitiva-per-giocatori-italiani-nel-2025/,OTHER
2860,https://lafayette200.org/,OTHER
2862,https://laishyanchin.com/employer/znoqghiiiam/,ECOMMERCE
2863,https://lakecountryfamilyfun.com/tag/parent/,OTHER
2866,https://languages.fedoraproject.org/f10/language/mk/,TECHNICAL
2867,https://lankanewsweek.com/8395-lanka_news_week-4-Karu%20intervenes%20to%20end%20the%20elephant-human%20conflict,NEWS
2868,https://lansinghoops.com/faqtest/,BLOG
2869,https://lansinghoops.com/how-to-add-grip-to-hoop-clothes/img_9923-2/,BLOG
2870,https://lao.voanews.com/a/burma-china-may-19-2011-122236364/1200834.html,OTHER
2871,https://las.illinois.edu/news/2025-06-27/solving-mystery-ancient-enzyme-could-lead-new-carbon-capture-strategies,EDUCATION
2873,https://lasersurgery.com/treatments/restylane/,OTHER
2874,https://latinalista.com/palabrafinal/guest-voz-growth-voter-laws-threaten-the-democratic-right-vote-most-vulnerable-citizens,NEWS
2875,https://latinocleveland.com/shop/,OTHER
2876,https://laughingsquid.com/page/5/?s=international+space+station,OTHER
2878,https://laurelappliancerepairmen.com/scotsman-ice-valet-repair-/,ECOMMERCE
2879,https://laurenjmatthews.com/comics/comic/i-really-love-cheese/,BLOG
2880,https://law.lis.virginia.gov/vacode/title53.1/chapter12/,OTHER
2882,https://law360-687022171.us-east-1.elb.amazonaws.com/privateequity/articles/2293392/insignia-gets-third-1-9b-bid-as-brookfield-joins-the-fray,OTHER
2883,https://lawandreligionuk.com/2025/11/28/,BLOG
2884,https://lawandstyle.ca/career/best-practices-ryan-edmonds/,BLOG
2885,https://lawandstyle.ca/culture/life-without-parole-how-planning-a-birthday-party-is-like-prepping-for-trial/,NEWS
2886,https://lawenforcementtoday.com/violence-erupts-in-chicago-christmas-tree-lighting-eight-teens-shot-in-two-attacks,NEWS
2887,https://lawstreetmedia.com/news/tech/amended-complaints-take-on-robinhood-and-others-in-short-squeeze-multi-district-litigation/?amp=1,OTHER
2889,https://lazyseo.net/2022/10/understanding-insurance-for-tow-trucks-jeepbastard-com/,OTHER
2891,https://lbtc.co.uk/downloads/logistics/,EDUCATION
2892,https://lbtc.co.uk/marketing-public-relations-sales/marketing/why-marketing-training-courses-are-essential-for-business-success/,OTHER
2893,https://lbtc.co.uk/subject/public-sector-training,EDUCATION
2894,https://lbtc.co.uk/tag/quality-trend-analysis/,OTHER
2897,https://leabrookchurch.co.uk/winning-strategies-for-sv88-gamblers-in/,BLOG
2898,https://leaderboards.superhumansports.com/leaderboard/overall/2/4,OTHER
2900,https://leakforum.io/Thread-15M-P9-URL-LOGN-PASS,FORUM/DISCUSSION
2902,https://learn.microsoft.com/en-us/archive/blogs/jaredpar/,TECHNICAL
2903,https://learn.redhat.com/t5/Red-Hat-Learning-Subscription/PE180-and-EX380/m-p/42486/highlight/true,EDUCATION
2904,https://learning.monashhealth.org/login/forgot_password.php,FORUM/DISCUSSION
2905,https://learnorganicgardening.com/ohio-valley-and-central-midwest-native-pollinator-plants/,BLOG
2906,https://leasedadspace.com/contactus/?aid=jayecarden,OTHER
2908,https://ledbookmark.com/story6284921/effortless-communication-affordable-sms-gateway-solutions,FORUM/DISCUSSION
2910,https://ledvance.com/en-int/professional-lighting/products/led-strips--modules-and-drivers/led-strips/accessories-for-led-strips/connectors-for-led-strips-c9542,ECOMMERCE
2912,https://legal-science.com/index.php/SoL/article/view/319,EDUCATION
2913,https://legalzhold.com/category/law/page/5/,OTHER
2915,https://legendofficers.com/three-officers-appointed-as-deputy-secretaries-in-department-of-defence/,NEWS
2916,https://legeri.com/shop/stem/3ttt-quill-stem-with-alan-panto/,ECOMMERCE
2917,https://legislation.nsw.gov.au/view/html/2010-02-01/sl-2005-0418,EDUCATION
2918,https://leisuretimetravel.com/tag/heavy-rain/,OTHER
2919,https://lemkits.com/author/upor/,ECOMMERCE
2920,https://lemmy.laitinlok.com/post/205065,FORUM/DISCUSSION
2921,https://leopanitchschool.ca/about/,EDUCATION
2922,https://les2025.org/session/workshop-2-developing-sep-markets-partnerships-cellular-beyond/,OTHER
2923,https://lesourcil.com/en/produit/i-black/,ECOMMERCE
2924,https://lestacworld.com/location/asia/kazakhstan/atyrau/?currency=MYR,ECOMMERCE
2925,https://letaousa.com/collections/chocolate,ECOMMERCE
2926,https://letgrow.org/tag/high-school/,EDUCATION
2927,https://levelupmag.com/americans-are-doing-a-real-job-of-misunderstanding-britain/,BLOG
2929,https://liamsgrey.com/sample-page/,BLOG
2931,https://library.douglascountynv.gov/about_the_library/director___staff,EDUCATION
2932,https://library.tarvalon.net/index.php?title=Category:Deceased_Members,OTHER
2934,https://licensing.jamendo.com/en/tracks/AYNV5Pwr1ql/radiant-ascent-150sloop,ECOMMERCE
2935,https://licensing.jamendo.com/en/tracks/XciLgQizKld/synth-pop,ECOMMERCE
2936,https://licnmotor.com/Wiper-motor-4/1534.html,ECOMMERCE
2938,https://lifeisfeudal.com/Discussions/tags/cheat-slot-scatter-hitam,OTHER
2939,https://lifeoutofbounds.com/d330-pineapple-usd-cake-8w/,BLOG
2940,https://lifestyleretreats.com/the-lions-villa/facilities/,ECOMMERCE
2943,https://lifteurop.com/en/products/lifting-systems/lifting-beam/,ECOMMERCE
2944,https://lighthousegriefsupport.org/book_tags/cancer/,EDUCATION
2945,https://lighthousegriefsupport.org/ways-to-give/blue-butterfly-circle/,EDUCATION
2946,https://lightonyouyoga.com/category/hebden-bridge/,BLOG
2947,https://lilesco.com/blog/september-2022-business-due-dates,OTHER
2948,https://line6.com/customtone/tone/4321451/,ECOMMERCE
2950,https://links.giveawayoftheday.com/gyro-cierva.blogspot.nl,OTHER
2951,https://links.xeedly.com/widget/form/zrHtFBSR7mM2b7hSqTL1,ECOMMERCE
2952,https://linksofstrathaven.com/welcome-to-the-future-technology-4-0-enabled-automated-warehouse-technology-automation/,BLOG
2953,https://linusrecords.jp/view/category/ct383,ECOMMERCE
2955,https://liquorlibraryonline.com/shop/product/bols-liqueur-cherry-brandy-/5b1d4e5a3f036823b6130df9?option-id=dcc3b78869d7b296eb2688ae3e5ca182f9a36e7d84f39e76a85aac6190976c76,ECOMMERCE
2956,https://lisanicolerealestate.com/privacy-policy/?currency=CAD,EDUCATION
2957,https://listbell.com/story10437201/crack-your-way-to-mega-link-direct-access,FORUM/DISCUSSION
2958,https://listening-ear.co.uk/diamond/warrington/,EDUCATION
2959,https://listingsnearby.com/development/third-street-north-vancouver-townhomes,ECOMMERCE
2960,https://listography.com/7531122302,BLOG
2961,https://listography.com/cellulose,EDUCATION
2962,https://lists.centos.org/pipermail/centos-devel/2008-July/146066.html,OTHER
2963,https://lists.fedorahosted.org/archives/list/infrastructure@lists.fedoraproject.org/message/KMN2FUPMEKE4MR7K6KB7J3FOTRO572JB/,BLOG
2964,https://lists.opencores.org/websvn/filedetails?repname=neo430&path=%2Fneo430%2Ftrunk%2Fneo430%2Fsw%2Fexample%2Fmorse_translator&rev=0,OTHER
2965,https://lists.openldap.org/accounts/signup/?next=%2Fhyperkitty%2Flist%2Fopenldap-bugs%40openldap.org%2Fthread%2FBTTJRGNWJX757U6PTRMCW4QH6E4Z5VMI%2F,TECHNICAL
2968,https://littlecherrymom.com/product/ammas-addu-kaju-pista-best-baby-food/,ECOMMERCE
2969,https://littlefarms.com/shop-by-diet/vegetarian-groceries/barossa-free-range-eggs-large-301220,ECOMMERCE
2970,https://littleflowers.com.au/daffodil/,ECOMMERCE
2974,https://live.phillips.com/lots/view/1-71ASNB/lhomme-du-train,ECOMMERCE
2975,https://live.pookandpook.com/online-auctions/pook/gold-watch-fob-buttons-cufflinks-etc-8296100,ECOMMERCE
2976,https://live26jlife.org/gallery/,NEWS
2978,https://livemusicexchange.org/2017/09/,OTHER
2980,https://livingchurch.org/issue/1973-03-18/,NEWS
2981,https://livingsalishsea.ca/wp/defend-our-climate-rally/,BLOG
2982,https://ljo4d.com/hellspin-90-307/,ECOMMERCE
2983,https://ljo4d.com/tadhana-slot-777-download-367/,ECOMMERCE
2984,https://lmdashboard.com/resource/ussc-enhancing-public-transit-safety-in-2024-and-beyond,OTHER
2986,https://lnx.tonyarco.com/discografia/live-at-iseo-jazz-festival-2011/,NEWS
2987,https://locabee.uk/brands/anavy,ECOMMERCE
2988,https://localaccountantfirm.com/Nebraska/Wahoo/,OTHER
2989,https://localbridalexpos.com/bridal-expos/bridecon-wedding-expo/,OTHER
2990,https://localbusiness101.com/quick-pressure-washer-hose-repair-in-laughlin-nv/,ECOMMERCE
2991,https://localjobs.sulekha.com/us-citizen-visa-jobs-dublin-ga,OTHER
2992,https://localtravelplanner.rezdy.com/424863/300-gift-voucher?currency=SGD&lang=zh,ECOMMERCE
2993,https://localveterinarians.com/dog-breeds/bouvier-des-flandres-dog-breed-info-shedding-training-and-more/,BLOG
2994,https://locantotech.com/cargo-minus-two-the-trendsetting-category-from-a-fashion-icon/,TECHNICAL
2995,https://locate-us.iifl.com/business-loan-near-me/iifl-business-loan-delhi-tri-nagar-loan-agency-kanhiya-nagar-new-delhi-320242/Map,OTHER
2996,https://locationcarpet.com/flooring/carpet/products/anderson-tuftex-magnifique-tuscan-sea-00401_zz306/,OTHER
2998,https://locations.papamurphys.com/co/denver/8960-east-hampden-avenue,TECHNICAL
2999,https://locations.tacobell.com/ga/macon.html,OTHER
3000,https://locations.whataburger.com/tx/richmond/27002-fm-1093-rd/delivery.html,ECOMMERCE
3001,https://locationtrackinghub.com/privacy-policy-2/,EDUCATION
3002,https://lockywolf.net/2020-08-17_The-Force-of-Non-Violence-by-Judith-Butler_notes/2020-08-17_the-force-of-non-violence_judith-butler_notes-words.html,BLOG
3003,https://locumlife.com.au/home/capture-480x473-1-300x296-2/,OTHER
3004,https://lod.nal.usda.gov/nalt/es/page/?uri=https%3A//lod.nal.usda.gov/nalt/21297,EDUCATION
3005,https://logankubota.com/product/rock-buckets,ECOMMERCE
3006,https://logo2023.concellation.com/listing/concellation-2023-orbit-the-ca?product=2&variation=568&size=3558,ECOMMERCE
3007,https://lois.justice.gc.ca/eng/regulations/SOR-2010-232/index.html,OTHER
3008,https://lolaclips.com/footage-archive/3dd_entertainment/3DD-01-0043/movie_talk_with_gore_verbinski_and_movie_talk_with_anne_thompson_movie_blogger,OTHER
3009,https://london.acecafe.com/event/bike-night-6pm-36-5/,OTHER
3010,https://londonarmycadets.ca/author/no9army/,OTHER
3011,https://londonvisited.libsyn.com/254-the-science-museum,BLOG
3012,https://lonestarblower.com/aftermarket-spencer-blower-7000-multistage-oem-service-repair-parts/,ECOMMERCE
3013,https://longeviquest.com/supercentenarian/lucille-brown/,OTHER
3014,https://longpaddock.qld.gov.au/dcap/dcap-program-final-reports/,EDUCATION
3015,https://lonopnfs.firebaseapp.com/56935/52279.html,ECOMMERCE
3016,https://lostandabroad.com/hawaii-inspired-gifts-that-even-a-local-will-love/,BLOG
3017,https://loteriamoldremediation.com/locations/payette,OTHER
3018,https://lotree.com/en-US/players/game-forum/read-message.asp?id=20470,FORUM/DISCUSSION
3019,https://lotzpartners.com/typography/,ECOMMERCE
3020,https://loungefly.com/ch/saved-by-the-bell-zack-morris-retro-cell-phone-glow-large-card-holder/SBBWA0001.html,ECOMMERCE
3021,https://lovedollnetwork.com/t/some-dirty-secrets-revealed/2623,ECOMMERCE
3022,https://lovemama.net/postpartum-care/postpartum-depression-advice/,BLOG
3023,https://lowcontentplrprintables.com/shop/tags/2022-cat-plr-calendar/,EDUCATION
3024,https://lpsn.dsmz.de/genus/rubrivivax,OTHER
3025,https://lpsn.dsmz.de/species/scytonema-figuratum,TECHNICAL
3026,https://lternet.edu/biblio/a-tale-of-two-cities-understanding-the-social-and-ecological-causes-and-consequences-of-urban-change-in-washington-dc-baltimore-city/,EDUCATION
3027,https://lternet.edu/biblio/modelling-carbon-responses-of-tundra-ecosystems-to-historical-and-projected-climate-sensitivity-of-pan-arctic-carbon-storage-to-temporal-and-spatial-variation-in-climate/,EDUCATION
3028,https://ltheme.com/wordpress/plugin-collection/page/36/,BLOG
3029,https://luckybernies.com/event/the-good-time-hobo-lucky-bernies-huntley/,OTHER
3030,https://lucyclaireevents.com/,OTHER
3032,https://luxe-magazine.com/cn/article/12436-ilmaritz_carlton.html?r=37,OTHER
3033,https://luxeatguide.com/restaurants/cami-de-balafia/,ECOMMERCE
3034,https://luxeatguide.com/restaurants/la-cosmo-by-dani-carnero/,ECOMMERCE
3035,https://luxedreamer.com/4-bed-contemporary-house-plan-with-two-offices-and-prep-kitchen-4127-sq-ft/,BLOG
3037,https://lykrepair.com/google/google-pixel-4/google-pixel-4-camera-removal-service/,ECOMMERCE
3039,https://lynnfield.noblenet.org/GroupedWork/6cb7e73e-021e-4b39-112f-cce551abd6ab-eng/Home,EDUCATION
3040,https://lynnfield.noblenet.org/GroupedWork/6d541478-c5f6-df38-e783-66a4aa14c89c-rus/Home,EDUCATION
3041,https://lynnfield.noblenet.org/GroupedWork/6fa8e24b-62a7-06ab-f20b-5090b2f02b72-eng/Home,EDUCATION
3042,https://lynnfield.noblenet.org/GroupedWork/9ba99574-3011-a821-1d7e-77ee523e3dfd-eng/Home,EDUCATION
3043,https://lynnfield.noblenet.org/GroupedWork/a23ddc58-9e4d-aba2-fc55-0e8adf97760f-eng/Home,EDUCATION
3044,https://lynnjournal.com/2012/12/25/call-to-the-hall-st-marys-girls-hoop-invited-to-play-in-prestigious-tourney-in-springfield/,BLOG
3047,https://m.jspftglove.com/thermal-gloves/,ECOMMERCE
3048,https://m2c2-project.github.io/m2c2kit-docs/docs/tutorials/fundamentals/randomization/randomizing-grids,OTHER
3049,https://ma-aagda.com/meet-the-coaches/,OTHER
3055,https://magnapath.com.au/api-integration-and-cloud,OTHER
3056,https://magonedemo.blogspot.com/,BLOG
3057,https://magpcss.org/ceforum/memberlist.php?mode=leaders&sid=2d0ed6132c5bfe56ab6cb710d69a527b,FORUM/DISCUSSION
3058,https://magpcss.org/ceforum/ucp.php?mode=resend_act&sid=e588356c2c708db019e2fc9568b5aefa,FORUM/DISCUSSION
3060,https://mailarchive.ietf.org/arch/msg/ietf/0REw8aAB-1Ucm9aWBqfDvnM7UK0/,OTHER
3061,https://mailarchive.ietf.org/arch/msg/mmusic/sj-Av_SMKDRrcbr9B9wQHZ0YE6Q/,OTHER
3063,https://mailmate.jp/japan-postal-codes/Shizuoka/Shimada/427-0031,ECOMMERCE
3064,https://malakye.com/profile/allison-singer-743173/work-experience,EDUCATION
3066,https://mallafoundation.com/running-activities/,OTHER
3070,https://malumnalu.blogspot.com/2008/07/church-fete.html,BLOG
3071,https://malumnalu.blogspot.com/2009/10/opposition-withdraws-motion-of-no.html,BLOG
3072,https://mamaglueckkinderglueck.gisele-feuser-schoeps.com/dbz-coin-chart-8/,ECOMMERCE
3073,https://mamanetfille.com/untitled-9,ECOMMERCE
3074,https://man.netbsd.org/hppa/vlan.4,OTHER
3075,https://manualsoncd.com/product/kenmore-158-350-158-351-158-352-158-353-sewing-machine-manual/,ECOMMERCE
3077,https://map.purpleair.com/air-quality-standards-brazilian-pm25/brazil/amazonas/regi%C3%A3o-geogr%C3%A1fica-intermedi%C3%A1ria-de-manaus/manacapuru,TECHNICAL
3078,https://mapacog.org/data-maps/ttac-december-2015/,OTHER
3085,https://mapsted.com/en-co/coming-soon,OTHER
3086,https://maratehair.com/wristwatches-collections-information-about-watch-series/,BLOG
3087,https://marhakim.com/anatomical/,ECOMMERCE
3088,https://marianaarocha.com/en/what-they-dont-tell-you-about-dental-implants-complete-guide-before-making-a-decision,OTHER
3090,https://marinespecies.org/aphia.php?p=specdetails&id=136463&tid=290995,EDUCATION
3094,https://marketing.com.au/event/adobe-creative-cloud-introduction/,OTHER
3095,https://marketplace.microsoft.com/en-us/marketplace/consulting-services/dxc.sol-26450-wxv?certification=ws-2019%3Bsystem-center%3Bws-2012%3Bws-2016&country=SE&filters=implementation&page=1&exp=ubp8,OTHER
3096,https://marketplace.microsoft.com/id-id/product/dynamics-365/five9.9356f21b-29fb-4a1a-8b00-a4cbefcba676?tab=Overview,OTHER
3097,https://marketplace.uipath.com/listings/workflow-profiler?utm_source=internal&utm_medium=related&utm_campaign=get-process-info&clickSource=Listings.Related&recId=3613150f-80bc-4ae9-a8bc-aa14e2ae89ad,TECHNICAL
3098,https://marketshareai.uk/news/lse/bips/50416-9103,OTHER
3100,https://markheywood.com/realising-nelson-mandelas-vision-yes-we-can/,NEWS
3103,https://marrakech-bazaar.co.uk/category/uncategorised/,ECOMMERCE
3104,https://marrickvillef5s.com.au/event/2258/,NEWS
3105,https://marsproxies.com/proxies-by-location/asia/turkey/bitlis/,OTHER
3106,https://martechintents.com/tag/data-analytics-tools/,BLOG
3107,https://martechintents.com/tag/marketing-automation/page/4/,FORUM/DISCUSSION
3108,https://martechintents.com/tag/martech-challenges/,FORUM/DISCUSSION
3109,https://martenitsaspirit.com/product-category/made-in-bulgaria/,ECOMMERCE
3110,https://marvelmods.com/forum/index.php?topic=4284.msg196240,BLOG
3111,https://marvelousnews.com/299-36188,NEWS
3112,https://marvelousnews.com/index.php?blogid=9&archive=2015-07,BLOG
3113,https://marxrealty.com/leases-janus-welcomes-gluck-to-factory-district/,OTHER
3114,https://marybenfoundation.org/counseling-booking/,OTHER
3117,https://masonrytoday.com/index.php?new_month=9&new_day=6&new_year=2016,OTHER
3118,https://masterkraft.com/product/aqua-punching-bag-86kg-53cm-d/,ECOMMERCE
3122,https://mattaustinlaborlaw.com/tag/resident-advisors/,OTHER
3123,https://mattermost.biomimicry.net/p3p-fusion-calculator/,OTHER
3124,https://matthewsheaffer.com/,EDUCATION
3125,https://mauth.cbssports.com/college-football/players/29125514/dillon-thieneman/,NEWS
3126,https://maven.fabricmc.net/docs/yarn-1.20.1+build.1/net/minecraft/util/dynamic/Codecs.Either.html,OTHER
3127,https://maxfrequency.net/,BLOG
3128,https://maxious.lambdacomplex.org/git/?p=ckanext-dga-stats.git&a=commitdiff&h=26ea7570fbc1462e6c55153d83fee5648effd725&hp=0a70261735f36894f42ca2264a1a4b6dd23be1c8&d=sidebyside,NEWS
3130,https://mbmbox.com/installazioni-2/img-20240126-wa0024-2/?lang=en/,OTHER
3131,https://mbtofatlanta.com/mercedes-collision-center/?fbclid=iwar0it8i9cl14socnr7wykdab4yxpvxzuxtof40t9iu4zfls92pzwmbzbzi0,ECOMMERCE
3133,https://mcleodexpress.com/,OTHER
3134,https://mcleodexpress.com/news-stories/updated-pay-for-2022/,OTHER
3139,https://mdcrealestate.com/agent/,OTHER
3141,https://me.vt.edu/content/me_vt_edu/en/people/faculty/stremler-mark.html,EDUCATION
3142,https://mealkitcomparison.com/blog/cheapest-meal-kit-delivery-services/,ECOMMERCE
3143,https://med.nyu.edu/research/vilcek-institute-graduate-biomedical-sciences/faculty?amp%3Bfilter=%252Fresearch_areas%253ASystems%252C%2BCognitive%252C%2B%2526%2BComputational%2BNeuroscience&amp%3Bquery=&filter=%252Fdepartment%253AMicrobiology%2C%252Fresearch_areas%253AImmunology%2C%252Fresearch_areas%253AGenome%2BIntegrity%2C%252Forganisms%253AHuman%2C%252Fresearch_areas%253ARNA%2BBiology,EDUCATION
3144,https://med.ucf.edu/directory/page/7/?group_search=family-medicine,EDUCATION
3145,https://media.sra.org.uk/sra/research-publications/risk-business-case-diversity/,EDUCATION
3146,https://medialabindia.com/home/interior1600/,OTHER
3147,https://mediaprismcreative.com/business/honble-prime-minister-highlights-opportunities-for-india-to-lead-in-green-transportation-at-siam-65th-annual-convention,NEWS
3148,https://mediaproduct.fr/en/news-2/professional-trade-shows/the-salon-des-maires-smcl/,OTHER
3149,https://medibang.com/picture/642510271943356000026555819/,ECOMMERCE
3151,https://medical-books.org/product/seasonal-patterns-of-stress-immune-function-and-disease-2/,ECOMMERCE
3152,https://medicalmirror.org/covid-19-and-the-concerns-of-a-middle-liner-by-mbama-chisom/,BLOG
3153,https://medicarehms.com/tag/radiology/,OTHER
3154,https://medicine.washu.edu/news/category/biomed-21/page/6/,EDUCATION
3155,https://medidentalssb.com/product/gds-posterior/,ECOMMERCE
3157,https://medindiajournal.com/assessment-of-the-quality-of-coronavirus-related-online-information-in-hausa-language/,EDUCATION
3160,https://meduza.io/en/feature/2025/03/17/a-costly-gamble,NEWS
3161,https://meeker-mansion-25786.almoheet-travel.com/boca-raton-pressure-washing-cost-diy-vs-professional-pricing,ECOMMERCE
3163,https://meh.com/account/signin?&returnurl=https%3A%2F%2Fmeh.com%2F%40pantheist,TECHNICAL
3164,https://melbournemakerspace.org/party-for-steve-brown/,BLOG
3165,https://member.mafsi.org/our-rep-firm-members/first-market-group-llc,OTHER
3166,https://member.tw.coupang.com/login/login.pang?rtnUrl=https%3A%2F%2Fwww.tw.coupang.com%2Fnp%2Fpost%2Flogin%3Fr%3Dhttp%253A%252F%252Fwww.tw.coupang.com%252Fsearch%253Fq%253D%2525E8%2525B2%25259D%2525E8%2525B2%25259D%2525E5%2525BD%2525AC%2525E7%25258E%2525A9%2525E5%252585%2525B7%2526channel%253Drelate,ECOMMERCE
3167,https://members.baseballfactory.com/player/grayson/gunn/7c74affda7fb441598d726f2eeff8989,EDUCATION
3168,https://members.rockport-fulton.org/list/category/travel-agent-company-860,OTHER
3169,https://members.rockport-fulton.org/list/member/union-home-mortgage-robert-dominguez-9303.htm,OTHER
3170,https://members.thurstoncountyrealtors.org/event-calendar/Details/office-closed-1520960?sourceTypeId=Website,OTHER
3171,https://memes.com/m/QqBlkwpYgEX,OTHER
3172,https://memes.com/m/b_41VKAldEV,OTHER
3173,https://memory-alpha.fandom.com/wiki/Simperia?action=history,OTHER
3174,https://memphistn.gov/wpfd_file/iamaw-mou-2021-2022-signed-searchable/,GOVERNMENT
3175,https://mepc.org.au/cross-your-heart/,BLOG
3176,https://meracollege.net/en/tag/granny-revamp-gamejolt-free-download,EDUCATION
3177,https://merakibizloans.com/tag/paperless-loan-application/,OTHER
3178,https://mercerme.com/events/category/virtual/day/2025-02-19/,NEWS
3179,https://meryrecipes.com/irresistible-banana-cake-with-lemon-cream-cheese-frosting/,BLOG
3180,https://mesonet.agron.iastate.edu/GIS/apps/rview/warnings.phtml?archive=&tz=CDT&cu=0&year=2025&month=11&day=09&hour=14&minute=55&tzoff=18000&sortdir=DESC&loop=0&sortcol=issue&c=yes&lon0=-158.02349853499996&lat0=21.643859863000046&warngeo=both,TECHNICAL
3181,https://meta.wikimedia.org/wiki/Template:Lc-navigation/pl,EDUCATION
3182,https://metafintools.com/tag/development/,OTHER
3184,https://metatechtips.com/facebook-f8-keynote-2019/,TECHNICAL
3187,https://metropolismag.com/viewpoints/herman-miller-announces-the-aeron-chair-remastered/,ECOMMERCE
3189,https://mfunl.com/tag/seo-tips/,OTHER
3190,https://miafencing.com/product/mfa---t-shirt-training---skyblue/88733,ECOMMERCE
3191,https://mib-explorer.com/en/mib/module/ASCEND-MIBATMSPVC-MIB,OTHER
3192,https://micahfredericksburg.org/thin-places/,OTHER
3193,https://michaeltmurrayuk.blogspot.com/2017/11/football-manager-2018-match-review.html,BLOG
3194,https://michiganexposures.blogspot.com/2015/11/huffman-prairie-flying-field.html,BLOG
3195,https://michiganlegalhelp.org/es/user/login?destination=/es/node/12801,OTHER
3196,https://michiganlegalhelp.org/resources/public-assistance/overview-of-social-security-retirement,EDUCATION
3197,https://michiganwinecountry.com/recipes/savory-gougeres/,ECOMMERCE
3200,https://middletownpickleball.com/organizer/league-director-kiondra-mcgee/?hide_subsequent_recurrences=1&eventDisplay=past,NEWS
3202,https://midloareachamber.com/mc-events/%F0%9F%8E%84%E2%9C%A8-midlothian-chamber-annual-holiday-party-%E2%9C%A8%F0%9F%8E%84/,OTHER
3203,https://mightycollectibles.com.au/product-tag/clear/?orderby=price,ECOMMERCE
3204,https://mikebrownsmerch.com/listing/new-my-kids-are-my-life?product=633&variation=102582&size=5559,ECOMMERCE
3208,https://military-history.fandom.com/wiki/Armagnac_Regiment,OTHER
3209,https://millenniuminsurance.ca/products/condo/,OTHER
3210,https://millertechpro.com/product/lg-createboard-pro-smart-board-interactive-collaboration-for-education-enterprise/,ECOMMERCE
3211,https://millsproperty.com/properties/milbank-apartments/p1010489-edit/,OTHER
3212,https://milonestreesolutions.com.au/industries/childcare-daycare-tree-removal-maintenance/,OTHER
3213,https://miltonrotaryclub.com/stories/president-s-award,OTHER
3214,https://mindnic.com/2013/01/10/markup-image-alignment/,OTHER
3215,https://mineralocity.com/tag/market-share/,NEWS
3218,https://mirror.team-cymru.com/remi/enterprise/8/remi/x86_64/repoview/libicu69.html,ECOMMERCE
3219,https://mirrors.dotsrc.org/deepin/pool/main/z/zhpy/?C=S&O=D,TECHNICAL
3220,https://mirrors.dotsrc.org/pub/devuan/devuan/dists/oldoldstable/?C=M&O=D,OTHER
3222,https://misanpartners.com/elements-hover-boxes/,OTHER
3223,https://missniceroadscrapsit.blogspot.com/2021/04/sugarpea-designs-sweet-peek-hey-spring.html?showComment=1619823772444,BLOG
3224,https://missybcards.blogspot.com/2010/08/im-back-with-new-challenge.html?showComment=1283186713558,FORUM/DISCUSSION
3225,https://mistressclairedelacroix.com/tour/,ECOMMERCE
3226,https://mitersawjudge.com/homepage/,BLOG
3227,https://miui-germany.de/forum/index.php?thread/5243-rom-ics-miui-v4-2-8-3-by-marange-auf-deutsch/&postID=57365,EDUCATION
3228,https://mlc-ki.modiscovery.org/MyAccount/MyList/2464?sort=author,EDUCATION
3229,https://mloshoes.com/products/lgt-t100,ECOMMERCE
3232,https://mms.lccnc.org/members/calendar6c_responsive.php?group=&org_id=LPCA&td=1759291200,OTHER
3235,https://moadstorage.blob.core.windows.net/$web/Lehmann_Henschke/ps105/ps105_351.html,OTHER
3238,https://mobile.catapultems.com/paramount-usd/Mokler-Elementary/Privacy,EDUCATION
3240,https://mobilityforesights.com/product/brazil-neuralgia-treatment-market,OTHER
3242,https://mobitechxpress.com/product/lg-v20-bl44e1f-battery/,ECOMMERCE
3244,https://modernmama.com/self-care-september-ten-body-positive-influencers-to-follow/,BLOG
3245,https://modernmixvancouver.com/2011/03/11/,OTHER
3246,https://modernparentsmessykids.com/tag/school-success/,BLOG
3247,https://modernweighbridge.com.au/category/nelson,OTHER
3248,https://mohanlawhouse.com/products/the-constitution-of-india-bare-act-with-comments-along-with-supreme-court-guidelines-100-landmark-judgments-important-tips-legal-maxims-and-wit,ECOMMERCE
3250,https://momswhosave.com/tag/free-holiday-printable/,BLOG
3251,https://mondediplo.com/spip.php?page=recherche&recherche=flexible,BLOG
3252,https://moneyline.com/nfl/scores/2025-11-15,OTHER
3253,https://moneymindfulnation.com/2025/11/13/evening-digest-us-gridlock-deepens-tesla-carplay-plans-disneys-mixed-q4/,NEWS
3254,https://moneyweek.com/author/naomi-caine/page/2,NEWS
3255,https://moodle.intenalco.edu.co/login/index.php,FORUM/DISCUSSION
3256,https://moodyleather.com/mm5/merchant.mvc?Store_Code=moody&Screen=CTGY&Category_Code=sheep,ECOMMERCE
3258,https://morphos-storage.net/?page=Graphics/3D,TECHNICAL
3259,https://morriscenter.org/events/summary/page/2/?tribe-bar-date=2022-02-21,TECHNICAL
3261,https://mossland.co/product-tag/%D8%AE%D8%B2%D9%87-%D8%AA%D8%AB%D8%A8%DB%8C%D8%AA-%D8%B4%D8%AF%D9%87/,ECOMMERCE
3262,https://mostlynitpicking.libsyn.com/2015/06,BLOG
3263,https://motherduck.com/onboarding-sessions/,OTHER
3268,https://motorcyclecloseouts.com/hot-deals/street-deals/?limit=100&mode=4&page=6,ECOMMERCE
3271,https://mountainplanet.com/explore/mountains?lat=29.59214&lng=64.56624&loc=Shiby%C4%81n+Ghar,ECOMMERCE
3272,https://moveinsync.com/blog/productivity-vs-safety-finding-the-perfect-balance,BLOG
3273,https://moxieandmettle.co.uk/why-portfolios-matter/,OTHER
3274,https://mpamasonry.org/About-us.aspx,OTHER
3275,https://mpm.epawaweather.com/forum/viewtopic.php?f=12&t=524&sid=fcb496e2741d836354de09af8e200ef7,FORUM/DISCUSSION
3276,https://mprvmnts.com/tag/taxi,BLOG
3277,https://mrscleannm.com/reviews;jsessionid=C6046F6DA06102690BA98B0702702843.d0conpr001-1,OTHER
3278,https://mrush.net/rules2_all?PHPSESSID=1507ce423b722863787a079893ec1d36.1734083910.83487009&PHPSESSID=0513c6767de8c5282b42efa4fd12f029.1763349446.03877484,FORUM/DISCUSSION
3279,https://mrvpd.org/venue/waitsfield-town-office/page/2/?eventDisplay=past,GOVERNMENT
3280,https://mrwest.com.au/product-tag/no-13/,ECOMMERCE
3282,https://msproseburg.net/patient-resources/medication-savings-info/,OTHER
3284,https://msrepresented.com/?g=1047432650439,ECOMMERCE
3285,https://msrepresented.com/?g=472050480839,ECOMMERCE
3286,https://msu.edu/researchforyou/hero,EDUCATION
3287,https://mt5toolbox.com/indicator/wasd-fr/,NEWS
3288,https://mtsheep.org/breeder/montana-sheep-company/,OTHER
3290,https://mugenguild.com/forum/profile/area.statistics/PHPSESSID.eusu7i7lv4tjdb68phgdojrse3;u=80053,FORUM/DISCUSSION
3291,https://mugenracing.com/mtc2-1/?page=13,ECOMMERCE
3292,https://munchtwist.com/crispy-air-fryer-apple-fries/,ECOMMERCE
3293,https://munnartourism.com/blog/donec-vitae-sapien-ut-libero-venenatis-faucibus,OTHER
3294,https://muppetcentral.com/forum/threads/the-muppets-episode-6-the-ex-factor.59964/page-10,FORUM/DISCUSSION
3296,https://museum.geidai.ac.jp/en/exhibit/2025/10/oguranorihiko.html,EDUCATION
3297,https://museum.geidai.ac.jp/en/exhibit/2025/11/bunponichi25.html,EDUCATION
3298,https://museumofnonvisibleart.com/interviews/vivien-abrams-collens/,ECOMMERCE
3299,https://museumoftoronto.com/collection/enacting-change/,OTHER
3301,https://musicalmedicine.net/america-is-going-deaf/,ECOMMERCE
3302,https://musicbrainz.org/artist/8ef06624-4e2b-4db9-83ed-229c229fd921/events,OTHER
3304,https://musicsustainability.georgetown.edu/music-sustainability-forum-2025/,EDUCATION
3305,https://muskegvalleyrabbitry.com/en/games/miner-rush,NEWS
3307,https://my3.my.umbc.edu/groups/seb/events/143463,EDUCATION
3308,https://myaccount.trophycentral.com/mod_productReviews/displayProductReviews.php?productId=br381,ECOMMERCE
3311,https://mybalanceplanner.com/our-services/offerings/,OTHER
3312,https://mybigplunge.com/tag/beato/,NEWS
3313,https://mychamorroheritage.com/content.aspx?page_id=22&club_id=665077&module_id=537631,ECOMMERCE
3314,https://mycodb.fr/photo.php?file=Amylostereum_laevigatum_2022_pd_3.jpg&filter=,ECOMMERCE
3315,https://myfilebookit.co.uk/2025/11/08/a-peek-at-relationship-counselling/,BLOG
3316,https://mylevel2.com/events/low-carb-living-class-3-01-26/,OTHER
3317,https://mylevel2.com/events/silent-factors-of-glucose-class-1-4-9/,OTHER
3318,https://myliberla.com/best-stock-market-education-firms-with-real-time-market-simulation/,OTHER
3319,https://mymakeupcollection.com/how-can-women-revamp-their-style-with-the-latest-uk-fashion-trends.php,BLOG
3320,https://mymusic365.co.uk/09-01-2020-rawd-by-plastician,BLOG
3321,https://mypoeticside.com/show-classic-poem-8213,OTHER
3323,https://myrestraining.com/blog/aws/aws-certified-cloud-practitioner/aws-inherited-and-shared-controls/,ECOMMERCE
3324,https://myseptictank.com/massachusetts/septic-tank-pumping-in-millville-massachusetts/,OTHER
3325,https://myunisearch.com/study/canada/university/cape-breton-university/bachelor-of-arts-psychology-LRxV,EDUCATION
3327,https://myvax.com/myvax_landing/latest_vaccine_news?my_vax_articles_page=10&other_news_page=17,NEWS
3328,https://myvitalproducts.com/leaky-gut-syndrome/,ECOMMERCE
3329,https://myyezi.com/vod/snwldj/,FORUM/DISCUSSION
3330,https://naasongsmp3.net/solidots-transformative-journey-revolutionizing-industrial-connectivity/,BLOG
3331,https://nabcouk.com/social-wall/,ECOMMERCE
3332,https://naijamart.com/product-info/lg-32lq63-32-inch-hd-smart-tv/lagos/ojo/electronics/tv-dvd-equipment/brand-new,ECOMMERCE
3333,https://nakhlaa.com/,ECOMMERCE
3334,https://nalaprint.com/product/custom-halloween-spider-metal-wall-art-personalized-creepy-spider-web-name-sign-decoration-halloween-spider-sign-halloween-spider-decor/,ECOMMERCE
3335,https://namchsilversmith.com/index.php/product/21/,ECOMMERCE
3336,https://namibind.com/product/double-loop-wire-binding-twin-loop-wire-binding-ring-a-4-25-4-mm-21-2/,ECOMMERCE
3337,https://nandeepmachinetools.com/product-tag/belt/,ECOMMERCE
3339,https://nanodash.knowledgepixels.com/list;jsessionid=7B57C20CE8D83E8AA5A4A12D0730E434?0&type=http://purl.org/nanopub/x/approvesOf,EDUCATION
3340,https://nascentiahealth.org/news/nascentia-health-vaccinates-300-clients-and-caregivers-in-their-homes/,OTHER
3344,https://nativethreads.co/products/lebanese-heart-beat-hoodie,ECOMMERCE
3345,https://natsinsider.blogspot.com/2010/04/dunns-strange-start.html?showComment=1271174545058,BLOG
3346,https://nattyornotforum.com/online.php?sortby=location,FORUM/DISCUSSION
3347,https://nattyornotforum.com/ratethread.php?tid=1017&rating=1&my_post_key=c2ff6d792a4fe7196edd42949c9a004f,FORUM/DISCUSSION
3348,https://naturalblaze.com/2019/11/monsanto-pays-out-10-million-for-spraying-toxic-chemicals-on-hawaiian-crops.html,NEWS
3349,https://naturalblaze.com/2025/07/why-do-some-people-get-a-curved-back-as-they-age-and-what-can-i-do-to-avoid-it.html,BLOG
3350,https://naturalnews.com/2023-08-23-john-clauser-signs-clintel-world-climate-declaration.html,NEWS
3351,https://naturalnews.com/tag/street-drug-addiction/,OTHER
3352,https://nawafir-tours.com/destinations/syria/excursions/sayyida-zainab/,BLOG
3353,https://nbos.com/nox/item/66,TECHNICAL
3354,https://nda-paris.com/category/work/,BLOG
3355,https://ndptc.hawaii.edu/news/?page=25&page=23&page=39&page=37&page=18&page=1&page=36&page=2&page=22&page=27&page=30&page=6&page=11&page=11&page=37&page=14&page=3&page=16&page=33&page=7&page=23&page=18&page=22&page=29&page=24&page=26&page=3&page=23&page=9&page=15&page=11&page=19&page=17&page=6&page=6&page=6&page=2&page=17&page=1&page=6&page=10&page=5,EDUCATION
3356,https://ndymfg.com/about/?v=692e8df1db82,ECOMMERCE
3358,https://nebraskapublicmedia.org/en/news/news-articles/norfolk-celebrates-johnny-carson-with-comedy-festival/,NEWS
3359,https://neftyblocks.com/collection/moonminingh3/drops/234309,ECOMMERCE
3360,https://nepalgunjpati.com/?p=5427,OTHER
3361,https://nepalgunjpati.com/?p=5760,OTHER
3364,https://netfurniture.co.uk/product-tag/faux-brown-leather-seats/,ECOMMERCE
3367,https://netsoftme.com/printers/epson-tm-t88vii/,ECOMMERCE
3368,https://network.procore.com/us/pa/spring-grove/project-management-and-coordination,OTHER
3369,https://neurosurgery.ufl.edu/faculty-staff/our-faculty/brian-l-hoh-md/,EDUCATION
3370,https://new-era-homes.com/2014/10/29/signs-its-time-to-have-your-hvac-system-inspected/,BLOG
3371,https://new-era-homes.com/2019/11/08/take-the-time-to-find-the-right-led-clusters-lamps-and-other-fixtures-for-your-location/,BLOG
3373,https://new-in-the-city.com/en/ruhr-region,NEWS
3374,https://new-york-emergency-locksmith.com/locksmith-around-me-10270.html,OTHER
3375,https://new.cbssports.com/college-football/schedule/AAC/2022/postseason/16/,NEWS
3377,https://newel.com/product/osvaldo-borsani-italian-Mid-Century-modern-mixed-wood-and-parchment-sideboardbuffet-1940s,ECOMMERCE
3379,https://newenglandaviationhistory.com/tag/lieutenant-robert-c-stimson/,OTHER
3380,https://newestart.org/art-item/diab-03/diab-03/,ECOMMERCE
3381,https://newfordmodel.net/new-2026-ford-focus-rs-specs/,ECOMMERCE
3382,https://newhopeno.org/plan-of-salvation/,OTHER
3383,https://news.cryptorank.io/dubai-uae-march-18th-2025-chainwire/,NEWS
3384,https://news.fx168news.com/politics/2411/7238761.shtml,OTHER
3385,https://news.imudconnections.net/stocks-crash-globally-trump-tariffs-wreak-havoc/,NEWS
3386,https://news.jobaaj.com/news-updates/world/powerball-jackpot-soars-to-512-million-for-november-12-2025-draw,NEWS
3389,https://news.lifestyleip.com.au/inflation-surges-as-energy-rebates-run-out-of-gas/,NEWS
3390,https://news.siemens.com/es-mx/siemens-tsmc-oip-2025/,OTHER
3391,https://newsable.asianetnews.com/gallery/entertainment/zohran-mamdani-mayor-elect-of-new-york-city-7-films-filmmaker-mother-mira-nair-yleowlp,NEWS
3392,https://newsable.asianetnews.com/lifestyle/ranil-wickremesinghe-visits-madurais-meenakshi-temple-amid-legal-woes-articleshow-ww694sc,NEWS
3394,https://newsleverage.com/2022/05/29/celebration-as-onyejeocha-wins-isiukwuato-umunneochi-apc-primaries-ticket/,FORUM/DISCUSSION
3395,https://newslink.mba.org/servicing-newslink/2020/may/mba-servicing-newslink-tuesday-may-12-2020/survey-more-than-half-of-mortgage-auto-borrowers-concerned-about-making-upcoming-payments/,NEWS
3397,https://newsroom.2k.com/resources/f/civilization-vi-new-frontier-pass,OTHER
3399,https://nexsteprealestate.com/dmar-real-estate-market-trends-report-april-2018/,OTHER
3400,https://nextbillion.net/news/blockchain-based-platform-aims-protect-intellectual-property-emerging-markets-inventors-entrepreneurs/,EDUCATION
3401,https://nextbitt.com/en/case-studies/edp,OTHER
3403,https://nexttnews.com/cost-effective-tips-for-creating-successful-direct-mail-campaigns/,BLOG
3406,https://ngscollectors.ning.com/group/outside-looking-in-how-the-world-views-the-yellow-/forum/topics/the-national-geographic-as-a-cultural-fixture?commentId=1029239%3AComment%3A173909&groupId=1029239%3AGroup%3A95671,BLOG
3407,https://nhakhoarangngoi.com/en/fillings/,OTHER
3409,https://niagarainvestmentcastings.com/tn_ht-001_lg/,OTHER
3410,https://nianlearning.com/home/courses?category=web-design-amp-development&language=all,OTHER
3412,https://nicholsportlandinc.com/,OTHER
3413,https://nicklischlab.faculty.ucdavis.edu/1182-2/?page_number_3=2&page_number_6=3&page_number_4=1&page_number_0=2&page_number_5=1&page_number_12=2&page_number_1=2&page_number_9=2&page_number_10=2&page_number_11=3,BLOG
3414,https://nicks145.com/nicks-restaurant-in-ocmd-offers-delivery/,ECOMMERCE
3415,https://nicolaformichetti.blogspot.com/2009/05/luke-smalley-rip.html?showComment=1277514375567,BLOG
3416,https://nicolaformichetti.blogspot.com/2011/08/you-and-i-lady-gaga-fashion-credits.html?showComment=1316083747862,BLOG
3417,https://nicolegrodesky.com/photography/surf-photography/lakey_3/,OTHER
3418,https://nigelchapmanphotography.co.uk/event-photography/,BLOG
3421,https://nij.ojp.gov/library/publications/answer-approximate-name-search-errors-large-databases-novel-approach-based,EDUCATION
3422,https://nill-news.narf.org/2008/10/in-indian-law-bulletins-this-week.html,BLOG
3423,https://ninegrp.com/products/tts-magic-line-trolley-single-divider-for-150-litre-bagholder,ECOMMERCE
3424,https://nininid.x.yupoo.com/albums/169160591/download?uid=1&act=1,OTHER
3425,https://nintendo.fandom.com/wiki/Katsuhiko_Kanno?action=history,BLOG
3426,https://niziproject.com/s/np/page/season2?ima=1621,NEWS
3428,https://nlsbard.loc.gov/nlsbardprod/login/aHR0cHM6Ly9ubHNiYXJkLmxvYy5nb3YvbmxzYmFyZHByb2QvZG93bmxvYWQvYm9vay9zcmNoLzA0Mjc2L3ByZWZpeC9EQk0/NLS,EDUCATION
3429,https://nmwa.org/blog/nmwa-exhibitions/opening-this-week-live-dangerously/,BLOG
3431,https://nodasign.com/%E7%A5%9E%E5%A5%88%E5%B7%9D%E7%9C%8C%E6%A8%AA%E6%B5%9C%E5%B8%82%E3%81%AE%E6%AD%AF%E7%A7%91%EF%BD%9C%E6%B8%AF%E5%8D%97%E5%8F%B0%E3%83%91%E3%83%BC%E3%82%AF%E6%AD%AF%E7%A7%91%E6%A7%98%E7%9C%8B%E6%9D%BF/attachment/img_1085/,OTHER
3433,https://noiseheatpower.com/brain-aided-dancing-words-and-music-for-the-designers-republic/arrows_cover/,BLOG
3435,https://nomochair.com/products/286/no-76-2,ECOMMERCE
3436,https://nona.net/features/map/placedetail.476651/Jarchow/,OTHER
3437,https://nonfigurativephoto.blogspot.com/2013/03/,EDUCATION
3438,https://nonprofitstatenisland.org/member-organizations/soroptimist-of-staten-island/,OTHER
3439,https://nordicknots.com/us/rugs/collections/essential-flatweaves,ECOMMERCE
3441,https://normlex.com/gost-r-51534-99.html,ECOMMERCE
3442,https://northafricapost.com/941-algerian-pm-recognizes-hurdles-facing-economy.html,NEWS
3443,https://northerncalaw.com/?x=115232874111880,OTHER
3444,https://northernprideml.com/tag/shelter/,NEWS
3445,https://northgategm.com/payment-calculator/,ECOMMERCE
3446,https://northiredellnews.com/town-of-davidson-public-input-session-regarding-river-run-phase-6-master-plan-on-june-22/,NEWS
3447,https://northpadel.com/produktkategori/accessories/,ECOMMERCE
3448,https://nose-protection.com/featured_item/jp-australia-100-full-carbon/,OTHER
3449,https://nostork.com/testimonials/friday-july-15-2022-63/,OTHER
3450,https://nostork.com/testimonials/saturday-july-9-2022-60/,OTHER
3451,https://noteservicingcenter.com/judge-dismisses-class-action-status-in-batton-commission-lawsuit/,OTHER
3454,https://novalan.com/product/71825-9-6/,ECOMMERCE
3455,https://novastan.org/en/photo-of-the-day/hidden-work/?noredirect=en-GB,ECOMMERCE
3456,https://nowfabrication.com/rl_gallery/,OTHER
3457,https://nowscore.co.uk/netnaija/umjolo-the-gone-girl/,BLOG
3458,https://nowselling.ca/blog-page.html/open-house-open-house-on-saturday-april-5-2025-1200pm---300pm-8593032,OTHER
3461,https://nsscreencast.com/episodes/363-vapor-postgresql-uuid-primary-keys?series=15,OTHER
3464,https://nufferfitness.com/sl-132218/fitimiti-com-revolutionizing-fitness-yoga-healthy-lifestyle,BLOG
3465,https://nuit-blanche.blogspot.com/2014/01/saturday-morning-videos-analyzing.html,FORUM/DISCUSSION
3466,https://numpy.org/doc/stable/reference/random/generated/numpy.random.Generator.binomial.html,OTHER
3467,https://nursery.northumbria.ac.uk/facilities/?page_number_2=12&page_number_3=6&page_number_1=11&page_number_4=2&page_number_5=2,ECOMMERCE
3468,https://nursetalksite.com/on-the-show-10-25-09/,NEWS
3469,https://nusa303.com/nusa303-slot-daftar-nusa-303/,NEWS
3470,https://nutechwindparts.com/product/v91102-gasket-for-gear-box-top-cover,ECOMMERCE
3472,https://nutsby.com/adaptogens/collection/RFEDHL,ECOMMERCE
3473,https://nvd.nist.gov/vuln-metrics/cvss/v2-calculator?name=CVE-2017-5753&vector=(AV:L/AC:M/Au:N/C:C/I:N/A:N)&version=2.0&source=NIST,TECHNICAL
3477,https://nysucp.newnycontracts.com/FrontEnd/About.asp?TN=nysucp&XID=8921,OTHER
3480,https://oahu-arete.com/arete-collective-begins-construction-on-turtle-bay-development-following-delays/,NEWS
3481,https://oakcraftpizza.com/tag/catering-salem-nh/,ECOMMERCE
3482,https://oakdale.wps60.org/cms/one.aspx?portalId=18639726&pageId=18639746&objectId.400013=37849037&contextId.400013=37729815&parentId.400013=37729816&localStartDate=2025-02-19T11:05&localEndDate=2025-02-19T15:48&ref=mesTP9fg96fVsgzpWYeogJ31gXWBOV%2B1xKWDf18LAf0%3D,EDUCATION
3483,https://oakvilleimprov.com/october-10th-theatresports/,OTHER
3484,https://oapublishing.mpdl.mpg.de/journals/?filter%5B%5D=~publisher_txtF%3A%22PeerJ+Inc%22&filter%5B%5D=~topic_facet%3A%22General+Science%22&filter%5B%5D=~topic_facet%3A%22Biology%2C+Biotechnology%22&filter%5B%5D=~license_txtF_mv%3A%22CC+BY%22&filter%5B%5D=~genre_facet%3A%22full+OA%22&filter%5B%5D=~source_txtF%3A%22DOAJ%22&filter%5B%5D=~publisher_txtF%3A%22Copernicus+Publications%22&lookfor=%2A&type=AllFields,EDUCATION
3486,https://oas.dhs.in.gov/hs/training/public/calendar.do;jsessionid=WXhtGNHO_cVO4NKoLkek98FOpumf1bNSkegEi9HRl9HIoVrIiGDu!-102366903?method=filter&filterBy=TYPE&filterValue=TRAIN_CAL_24,EDUCATION
3489,https://ocali.org/2019-Employment-Guide/NavigatingAgencySupport,EDUCATION
3490,https://occ.gov/topics/consumers-and-communities/cra/perfomance-evaluations-by-month/2022/cra-performance-evaluations-apr-2022.html,EDUCATION
3491,https://occult-world.com/drish-plantation-tuscaloosa/,OTHER
3492,https://oceana.org/blog/what-happens-all-our-plastic-trash-once-it-enters-ocean/,BLOG
3494,https://ocpe.mcw.edu/lymphoma-tumor-board/node/211957,EDUCATION
3496,https://octive.wixsite.com/octivecompany/product-page/the-north-face-tech-stretch-soft-shell-jacket,ECOMMERCE
3497,https://ocw.mit.edu/courses/6-041-probabilistic-systems-analysis-and-applied-probability-fall-2010/resources/zulmqrvp-pk-1/,EDUCATION
3498,https://offalyarchives.com/index.php/informationobject/browse?sort=identifier&sf_culture=en&places=4374&sortDir=asc&collection=70807&topLod=0&view=card&onlyMedia=1,OTHER
3499,https://offerup.com/explore/k/bean-bag-chair,ECOMMERCE
3500,https://official.bankspower.com/insider_news/what-does-a-duramax-swapped-66-chevy-and-a-v8-tesla-have-in-common-banks-built-ep-44/,ECOMMERCE
3501,https://ofm.wa.gov/hr-policies/compensation-job-classes/job-classes-salaries/listing/salary-range/1391/,OTHER
3502,https://ofm.wa.gov/hr-policies/compensation-job-classes/job-classes-salaries/listing/specifications/196/,OTHER
3503,https://ogoade.com/contact/,OTHER
3504,https://okanaganxeriscape.org/db/plant/307,BLOG
3505,https://okanaganxeriscape.org/db/plant/640,OTHER
3507,https://oksuro.com/image/sitting-pose-male-model/,TECHNICAL
3508,https://old.nyc.streetsblog.org/2008/06/18/assembly-transpo-committee-kills-bus-lane-enforcement-bill/,GOVERNMENT
3509,https://olivetnews.org/articles/1153/20240602/celebrating-day-family-church-embracing-christian-values-worldwide.htm,BLOG
3510,https://omahainsurancesolutions.com/blog/tag/medicare-quote/,OTHER
3511,https://omarguevara.com/products/copy-of-mens-brown-camouflage-og-tracksuit-1,ECOMMERCE
3512,https://omegaultra.com/as-metroid-prime-4-beyonds-annoying-initial-sidekick-is-revealed-a-fresh-trailer-confirms-other-npcs-will-join-samus-throughout-the-game/,BLOG
3514,https://on.jobbank.gc.ca/support/question;jsessionid=F08285FCE9A8F79DC1CC4D8C2D52D92C.jobsearch74?qaid=141&tid=15,TECHNICAL
3515,https://on099.com/ucp.php?mode=resend_act&sid=bad61fdfd0853c4755bfd0db24a88101,FORUM/DISCUSSION
3516,https://oneandonlywebdesign.com/sl-764229/intalio-com-a-leader-in-it-services-marketing-and-web-design,OTHER
3519,https://onepack.com/store/safety/back-belts/product-2811/,ECOMMERCE
3521,"https://online.nph.net/nph/christmas/custitem_facet_seasonal/Christmas/custitem_facet_special_occasion/Communion,Graduation",ECOMMERCE
3522,https://onlinebusinessforliving.com/tag/types-of-emails/,OTHER
3524,https://onpointnyc.org/event/washington-heights-participant-advisory-board-9/,OTHER
3525,https://onthescene.ca/listing/kilmarnock-head-lot-29-chamcook-new-brunswick-e5b-0a8-28472790/,OTHER
3527,https://oorjaindonesia.com/projects/vaccine-research/,OTHER
3529,https://open.clemson.edu/nasig/vol21/,OTHER
3533,https://opendatawatch.com/event/4prepcom-ffd4/,OTHER
3534,https://openknowledge.worldbank.org/entities/publication/4f37246b-afaf-5066-bb48-046226ace8ce,EDUCATION
3535,https://openlab.citytech.cuny.edu/hoffmanvegetariancuisinesp2019/author/ceikarngwu/,EDUCATION
3536,https://openlab.citytech.cuny.edu/members/angelicaguardado101/,EDUCATION
3537,https://opensees.berkeley.edu/community/ucp.php?mode=register&sid=7da60e33a2b0c83dd125413b404c0ea4,FORUM/DISCUSSION
3538,https://opensourcesecuritypodcast.libsyn.com/category/',BLOG
3539,https://openspacebg.com/g-lens-en/,EDUCATION
3540,https://operationrainfall.com/tag/assassins-creed-iii/,BLOG
3541,https://operatormanuals.tpub.com/TM-9-2330-357-14-P/TM-9-2330-357-14-P0378.htm,ECOMMERCE
3543,https://optimaoffice.com/forbes-article-the-art-of-selling-as-a-business-owner/,OTHER
3546,https://orbit.apnic.net/hyperkitty/list/apops@apops.net/thread/NLIK4Z3KBXUZ4LWSSV2IMJQGOTFOVJCO/,NEWS
3547,https://orbixis.com/product-category/foam-flooring/,ECOMMERCE
3548,https://orca.cardiff.ac.uk/id/eprint/111897/,EDUCATION
3549,https://orcaforum.kofo.mpg.de/ucp.php?mode=register&sid=bb498852f78f42a32348f92fca8b027d,FORUM/DISCUSSION
3550,https://oribiotech.com/press-releases/ori-biotech-wins-2024-biotech-breakthrough-cgt-innovation-award,OTHER
3551,https://origin.kernel.org/doc/html/latest/userspace-api/media/v4l/vidioc-enumoutput.html,TECHNICAL
3552,https://origin.kernel.org/doc/html/next/translations/zh_CN/core-api/padata.html,TECHNICAL
3553,https://origin.kernel.org/doc/html/next/translations/zh_CN/doc-guide/maintainer-profile.html,TECHNICAL
3554,https://originfilms.ca/2024/07/19/what-is-corporate-videography-and-how-to-leverage-it/,OTHER
3555,https://oroubamisr.com/project-category/residential-projects/,OTHER
3557,https://osbcng.org/coach-chris-hughton-sacked-as-nottingham-forest,NEWS
3558,https://oslhermosa.com/veterans-honorary-dinner/honorary-veteran-dinner/,OTHER
3559,https://ostrali.com/foodr/recipes-for-smothered-pork-chops/,OTHER
3560,https://osuskinner.com/element/147286/37588,OTHER
3561,https://otke-cd.outokumpu.com/en/investors/governance/remuneration/leadership-team-remuneration,OTHER
3562,https://otp-hvac.com/product-tag/wg840204/,ECOMMERCE
3563,https://outdoor-motor-sports.com/product/2025-honda-pioneer-1000-5-deluxe-utility-vehicle/,ECOMMERCE
3564,https://outsidegroove.com/2024/06/keko-perez-mexican-racer-wins-first-u-s-dirt-race/,BLOG
3566,https://oversightboard.pr.gov/op-ed-puerto-rico-standwithukraine/,NEWS
3568,https://owlpostai.com/article/meta-revises-privacy-policy-to-monetize-ai-training-data/,TECHNICAL
3569,https://oxisecret-eshop.com/cs/produkt/oxisecret/?pid=359&row=3,ECOMMERCE
3570,https://oxygenartguild.com/product/maa-durga/,ECOMMERCE
3571,https://oxytag.com/product-category/marco-bezzecchi/,ECOMMERCE
3572,https://ozawaren.com/ramen-wa-review/en/3855,OTHER
3573,https://packager.io/gh/zammad/zammad?page=56,TECHNICAL
3574,https://packhelp.com/p/classic-poly-mailer/custom/,ECOMMERCE
3575,https://pages.dlib.indiana.edu/catalog?f%5Bgeneric_type_sim%5D%5B%5D=Collection&f%5Bhuman_readable_type_sim%5D%5B%5D=Scanned+Resource&f%5Bnumber_of_pages_ssi%5D%5B%5D=0-99+pages&f%5Bpublisher_sim%5D%5B%5D=Privately+printed+for+the+use+of+editors+and+reports+of+the+Indianapolis+news&per_page=20&sort=sort_title_ssi+asc,EDUCATION
3576,https://pages.vassar.edu/children-of-immigration/2012/05/11/is-education-a-fundamental-right/,EDUCATION
3577,https://pages.vassar.edu/international-services/international-students-2/class-of-25-international-students-2/,BLOG
3578,https://pagure.io/design/pull-requests,OTHER
3579,https://paininthearsenal.com/author/maxprestwich/,NEWS
3584,https://palife.co.uk/club-news/a-full-house-at-yuki-by-tabu-meet-up/,OTHER
3585,https://palife.co.uk/tag/roi/,OTHER
3586,https://pamore.net/walkthrough-marvels-spider-man-2-guide-2/,BLOG
3587,https://panca77slot.net/category/tadhana-slot-777-login-884/,BLOG
3588,https://panmental.de/papers/?bibtex%7C8%7Cs%7Cbibtex%7C0%7Cs%7Cbibtex%7C9%7Cs%7Cbibtex%7C8%7Cs%7Cbibtex%7C6%7Cs%7Cbibtex%7C0%7Cs%7Cbibtex%7C7%7Cs%7Cbibtex%7C4%7Cs%7Cbibtex%7C11%7Cs%7Cbibtex%7C2%7Cs%7Cbibtex%7C3%7Cs%7Cbibtex%7C8%7Cs%7Cbibtex%7C1%7Cs%7Cbibtex%7C2%7Cs%7Cbibtex%7C15%7Cs%7Cbibtex%7C8%7Cs%7Cbibtex%7C8%7Cs%7Cbibtex%7C5%7Cs%7Cbibtex%7C12%7Cs%7Cbibtex%7C3%7Cs%7Cbibtex%7C8%7Cs%7Cbibtex%7C0%7Cs%7Cbibtex%7C3%7Cs%7Cbibtex%7C9%7Cs%7Cbibtex%7C1%7Cs%7Cbibtex%7C9%7Cs%7Cbibtex%7C11%7Cs%7Cbibtex%7C9%7Cs%7Cbibtex%7C14%7Cs%7Cbibtex%7C13%7Cs%7Cbibtex%7C12%7Cs%7Cbibtex%7C11%7Cs%7Cbibtex%7C3%7Cs%7Cbibtex%7C12%7Cs%7Cbibtex%7C16%7Cs%7Cbibtex%7C13%7Cs%7Cbibtex%7C16%7Cs%7Ctable%7C,EDUCATION
3589,https://paper-money.blogspot.com/2011/04/chicago-fed-national-activity-index.html,BLOG
3590,https://parceltrackingapp.com/en/carriers/uruguay-post,ECOMMERCE
3592,https://paris-est.archi.fr/en/travaux/jacques-ippoliti-a5-s9-2021-2022/city-of-myths,OTHER
3593,https://paristelegraph.fr/tag/indianews/,OTHER
3594,https://parks.coloradosprings.gov/?mlid=35606&page=12,GOVERNMENT
3596,https://participate.melbourne.vic.gov.au/stolen-generations-marker/proposed-locations,GOVERNMENT
3597,https://participation.caindianheritagecenter.org/cihc-acorn-coloring-artbook/widgets/64822/photos/15254,OTHER
3598,https://partnervisaapplicationuk73839.jiliblog.com/95124815/accused-of-a-motoring-offence-the-two-paths-your-case-can-take,BLOG
3600,https://party.jrctoys.com/index.php?route=product/manufacturer/info&manufacturer_id=331,ECOMMERCE
3601,https://partyvendors.punchbowl.com/vendors/oh-ohio/salem/1374087/penn-grill-restaurant---lounge,OTHER
3602,https://passerini.com/catalog/zaffiro-bed/,ECOMMERCE
3603,https://pastorpete.org/blog/2025/11/26/protected-where-it-matters,BLOG
3604,https://patchwork.openvpn.net/project/openvpn2/list/?series=2115&archive=both&param=name&order=state,ECOMMERCE
3607,https://paulmneuberger.com/its-okay-to-say-no/,OTHER
3608,https://pawmettolifeline.org/event/care-a-van-aiken-wagener-edgefield-21/,OTHER
3609,https://pawmettolifeline.org/event/care-a-van-beltline-downtown-columbia-swansea-gaston-39/,OTHER
3610,https://paxgenbio.com/bbs/board.php?bo_table=41&wr_id=116,NEWS
3611,https://payments.projectivegroup.etondigital.com/service/payment-innovation/,EDUCATION
3612,https://pbjacksonville.com/tag/pcr/,ECOMMERCE
3613,https://pdpainitiative.com/2024/10/01/telegram-updates-privacy-policy-will-now-share-user-data-with-authorities-upon-request/,NEWS
3614,"https://peacebuilderscommunity.org/peacebuilding,peace,reconciliation/eastern-mennonite-university/",NEWS
3615,https://peacestarhotel.com/accommodation-facility/smart-tv/,ECOMMERCE
3616,https://pearldrill.en.made-in-china.com/product/RwzfeDxyqGTt/China-Multi-Function-Portable-Crawler-Photovoltaic-Drilling-Rig-Borehole-Drilling-Machine.html,ECOMMERCE
3618,https://peel.cioc.ca/record/CDR0429?UseCICVw=54&PrintMd=on&UseCICVwTmp=,OTHER
3619,https://peerforce.org/job-category/lived-experience-of-recovery-from-substance-use-disorder/,OTHER
3620,https://peggy.com/@carolien_wissing/cv,TECHNICAL
3621,https://pekko.apache.org/api/pekko/current/org/apache/pekko/persistence/testkit/scaladsl/index.html,TECHNICAL
3622,https://pelhamanimalclinic.securevetsource.com/productBrowseView.pml?hierarchy=3%7CPharmacy%7CCat%7CTreatments+%26+Conditions%7CRespiratory,ECOMMERCE
3623,https://pena188.com/candyspinzfrance-uma-vez-que/,ECOMMERCE
3624,https://pena188.com/dotbig-ltd-review-benefits-and-drawbacks-of-your-own-change-system-explained/,BLOG
3625,https://penmateapp.com/guides/facility/julius-klein-conservation-camp-19/send-money,OTHER
3626,https://penshurst-p.schools.nsw.gov.au/events/2020.html,EDUCATION
3628,https://people.computing.clemson.edu/~mark/racing.html,OTHER
3631,https://peopleofcolorintech.com/author/edgardo_perez/,OTHER
3633,https://pereforn.com/dream-of-plugging-a-mango/,BLOG
3634,https://pereforn.com/snake-in-a-dream-about-crossing-a-river/,BLOG
3635,https://perfectbuzzer.com/products/brackets-and-backplates,ECOMMERCE
3636,https://performingarts.cvuhs.org/blog/category/performances,BLOG
3637,https://perimeteraudio.com/audio-production/mixing/hardcore/,ECOMMERCE
3638,https://perlasngsilangan.com/money-museum-bsp/money-museum-bangko-sentral-ng-pilipinas-10/,BLOG
3639,https://persecondnews.com/2025/01/13/african-leaders-must-rebrand-reengineer-governance-to-deliver-results-says-prof-falola/,NEWS
3640,https://personal-backup.rathlev-home.de/help-61-en/pb-task.html,TECHNICAL
3641,https://personalisedgiftsormskirk.com/product-tag/valentines-day-gifts/,ECOMMERCE
3642,https://petag.com/product-faq/can-petag-milk-replacers-be-fed-to-any-animals-other-than-kittens-or-puppies-2/,ECOMMERCE
3643,https://petag.com/products/bene-bac-pet-powder/,ECOMMERCE
3645,https://peteraba.com/talks/,OTHER
3648,https://petgroominginfo.com/Utah/?letter=B,OTHER
3652,https://pgamagazine.com/?p=78513,NEWS
3653,https://phcogres.com/article/2025/17/1/105530pres20252026,EDUCATION
3655,"https://phgkb.cdc.gov/PHGKB/searchSummary.action?firstQuery=Alveolitis,%20Extrinsic%20Allergic+and+MUC5B&Mysubmit=search",EDUCATION
3656,https://phgkb.cdc.gov/PHGKB/searchSummary.action?firstQuery=Lung%20Neoplasms+and+DRD1&Mysubmit=Search,EDUCATION
3657,https://phil-race.co.uk/2018/05/greater-brighton-metropolitan-college-25th-may/,BLOG
3658,https://philipglass.com/venue/palm-beach-fl-usa/,OTHER
3659,https://phoenixphysicaltherapy.com/yardley/physical-therapy/spinal-rehabilitation-specialist/,OTHER
3661,https://phoible.org/languages/nucl1643,OTHER
3662,https://phonobase.org/en/fiche/13909,OTHER
3663,https://photogallery.indiatimes.com/events/mumbai/success-party-raaz/articleshow/4101398.cms,NEWS
3664,https://photogallery.indiatimes.com/topic/Z100's-Jingle-Ball,NEWS
3668,https://photos3.walmart.com/category/707-custom-full-photo-cards?product=969-4x8-greeting-card-matte-blank-envelope&theme=wmcards-FC.themepack%3Afc_babysblessingsthankyou_4x8.card&design_code=FC.fc_babysblessingsthankyou,ECOMMERCE
3669,https://phukethotnews.net/news/%E0%B9%80%E0%B8%9B%E0%B8%B4%E0%B8%94%E0%B8%9B%E0%B8%A3%E0%B8%B0%E0%B8%8A%E0%B8%B8%E0%B8%A1%E0%B8%AA%E0%B8%A0%E0%B8%B2%E0%B9%80%E0%B8%97%E0%B8%A8%E0%B8%9A%E0%B8%B2%E0%B8%A5%E0%B8%95%E0%B8%B3%E0%B8%9A/attachment/585388574_1191892913039879_4470599394990030942_n/,NEWS
3671,https://physicalhealthplan.com/february-25-is-deadline-for-louisiana-policyholders-to-file-ida-proof-of-loss/,OTHER
3672,https://piccsi.org/tag/oceania/,OTHER
3675,https://pikkovia.com/pikkovia/hospital-bed-medical-care-medical-treatment-3d-illustration/,OTHER
3676,https://pillingertennis.com/summer-junior-group-coaching/,OTHER
3677,https://pinecreekvalley.com/shop/,BLOG
3678,https://pineriverfamilymarket.com/Recipes/Print/4151/Goblins_Brew/,ECOMMERCE
3679,https://piperjgallery.com/art/lucid-by-jason-forcier,OTHER
3680,https://pireminder.com/profile/100492/prasobh-geethanjali-bhasi,FORUM/DISCUSSION
3681,https://pirsa.org/08030058,EDUCATION
3682,https://pixeels.net/things-to-consider-when-the-at-fault-party-passes-away/,OTHER
3683,https://pixelgeometry.com/tag/characteristics/,OTHER
3684,https://pixelgeometry.com/tag/performance/,OTHER
3688,https://planetmainframe.com/category/query/,OTHER
3689,https://plantatlas2020.org/index.php?q=plant/lepidium-heterophyllum,EDUCATION
3690,https://plasticsdb.surrey.ac.uk/search/?view=graph&zoom=hour&start_dt=2021-06-15T16%3A00%3A00Z&end_dt=2021-06-15T16%3A00%3A00Z%2B1HOUR&synonyms=1&stemming=1&operator=AND&path%5B0%5D=plasticsdb.surrey.ac.uk&phone_normalized_ss%5B0%5D=101010101050&law_code_ss%5B0%5D=Oregon+Revised+Statutes&f_path_facet_limit=0,OTHER
3691,https://plasticshalloffame.com/topics_topicId_54.html,OTHER
3693,https://play-uno.com/profile.php?user=404771,OTHER
3694,https://play.anghami.com/song/9178958,ECOMMERCE
3697,https://playeroftheyear.gatorade.com/winner/Jayden-Limar/39393,NEWS
3698,https://playground.com/design/template/princess-cm5lrmdxt00fszczwre1yiach,ECOMMERCE
3699,https://pleiades.stoa.org/places/213534097/babylon,OTHER
3700,https://plugins.gradle.org/plugin/org.hiero.gradle.check.spotless-java/0.5.0,TECHNICAL
3701,https://plugins.joseconti.com/en/pack-woocommerce-redsys/,OTHER
3703,https://podaac.jpl.nasa.gov/cloud-datasets?ids=Instruments:Keywords:Platforms:Processing%20Levels&values=GRACE-FO%20ACC::Oceans:Ocean%20Circulation:Ocean%20Currents::Space-based%20Platforms:Earth%20Observation%20Satellites:OSTM/JASON-2::4%20-%20Gridded%20Model%20Output&view=list,TECHNICAL
3704,https://podaac.jpl.nasa.gov/cloud-datasets?ids=Processing%20Levels:Projects:Platforms:Instruments:Keywords&values=4%20-%20Gridded%20Model%20Output::GHRSST::Water-based%20Platforms::DRIFTING%20BUOYS::Oceans:Ocean%20Temperature&search=GHRSST&view=list,TECHNICAL
3705,https://podcast.feedspot.com/?_src=footer&_orgin=fluid_mechanics_rss_feeds,OTHER
3706,https://poipiku.com/2104858/4344446.html,OTHER
3708,https://policies.google.com/privacy/key-terms?hl=en+%28,OTHER
3709,https://policies.scu.edu.au/document/view-historic.php?id=477,EDUCATION
3710,https://policyoptions.irpp.org/authors/patricia-goff/,EDUCATION
3711,https://polonialiquors.com/shop/product/jumex-strawberry-banana-nectar/5b6dad5f8f587645dac88186?option-id=01314b0d1418bba7f4739d1d5f216b60fc6d8bfa9b076872327c8700a33c0749,ECOMMERCE
3712,https://polonialiquors.com/shop/product/starburst-favereds/59c447b40b2f3c36905cb7e1?option-id=bd010fe4ae84de26e05f0e1954a8c544b591b139c2fa650c36ade94c9f220c12,ECOMMERCE
3714,https://popholic.jp/archives/10936,NEWS
3717,https://portal.coolvu.com/window-films/security-window-film/,OTHER
3719,https://portaleitaly.com/article-categories/healthcare/,OTHER
3720,https://portuguese.ava360.com/%F0%9F%8E-leao-leao-leao-leao-%B6%F0%9F%8E-shorts_81c47e62f.html,OTHER
3721,https://postmates.com/store/chuan-cafe/HmO_XsgISYinSb-md1f4fQ,ECOMMERCE
3722,https://potomacholistics.com/rockville-maryland-dispensary-menu/menu/products/2370408/inhouse-black-cherry-punch/,OTHER
3723,https://poy.org/70/49/winner_34.php,NEWS
3724,https://ppisar.fedorapeople.org/perl_rebuild/scratch/latest/packages/perl-Module-Install-CheckLib/?C=N;O=D,OTHER
3728,https://prbookmarkingwebsites.com/story21145547/domine-a-habilidades-da-bigode-online-treinamento,FORUM/DISCUSSION
3729,https://precisionapplianceleasing.com/2024/10/what-are-the-policies-for-returning-a-rented-washer-and-dryer/,OTHER
3730,https://precisionapplianceleasing.com/2025/05/do-you-need-professional-installation-for-rental-appliances/,OTHER
3731,https://premier-sports.kitfor.co.uk/blank_product/296810631/Uwin-CV-X-Fiberglass-Hockey-Stick,ECOMMERCE
3732,https://preparingfortheperfectstorm.com/contact-us/,NEWS
3733,https://prepgirlshoops.com/game/laville-vs-mishawaka-marian-november-16-2024/,NEWS
3736,https://pressroom.lexus.com/image/2018-lexus-rx-450h-012/,OTHER
3737,https://pressroom.toyota.com/image/2005-2007-toyota-tacoma-dcab-offrd-pkg-008/,NEWS
3738,https://prestigeluxlimos.com/contact-us/,OTHER
3739,https://previewsworld.com/Catalog/MAY021481,ECOMMERCE
3740,https://pricelock.ca/blog.html/categories/zone%2015%2C%20edmonton%20real%20estate,OTHER
3741,https://pricelock.ca/blog.html/open-house-open-house-on-sunday-september-8-2024-100pm---300pmwelcome-8277778,BLOG
3742,https://pricereel.com/computers-accessories/software/games?c=1251&b=encore+software%2C+inc.&amount=75~300,ECOMMERCE
3743,https://printablekidsworksheets.com/us-common-core/ela/kindergarten/l-k-5,OTHER
3745,https://privateschoolsguide.com/school-events-calendar/all-upcoming-events/eventdetail/13239/redlands-senior-campus-open-morning,EDUCATION
3749,https://privoimobiliare.com/characteristic/balcony/,ECOMMERCE
3750,https://pro.academind.com/courses/react-the-complete-guide-incl-hooks-react-router-redux/lectures/13929321,EDUCATION
3751,https://pro.gofundme.com/c/blog/nonprofit-social-media-engagement-tactics/,OTHER
3752,https://prod.livingsnoqualmie.com/mt-si-high-school-boys-and-girls-basketball-at-home-tomorrow-night/,OTHER
3753,https://prodentusa.com/shop/instruments/94-95-root-tip-pick-pair/,ECOMMERCE
3754,https://prodentusa.com/shop/instruments/restorative/excavators/spoon/6-excavator/,ECOMMERCE
3755,https://prodrop.ca/product-tag/curbs/,ECOMMERCE
3756,https://prodrop.ca/product-tag/reinforcement/,ECOMMERCE
3758,https://produktionnrw.org/en/qm-corner-manage-risks-and-seize-opportunities-with-iso-9001/,OTHER
3759,https://profilab24.com/en/laboratory/accessories/angle-rotor-36-x-1520-ml-for-sigma-1-16,ECOMMERCE
3760,https://profilehreplus.de/en/seminars?tx_plp_seminars%5B%40widget_0%5D%5BcurrentPage%5D=9&cHash=22c2373b563425bb6b72fb3ed7f8c1c1,EDUCATION
3762,https://profiles.uchicago.edu/profiles/search/default.aspx?searchtype=whyeverything&nodeuri=https://profiles.uchicago.edu/profiles/profile/7936036&searchfor=dengue%20virus&exactphrase=false&perpage=15&page=1&totalpages=5&searchrequest=A81BSfTwU3GNm4liSODkW6vB3EBYO6gz+a5TY1bFhuysXK4hqbI6eAebHoNTzab0+VLZJkUtJQgn7F+HBoAI3M/ZDQTh5LjrH+vyyXGm6B69oWfKrSfeHmkw+3fjmwHxIj0reLGJI36RxwlVqdyIEI2biWJI4ORba24xfQRAwl4nU2+ZkLswx8gfQbcPMVrtLvrINDR+aFd2Syv0JL3U2ljz6dnBsWK62YhgDs16+MGkjIu4+FqyU6D0xUbQ/0CP,OTHER
3763,https://profiles.umassmed.edu/search/default.aspx?searchtype=whypeople&nodeuri=https://profiles.umassmed.edu/profile/133112&searchfor=Peristalsis&exactphrase=false&perpage=15&offset=0&page=1&totalpages=2&searchrequest=A81BSfTwU3GNm4liSODkW6vB3EBYO6gz+a5TY1bFhuysXK4hqbI6eAebHoNTzab0+VLZJkUtJQjFEiV/JOeNI3CCo8193VX4FtSo2i59Cmm0t5lqRsn5svvVa4hbaw46J4JIgYnIKq8x6R+n10fqQAdSfLGiQZ6Tb4+4aDPcHaBFv8tcB2gWxNcIsIZGkh7IMZN9K1fb8tkiDfckWuET0Q2mwWTgdnGh2ujNHCvUrp63ipN3DrjTtUt5aPlAggEnoGG2LeaQ1ghY8+nZwbFiujfj3MEgLIVVc71N2I+Q2bZ2GzX8bbfkpvgGqTzhvE7RLtnX+YPQ6jCeqpKV+Tcae/CFqTS0aBrLAJei5w7Jqju1BwcOQmCAj5F0ovj07Kl6vkUVuzL7mQxynjeVHvt2KA==&sortby=&sortdirection=&showcolumns=1,EDUCATION
3765,https://program-and-modules-handbook.bham.ac.uk/webhandbooks/WebHandbooks-control-servlet;JSESSIONID_PMH=d6Qh9IkfMKv7zBeocaGvLqWK09wD-LbhfXEPFSk4fX4IwLt7xiDU!-936296336?Action=getProgramList&pgDeptId=229&pgDdesc=Education%20&%20Social%20Justice,EDUCATION
3766,https://progress.oandp.com/Error/Error?aspxerrorpath=/Issues/2010-03,OTHER
3767,https://projunkcarscash.com/vermont/dover/,ECOMMERCE
3768,https://prompthero.com/search?model=Kling&q=blender+3d&sort=top,TECHNICAL
3770,https://propheticconvergence.sidroth.org/detail/video/6374632073112/are-we-in-the-last-days-are-we-heading-into-wwiii-pc-181,OTHER
3773,https://protegeonsnosenfants.ca/en/order/product/438:en/,EDUCATION
3774,https://providencearc.salvationarmy.org/providencearc/ways-to-give,OTHER
3776,https://proxartist.com/products/cast-seed-pod-charm,ECOMMERCE
3777,https://prsindia.org/theprsblog/renaming-of-states?page=24&per-page=1,NEWS
3779,https://psprop.net/hoa-management/top-5-summer-tips-to-help-your-hoa-thrive/,OTHER
3780,https://pssg.cs.umd.edu/publications/2025-03-nichols-thesis/,TECHNICAL
3781,https://psyacoustics.com/product/streaky-clouds-by-robert-oleysyck-landcape-canvas-art-print/,ECOMMERCE
3782,https://psychiatry.ubc.ca/department-grand-rounds-april-1-dr-benicio-frey/,EDUCATION
3783,https://psychofeating.pages.roanoke.edu/page/3/,ECOMMERCE
3784,https://pubcurmudgeon.blogspot.com/2014/01/,BLOG
3785,https://public.oxford.gov.uk/online-applications/applicationDetails.do?previousCaseType=Property&keyVal=S7IL5PMFMTO00&previousCaseNumber=RWYHX0MF06O00&previousCaseUprn=010095730025&activeTab=summary&previousKeyVal=RWYHX0MF06O01,GOVERNMENT
3786,https://publications.aston.ac.uk/view/author/dc8b08c9822248dc3c8b79635fc9331c.html,EDUCATION
3787,https://publications.lawschool.cornell.edu/lawreview/2021/03/27/a-tale-of-two-formalisms-how-law-and-economics-mirrors-originalism-and-textualism/,EDUCATION
3789,https://publicdomainvectors.org/en/free-clipart/Silhouette-of-a-man/5373.html,ECOMMERCE
3790,https://publicist24.com/tag/commonwealth-of-dominica/,NEWS
3791,https://publicpersonnellaw.blogspot.com/2012/08/evidence-of-progress-in-employees.html,BLOG
3792,https://pubmed.ncbi.nlm.nih.gov/33880507/?dopt=Abstract,EDUCATION
3794,https://pumpkinrot.blogspot.com/2008/10/hollowman_27.html,BLOG
3800,https://pure.mpg.de/pubman/faces/ViewItemOverviewPage.jsp?itemId=item_2445045,EDUCATION
3801,https://pure.mpg.de/pubman/faces/ViewItemOverviewPage.jsp?itemId=item_3402870,EDUCATION
3802,https://pure.mpg.de/pubman/faces/ViewItemOverviewPage.jsp?itemId=item_3532065,EDUCATION
3804,https://pureluxuryvilla.com/property/villa-xavier/,ECOMMERCE
3806,https://purplehazerockbar.com/tag/consuming-process,BLOG
3808,https://pursuitboatscollection.com/signin.html?vid=20220429882&mt=1&redirecturl=PCS%2Fproducts%3Ftpt%3Dblaze_en,ECOMMERCE
3809,https://pursuitchannel.com/episode/divorce/,OTHER
3812,https://puzzleplotsguide.com/author/sydneywide/,BLOG
3813,https://puzzlesnap.com/tags/pear,OTHER
3814,https://pva-shop.com/catalog/youtube/asia-youtube/pakistan-asia-youtube/,ECOMMERCE
3815,https://pvewood.blogspot.com/2020/07/matt-taibbi-on-4th-july.html,BLOG
3818,https://pxlready.com/products/sci-fi-element-10,OTHER
3819,https://pygalgia.blogspot.com/2007_09_02_archive.html,BLOG
3821,https://qanvast.com/sg/photos/symphony-heights-kitchen-800908,OTHER
3823,https://qbox.ucdavis.edu/qbox-list/viewtopic.php?p=511&sid=a6dec29807947a1937f4ab095e62637f,FORUM/DISCUSSION
3824,https://quechuaqinti.web.illinois.edu/s2F9a3PSHdeiqCNW/,BLOG
3828,https://r1reservecollection.com/properties/7400-wadi-musa-drive-ne-albuquerque-nm-87122-1089191,OTHER
3829,https://r2.community.samsung.com/t5/%D8%AC%D8%A7%D9%84%D8%A7%D9%83%D8%B3%D9%89-%D9%86%D9%88%D8%AA/%D8%AA%D8%B3%D8%AC%D9%8A%D9%84-%D8%A7%D9%84%D8%AF%D8%AE%D9%88%D9%84-%D9%84%D9%84%D8%AA%D8%B7%D8%A8%D9%8A%D9%82%D8%A7%D8%AA/m-p/17490742/highlight/true,TECHNICAL
3830,https://r2.community.samsung.com/t5/%D8%AC%D8%A7%D9%84%D8%A7%D9%83%D8%B3%D9%89-A/Mohamed-limby/m-p/13752478/highlight/true,OTHER
3832,https://racemaxdirect.com.au/product/bam-roller-lifters-9055-bbc-v8-396-572-0-300-tall-o-c-steel-dlc-b-2007-16bb1-9055/,ECOMMERCE
3833,https://radiatinggnome.com/?cat=7,BLOG
3834,https://radicalpresence.org.uk/produkt/compatible-5-ink-cartridge-set-compatible-with-epson-workforce-wf-7610dwf-wf-3620/,ECOMMERCE
3835,https://radionow1057.iheart.com/content/2020-04-21-the-binghamton-takeout-guide/,NEWS
3836,https://radiusinsights.com/consent/732518784f6c7436d5dc8ba05e4630c8/,EDUCATION
3837,https://rahusky.blogspot.com/2011/02/year-of-rabbit.html?showComment=1297399722807,BLOG
3838,https://rahusky.blogspot.com/2014/08/,BLOG
3839,https://railfandepot.com/product/chama-turn-over-cumbres-pass-film-by-emery-gulash/,ECOMMERCE
3840,https://railrat.net/stations/OLW/,OTHER
3841,https://rainrays.com/tag/birthday-greeting-for-husband-in-bangla/,OTHER
3842,https://rajdhanipagal.com/product/best-selling-products-15/,ECOMMERCE
3843,https://ralgia.com/ruth-titilayo-foundation-scholarship-for-nigerian-postgraduate-students-2025/,EDUCATION
3844,https://rameshsood.blogspot.com/2013/04/pariah-by-choice-haiku.html,FORUM/DISCUSSION
3847,https://raredomains.co.uk/?page_id=10,ECOMMERCE
3848,https://rasappbackend.com/?i=87686635001910,OTHER
3849,https://rasclondon.ca/huron-woods-star-night-august-6th-2013/,OTHER
3850,https://ratersapp.com/crew/199586/noah-reid,EDUCATION
3851,https://raymond.fandom.com/wiki/Category:Policy,OTHER
3852,https://razorpay.com/ifsc-code/icici-bank/delhi/delhi/new-delhiokhla-phase-one/ICIC0000716/,ECOMMERCE
3853,https://rcbservices.co.uk/?contact=anna-wilson/,OTHER
3854,https://rccd.edu/schedules/collegeResources_mvc.html,EDUCATION
3855,https://rcs-discography.com/rcs/search.php?type=acode&key=mart7600,OTHER
3856,https://re-findhealth.com/blog/author/terry-wahls/?page=2,FORUM/DISCUSSION
3858,https://readytotouch.com/golang/companies/spe-solution,OTHER
3859,https://realbusinessconnections.com/tag/preventing-burnout-tips/,OTHER
3861,https://realtruck.com/b/axe-offroad/v/cadillac/escalade/2017/,ECOMMERCE
3862,https://rebekahviola.com/tag/nj-wedding/,BLOG
3864,https://recipesdina.com/teriyaki-chicken-skewers-recipe/,ECOMMERCE
3865,https://recipeswiftly.com/salad/,OTHER
3866,https://redgate.uservoice.com/forums/39019-sql-source-control/filters/new?page=7&status_id=218336,OTHER
3867,https://redgate.uservoice.com/users/171987411-jessica,OTHER
3868,https://redirect.camfrog.com/redirect/?url=https://vickys.design/domain.php?part=02/03/2025/353/,OTHER
3869,https://redkitedays.co.uk/venue/hallcourt-farm/?eventDisplay=past,BLOG
3871,https://redscardcollector.blogspot.com/2020/08/they-just-have-certain-flair-to-them.html?showComment=1598705826754,BLOG
3872,https://redscrollrecords.blogspot.com/2012/12/gift-ideas-for-holidays.html,BLOG
3873,https://redzoneaction.org/football/index.php?action=threadunread&threadid=100005582,NEWS
3874,https://reedrealtymn.com/idx/search/?SavedSearch=20200615052517441897000000&pg=4&OrderBy=-ListPrice&Limit=10,OTHER
3875,https://reedsy.com/short-story/j1ii67/,BLOG
3876,https://reedsy.com/short-story/y27b2v/,BLOG
3877,https://reference.opcfoundation.org/nodesets/156/59149,OTHER
3879,https://refundor.com/en/news/can-get-eu-flight-delay-compensation/,OTHER
3881,https://rekan303.net/whenever-can-you-open-one-hundred-token-web-based-poker-ports-dragon-journey-xi-echoes-from-a-keen-challenging-years/,BLOG
3882,https://reliabilityweb.com/articles/entry/why_do_pdm_programs_fail,TECHNICAL
3884,https://relief.unboundmedicine.com/relief/view/cdc-yellow-book/204137/all/Skin_&_Soft_Tissue_Infections,OTHER
3887,https://remembering-charlie.weebly.com/,BLOG
3888,https://reno-go.ca/en/product/black-inside-corner-96%E2%80%B3/,ECOMMERCE
3889,https://repair-manuals.com/hitachi-zx-3-series-isuzu-4jj1x-6hk1x-6wg1x-engine-training-manual/,ECOMMERCE
3890,https://rephonic.com/charts/apple/switzerland/leisure-automotive,OTHER
3891,https://rephonic.com/podcasts/ivyai-gong-wei,OTHER
3892,https://repo.spring.io/snapshot/org/springframework/cloud/stream/app/time-source-kafka/3.0.1-SNAPSHOT/,TECHNICAL
3894,https://reportgenix.com/blog/page/3/,BLOG
3895,https://reports.ofsted.gov.uk/provider/21/100996,EDUCATION
3897,https://repositorio.fedepalma.org/handle/123456789/141412/search-filter?filtertype_0=has_content_in_original_bundle&filtertype_1=subject&filtertype_2=dateIssued&filter_relational_operator_1=equals&filtertype_3=subject&filter_relational_operator_0=equals&filter_2=2024&filter_relational_operator_3=equals&filter_1=Alianza&filter_relational_operator_2=equals&filter_0=true&filter_3=Palma+de+aceite&field=subject&filterorder=COUNT,TECHNICAL
3900,https://repository.gatech.edu/entities/publication/0384a412-8f41-40ba-8399-6253f15c19fe,EDUCATION
3903,https://res.isd728.org/our-school/about-us,EDUCATION
3904,https://research-repository.rmit.edu.au/articles/book/Evidence-based_Clinical_Chinese_Medicine_Volume_8_Alzheimer_s_Disease/27402639,EDUCATION
3905,https://research.amanote.com/publication/CY7103MBKQvf0BhitJgk/processes-of-population-ageing-and-economic-activity-of-the-elderly-in-the-european-union,EDUCATION
3906,https://research.bartleetreligare.com/insights/daily,OTHER
3907,https://research.bond.edu.au/en/publications/appropriateness-of-acid-suppressing-agents-for-stress-ulcer-proph/,EDUCATION
3908,https://research.ibm.com/publications/weighted-low-rank-approximations-with-provable-guarantees,EDUCATION
3909,https://research.uni-luebeck.de/en/publications/does-sugar-addiction-really-cause-obesity/,EDUCATION
3910,https://research.usu.edu/calendar/?day=2024/12/7&audience=8&type=15,EDUCATION
3911,https://researcher.ibm.com/publications/a-probabilistic-framework-for-modular-continual-learning,EDUCATION
3912,https://researcher.ibm.com/publications?author=5838,OTHER
3913,https://researcher.ibm.com/publications?author=73213,TECHNICAL
3914,https://researchmap.jp/komatsubara/books_etc,EDUCATION
3915,https://researchmap.jp/read0159755,OTHER
3916,https://researchportal.bath.ac.uk/en/activities/melissa-causer/,EDUCATION
3918,https://researchportal.port.ac.uk/en/publications/into-the-twenty-first-century-the-continuing-indispensability-of-/,EDUCATION
3919,https://researchportalplus.anu.edu.au/en/publications/will-chinese-growth-slow-after-the-lewis-turning-point/,EDUCATION
3920,https://reserve.accordiagolf.com/memberContestSchedule/changeMonth;jsessionid=FD97E9D0A866503E4AA17E070314510B?activeMonth=2025/12,ECOMMERCE
3921,https://resources.ecww.org/give-parish?cid2=463,OTHER
3922,https://resources.parivijay.com/2024/08/03/are-you-a-part-of-a-toxic-friend-circle/blog/admin/1222/,BLOG
3923,https://respifix.com/product/ye630cr-digital-bp-monitor/,ECOMMERCE
3924,https://restaurant-furniture.en.made-in-china.com/product/ETBplgsAYOWR/China-Modern-Custom-Logo-Commercial-Crystal-Goblet-Champagne-Whisky-Wine-Glass-for-Bar-Bistro-Restaurant-Use.html,ECOMMERCE
3925,https://restaurant.lottehotel.com/hp/crev/viewRevInsertForm.do;jsessionid=8DFEEECB5EDEB7CDDE3CA2A9FC9B22F3.TMS_PC1?selectedBizOfficeId=01&selectedBizChainId=13,ECOMMERCE
3926,https://restaurant.lottehotel.com/hp/pro/selectProIngList.do;jsessionid=531E72733C62D0AF64B6934F8CB81ECB.TMS_PC1?selectedBizOfficeId=06&selectedBizChainId=13,ECOMMERCE
3927,https://restaurants-cafes.com/Connecticut/Stamford/Open_Rice,ECOMMERCE
3929,https://results.fmjd.org/tournaments/2025/f_232/,ECOMMERCE
3932,https://retrique.com/tag/dynamo-manufacturers/,ECOMMERCE
3933,https://retrosketches.blogspot.com/2014/04/retrosketches-107-rockstar-shoutouts.html,BLOG
3934,https://returnman3game.com/games/frankenstein-go,BLOG
3935,https://review.catechetics.com/gospel-life-part-2?page=3,BLOG
3936,https://reviews.freebsd.org/P337$1614,OTHER
3937,https://rewardbloggers.com/blogger/shrishtijain-7739,FORUM/DISCUSSION
3938,https://reynardway.org.uk/audio/an-apostolic-pattern-for-prayer/,OTHER
3939,https://rfom.osce.org/fom/25599,NEWS
3940,https://rghospitalludhiana.com/blog/stone-passing-out-methods/,BLOG
3941,https://rgtechnicalboy.com/2021/11/do-alag-alag-photo-ko-ek-saath-kaise.html,OTHER
3942,https://rhodeislandplumber.net/miller-motte-college-launches-plumbing-program-in-fayetteville-nc-greater-fayetteville-business-journal/,OTHER
3943,https://rhodeislandplumber.net/stay-there-forever-if-we-could-after-106-years-msp-plumbing-heating-and-air-to-leave-grand-avenue-st-paul-pioneer-press/,OTHER
3944,https://rhododendron.org/descriptionAH_new.asp?ID=392,OTHER
3946,https://ride.i-d-e.de/issues/issue-10/alfred-escher-briefedition/factsheet/,EDUCATION
3947,https://rideoutlaw.com/hit-illegally-parked-car-arizona/,OTHER
3948,https://ridgewood.supercellars.com/websearch_results.html?item_type=wine&varietal=Rose+Blend,ECOMMERCE
3949,https://riffsandrants.com.au/tmp2016/,NEWS
3950,https://ripletic.com/workouts/Hypertrophy%20%26%20Strength/TEwIJmw7MRm3tNxCQETv,OTHER
3951,https://risequickpath.fr/breeders-cup-2025-second-day-action-at-del-mar/,ECOMMERCE
3952,https://riskonnect.com/company/,OTHER
3953,https://rivertonct.com/merchants/riverton-self-storage,ECOMMERCE
3954,"https://rlcfl.org/events/action~oneday/exact_date~1736053200/tag_ids~196,202/request_format~json/cat_ids~298/",GOVERNMENT
3955,https://rlsbzl.com/voddetail/742.html,OTHER
3956,https://rmbmusicnet.wixsite.com/rmbmusic2/store,ECOMMERCE
3957,https://rmsothebys.com/auctions/az05/lots/136-1962-mercedesbenz-300-d-adenauer/?utm_source=website&utm_medium=page&utm_campaign=FooterNavigation,ECOMMERCE
3958,https://rmsothebys.com/auctions/hf14/lots/r252-1933-chrysler-cl-imperial-dualwindshield-phaeton-by-lebaron/?utm_source=website&utm_medium=page&utm_campaign=FooterNavigation,ECOMMERCE
3959,https://ro.burberry.com/burberry-kisses-tb-orange-no17-p40817881,ECOMMERCE
3960,https://ro.uow.edu.au/articles/journal_contribution/Novel_nanographene_porphyrin_hybrids-preparation_characterization_and_application_in_solar_energy_conversion_schemes/27747225,EDUCATION
3961,https://ro.uow.edu.au/articles/journal_contribution/Privacy-preserving_federated_semi-supervised_learning_for_battery_life_prediction_amid_data_scarcity/29587847,EDUCATION
3962,https://roadaidtowing.com/clearwater-fl/,OTHER
3963,https://robinsonshottubs.com/product/caldera-frog-serene-in-line-system/,ECOMMERCE
3964,https://robustperception.teachable.com/courses/mastering-the-blackbox-exporter/lectures/3170711,EDUCATION
3965,https://robynpauhl.com/en/games/princess-gala-host,BLOG
3966,https://rockinbilly.com/en/product/tough-cookie-sweatpants-mood/,ECOMMERCE
3967,https://rocknwaterlandscapes.com/gallery/rocknwater_pond_3/,BLOG
3969,https://rode.com/en-ca/about/news-info/dante-technology-comes-to-rode,ECOMMERCE
3970,https://rog-forum.asus.com/t5/previous-forum/rog-zephyrus-m-15-gu-502-gu-keyboard-not-working/m-p/825300/highlight/true,ECOMMERCE
3971,https://roguevalleyrc.com/forums/drift-cars.7/,FORUM/DISCUSSION
3972,https://rollofhonour.nottinghamshire.gov.uk/Person/Details/34372,OTHER
3974,https://romecitytransfers.com/ravenna/rome-fiumicino-airport-ravenna-transfer/,ECOMMERCE
3976,https://roomster.com/profile/28444816,OTHER
3977,https://rorbusenter.com/?lang=no,OTHER
3978,https://rosap.ntl.bts.gov/view/dot/62706,EDUCATION
3979,https://rose-and-thistle.co.uk/img_8489-jpg/,BLOG
3980,https://rotary-ribi.org/clubs/calendar.php?ClubID=561&DistrictNo=1090,OTHER
3981,https://rotary-ribi.org/clubs/page.php?PgID=246318&ClubID=387,NEWS
3982,https://rotary-ribi.org/clubs/page.php?PgID=832863&ClubID=156,OTHER
3984,https://rotexlab.com/category/moisture-analysers/,OTHER
3985,https://royalbookmarking.com/story20573547/craft-ai-powered-ad-creation-effortlessly-craft-stunning-ads,FORUM/DISCUSSION
3986,https://rpggaming.net/,ECOMMERCE
3987,"https://rptronics.fr/resistances,2003.html?p=265",ECOMMERCE
3988,https://rptsvr1.tea.texas.gov/cgi/sas/broker?_service=marykay&_program=perfrept.perfmast.sas&_debug=0&ccyy=2024&lev=C&id=071806001&prgopt=reports/tapr/pk_effectiveness.sas,EDUCATION
3989,https://rptsvr1.tea.texas.gov/cgi/sas/broker?_service=marykay&_program=perfrept.perfmast.sas&_debug=0&ccyy=2024&lev=C&id=220918005&prgopt=reports/tapr/pk_effectiveness.sas,EDUCATION
3990,https://rrecord.com/concert-to-feature-patriotic-favorites-film-scores-and-broadway-musicals/,NEWS
3991,https://rrecord.com/lisa-heishman-named-vice-president-at-rgh/,NEWS
3992,https://rrecord.com/participant-urges-others-to-join-suicide-support-group/,NEWS
3993,https://rsarchive.org/OtherAuthors/WachsmuthG%C3%BCnther/Preface.html,EDUCATION
3994,https://rsauto.ca/brake-flush-rexdale-on/,ECOMMERCE
3998,https://rubbishdoctor.com/basement-clean-outs-near-windham/,OTHER
3999,https://rubygems.org/gems/autotest-fsevent/versions/0.2.0/dependencies,TECHNICAL
4003,https://runwayperformanceparts.com/shop/exterior-tuning/bumper-accesories/front-bumper-middle-lower-grille-suitable-for-bmw-3-series-e90-e91-pre-lci-2004-2008-e92-e93-pre-lci-2006-2009-m3-design/,ECOMMERCE
4004,https://russkiy-malchik.livejournal.com/689872.html,ECOMMERCE
4005,https://rustyidols.blogspot.com/2009/09/headline-win.html,BLOG
4006,https://rvpoints.com/service-stations-listing/128-automotive/perry-s-auto-parts-and-service-lompoc,OTHER
4007,https://rvs.autotrader.com/rvs/2023/palomino/puma/31bhsc/300614287,ECOMMERCE
4008,https://s2ccapital.com/local/corporate-equity-business-expansion-stock-loans-dallas-county-mo/,NEWS
4010,https://saatchigallery.org.uk/tag-produktu/5800x/,ECOMMERCE
4015,https://sacredscribesangelnumbers.blogspot.com/2011/08/angel-number-270.html,BLOG
4016,https://safetydocs.safetyculture.com/search.php?page=1&section=product&search_query=safety+audit,ECOMMERCE
4017,https://safetyshoesuae.com/mts-airspeed-esd-s1-safety-shoes/,ECOMMERCE
4018,https://safeuae.com/,OTHER
4021,https://sageorthodontics.com/2025/11/05/what-is-orthodontics-why-choose-us-for-this-2/,EDUCATION
4022,https://sailleeuwin.com/about-us/our-partners/attachment/amws_jpeg/,OTHER
4025,https://salariasales.com/best-sdr-agency/outsourced-sdr-agency-in-alabama/,OTHER
4026,https://salariasales.com/cold-calling-agency/cold-calling-agency-in-oklahoma/,OTHER
4027,https://salaries.texastribune.org/employees/april-mcdonald-273741/,OTHER
4028,https://salaries.texastribune.org/employees/laura-r-ethridge-75941/,OTHER
4029,https://salemstate-new.noblenet.org/GroupedWork/22c8b243-508f-5699-a3e2-8e8aea57833f-eng/Home,EDUCATION
4030,https://salemstate-new.noblenet.org/GroupedWork/252f97f6-c8c4-d8af-d526-1c2f315109a4-eng/Home,EDUCATION
4031,https://salemstate-new.noblenet.org/GroupedWork/25397403-b7a1-0905-cab3-153e29f872a3-eng/Home,EDUCATION
4032,https://salemstate-new.noblenet.org/GroupedWork/28e09fbb-a1ab-3522-5703-38188e4ea095-eng/Home,EDUCATION
4033,https://salemstate-new.noblenet.org/GroupedWork/2c6cffa9-1d80-4b6b-dd69-2ebd6e05e9ee-eng/Home,EDUCATION
4034,https://salemstate-new.noblenet.org/GroupedWork/2d097671-98bd-4feb-8be1-494ac978aa9c-eng/Home,EDUCATION
4035,https://salemstate-new.noblenet.org/GroupedWork/6aab6e76-7bf0-669b-9b1d-3cbe43942e5f-zxx/Home,EDUCATION
4036,https://salemstate-new.noblenet.org/GroupedWork/6f3ac9fa-38b7-482b-9390-39935e63b749-eng/Home,EDUCATION
4037,https://sales.superagi.com/contact/angela-colwart,OTHER
4038,https://sales.superagi.com/contact/juan-zambrano,EDUCATION
4039,https://sales.superagi.com/contact/lizzie-swift,OTHER
4040,https://saltosystems.com/ru-ru/industries/business-cases/ultimo-terraces/,OTHER
4042,https://samedspa.com/amazon-products/,ECOMMERCE
4046,https://sanco-spa.com/essential_grid/january-2020-2/gulf-fire-january-2020_technologies-on-mega-fires/,OTHER
4047,https://sandiegobookawards.org/sdba-at-the-san-diego-book-festival/,BLOG
4048,https://sandogroup.com/,ECOMMERCE
4049,https://sandstoneassetmgmt.com/ny-may-need-to-decouple-to-avoid-federal-tax-law-hit/,NEWS
4050,https://sandstonerealtors.com/?property-type=single-family,OTHER
4051,https://sanilactownshipmi.gov/mc-events/lexington-sanilac-worth-townships-avcb/,OTHER
4053,https://sapphire.dealer-program.com/extreme-series,ECOMMERCE
4055,https://sarkaritak.com/tag/22-carat-gold/,BLOG
4056,https://sarvodaycard.com/?i=60-661-1,ECOMMERCE
4057,https://saung.net/tag/perekaman/,OTHER
4059,https://savecode.net/code/javascript/check+before+element+jquery,OTHER
4060,https://savecode.net/code/vhdl?tab=votes,ECOMMERCE
4061,https://saveellisisland.org/about-us/gallery.html?details&sander-feinberg&south-side-exteriors&tom-fretz?ellis-island-and-the-statue-of-liberty?joy-caresio-lanzerotte-2-2&details?816,OTHER
4062,https://savourschool.com.au/view-a-list/?wlid=200557,ECOMMERCE
4063,https://savourschool.com.au/view-a-list/?wlid=204616,ECOMMERCE
4064,https://savoynetwork.com/suffragist-and-civil-rights-leader-ida-b-wells-to-be-honored-in-photo-mosaic-installation-in-dcs-union-station-for-national-womens-suffrage-month/suffrage-art/,NEWS
4065,https://savvysquirrel.co.uk/snowball-payments-to-speed-up-our-journey/,BLOG
4066,https://sb-biodatacatalyst.readme.io/docs/apps-1,TECHNICAL
4067,https://sb-biodatacatalyst.readme.io/docs/list,TECHNICAL
4068,https://scaffolding-formwork.com/scaffolding/layher-staircase-temporary-access/,ECOMMERCE
4073,https://scholar.usuhs.edu/en/publications/disease-surveillance-methods-used-in-the-8-site-mal-ed-cohort-stu/,EDUCATION
4074,https://scholar.usuhs.edu/en/publications/fasciotomy/,EDUCATION
4075,https://scholar.usuhs.edu/en/publications/the-effects-of-psychotherapy-treatment-on-outcome-in-bulimia-nerv/,OTHER
4078,https://scholarsmine.mst.edu/chem_facwork/3180/,EDUCATION
4079,https://scholarspace.manoa.hawaii.edu/collections/518c3924-bd4b-4ae1-82a0-457b11b960d2,EDUCATION
4080,https://scholistico.com/members/melissa-la-fleur/activity/,FORUM/DISCUSSION
4081,https://schools.beano.com/download/download-47114/,EDUCATION
4082,https://schools.olympiadsuccess.com/s/ballia,EDUCATION
4083,https://schoolthevista.com/membership-2/,OTHER
4084,https://schultzwilliams.com/morris-animal-refuge/,OTHER
4086,https://sci.ccc.nashville.gov/Search/CaseSearchDetails/2481817%5E6126538%5ECJIS/Madinah%5ESmith%5E10091975%5E159058/,OTHER
4087,https://science.nasa.gov/science-research/earth-science/15aug_russianmeteorplume/,NEWS
4088,https://science.nrao.edu/facilities/vlba/docs/manuals/oss2013a/introduction,EDUCATION
4089,https://scienceblogs.com/cognitivedaily/2007/03/20/why-dont-we-do-our-favorite-th,BLOG
4090,https://scoreboard-canada.com/e-zine/softball.htm,OTHER
4093,https://scrabble.merriam.com/finder/hosteler,ECOMMERCE
4094,https://scripts.mit.edu/trac/browser/branches/fc13-dev/noc/html/.attic?rev=1673,OTHER
4095,https://scrl.com/legal/privacy,TECHNICAL
4096,https://scrollinondubs.com/category/remote-year/page/2/?jfb3=1&jfb5=1&jfb2=1&jfb4=4&jfb1=4,BLOG
4097,https://scrollinondubs.com/category/remote-year/page/2/?jfb5=1&jfb4=3&jfb3=4&jfb1=4&jfb2=3,BLOG
4099,https://sdcourt.ca.gov/news-release/202403,NEWS
4100,https://se.beyondtype1.org/konsttavling-life-for-a-child/,OTHER
4101,https://seagullhr.com/job-seeker-explore-sectors-manufacturing-logistics/,OTHER
4102,https://search.notary.net/how-to-become-a-notary-public/,EDUCATION
4103,https://seasia.co/2025/11/13/malaysia-evaluates-durians-potential-as-a-national-fruit,NEWS
4104,https://seasiderealtybarbados.com/real-estate/christ-church/margate-garden-16,OTHER
4105,https://seattle.bibliocommons.com/v2/search?origin=core-catalog-explore&query=Lafferty%2C%20R.%20A.&searchType=author,EDUCATION
4106,https://seboshop.co.uk/blog/tag/sebo-repairs-in-winsford/,ECOMMERCE
4107,https://seceij.net/articletype/projectreport/building-a-new-translational-research-program-with-undergraduates-a-student-driven-research-class/,EDUCATION
4108,https://secnewgateaustralia.com/our-people/?t_expertise=&t_role=&t_location=perth&t_name=,OTHER
4110,https://secure.englewoodrec.org/webtrac/web/splash.html?ccode=RFND&type=refund&_csrf_token=jy0870691F173N471S4K1W3E5Z5Y6I4S0E525W4N4Y706Y5R5A690S4Q3K6L54700042594M6W6Y4H6E4Y1B6A4W4D52046Q635Z6E0V6V5V6G6C195P415M3Y086Z5R5D,ECOMMERCE
4111,https://securitybrief.com.au/tag/information-services-group,NEWS
4113,https://securityjournalamericas.com/tag/vaxtor/,ECOMMERCE
4114,https://secv8.com/tv-schedule/st-josephs-mass-danville-27/,OTHER
4115,https://seedsource.com/login.php?from=wishlist.php%3Faction%3Daddwishlist%26product_id%3D244,ECOMMERCE
4117,https://seeninthecity.co.uk/tag/jockey/,NEWS
4118,https://segaxtreme.net/resources/savaki-extended-prototype-demo.343/,TECHNICAL
4119,https://selakentertainment.com/musicians/page/2/,ECOMMERCE
4120,https://selectalumni.facebookblueprint.com/student/path/253057/activity/337812,OTHER
4121,https://sell.mkkcamera.com/product/leica-summicron-m-50mm-f-2-rigid-v2-ver-ii-lens-germany/,ECOMMERCE
4124,https://sellmycar.pullapart.com/louisiana/baton-rouge/salvage-car/,ECOMMERCE
4125,https://sellmyplacequick.com/tag/we-buy-house-calhoun-ga/,BLOG
4126,https://sellout.woot.com/offers/wyze-cam-outdoor-add-on-camera-v2open-box-5?ref=w_cnt_wp_0_26,ECOMMERCE
4127,https://seniorparadisellc.com/onsite-amenities,OTHER
4128,https://senmai.bodleian.ox.ac.uk/?f%5Binstitution_sm%5D%5B%5D=Wat+Tiyasathan&f%5Binstitution_sm%5D%5B%5D=Wat+Pha+Nuan&f%5Binstitution_sm%5D%5B%5D=Wat+Jong+Klang&f%5Binstitution_sm%5D%5B%5D=Wat+Pang+Mu&f%5Blang_sm%5D%5B%5D=Pali&f%5Blang_sm%5D%5B%5D=Burmese&per_page=20&sort=sort_title+asc,EDUCATION
4129,https://seobookmarkpro.com/story20582271/find-us-growing-grove-academy,FORUM/DISCUSSION
4130,https://seolinks.com.au/b/peters-glazing-service/,ECOMMERCE
4131,https://seonimbus.com/seo-glossary/technical-seo/http-403-forbidden,OTHER
4132,https://sepolia-optimism.etherscan.io/tx/0x5b4ed717ed82db3c653427ba27409f183e07d9df140275c68e38bc5fd6691cd7,ECOMMERCE
4133,https://serendipitycrystals.co.uk/product/bismuth-angel-item-d/?add-to-cart=84750,ECOMMERCE
4134,https://sereneambition.com/tag/good-old-days/,BLOG
4136,https://services.scoopmyart.com/sample/,OTHER
4138,https://sevenstarhand.newswire.com/news/seven-star-hand-illuminates-the-collapse-of-the-american-dream-128450,BLOG
4139,https://severus.dbmi.pitt.edu/wiki-MPM/index.php/pair/view/7251/80128,ECOMMERCE
4143,https://sftp.keenan.com/human.aspx?r=8477281269&arg12=infotech,OTHER
4144,"https://shadowhelix.de/Quelle,_en:_Court_of_Shadows/Inhaltsverzeichnis",OTHER
4145,https://shagandha.com/newsroom/press-release/year-2021/sabinsa-names-dr-umar-jan-as-president-of-european-operations,EDUCATION
4146,https://shannonmangerchine.com/2019/05/baked-apples.html/,BLOG
4149,https://share.snipd.com/chapter/7adc45d1-602f-45fe-ac19-986f1d08e9aa,BLOG
4150,https://shawnlane.com/category/news/,NEWS
4151,https://shawnsmucker.com/2011/07/when-your-dream-isnt-sitting-at-a-desk-in-the-basement-of-a-bank/,BLOG
4152,https://shayaripath.com/comprehensive-health-management-modern-approaches-to-cardiovascular-care-immunity-and-hormonal-balance/,OTHER
4153,https://shbrother.en.made-in-china.com/product/jGrROyFHQsWo/China-2024-New-Product-Ear-Digital-Rechargeable-Hearing-Aid-Devices-Ite-Quality-Price-for-Elderly.html,OTHER
4154,https://sheilaferrari.com/spares-replacements.html,NEWS
4156,https://shemerartcenter.org/events/ww-89-25-wine-watercolor-with-john-erwin/,ECOMMERCE
4157,https://shilohmusings.blogspot.com/2018/03/portable-biblical-tabernacle-like.html,NEWS
4158,https://shinmizukoshi.net/contact/,EDUCATION
4161,https://shipshewanatradingplace.com/vendor-search/?search=quilt,ECOMMERCE
4162,https://shirt.woot.com/derby/entry/141702/books-are-magic,ECOMMERCE
4164,https://shoeshave.com/rotary-buckle-work-boots-safety-steel-toe-shoes-men-breathable-safety-shoes-brand-indestructible-shoes-puncture-proof-work-shoes/,ECOMMERCE
4165,https://shop.acticareuk.com/Products/entrance-mats/HK66023-1,ECOMMERCE
4167,https://shop.bigtenstore.com/Hank-Beatty-Illinois-Fighting-Illini-Ash-Rally-NIL-Stacked-Box-Short-Sleeve-T-Shirt-247623992,ECOMMERCE
4169,https://shop.bobcat.com/decal-improper-use-54567391,ECOMMERCE
4170,https://shop.bobcat.com/gasket-seal-for-excavators-7463620,ECOMMERCE
4171,https://shop.bomit.com/product/orkin-blanks,ECOMMERCE
4172,https://shop.cnw.com.au/p/CLIMX9R3132I41,ECOMMERCE
4173,https://shop.cocostump.com/product/mia-chan-stump-massage/,ECOMMERCE
4174,https://shop.endoftheleash.com/products/mukwonago/oc-raw-chicken-produce-meaty-rox-freeze-dried-dog-food-2/,ECOMMERCE
4175,https://shop.france44.com/products/Canmore-12yr-Bunnahabhain-Single-Malt-Scotch-p783284231,ECOMMERCE
4177,https://shop.htafc.com/christmas/gifts-for-him/gifts-for-him/4988_crest-sherpa-fleece-blanket.html,ECOMMERCE
4178,https://shop.kaweahhealth.org/blank_product/67984968/Vertical-Texture-1-4-Zip-Pullover,ECOMMERCE
4179,https://shop.kelsey.co.uk/single-issue/classic-car-buyer-magazine/2242,ECOMMERCE
4181,https://shop.lululemon.com/c/hair-accessories/n17inf,ECOMMERCE
4182,https://shop.ninerwine.com/blog/New-Wine-Enthusiast-Reviews-of-Niner-Wine-Estates,BLOG
4183,https://shop.prekclassroom.com/a-b-c-magnetic-fishing-set,ECOMMERCE
4186,https://shop.symbioticsacramento.com/products/raw-garden-carbon-fiber-5g-sauce-infused-pre-roll-5-pack-26-thc-flower-hybrid?store=sacramento-store,ECOMMERCE
4187,https://shop.therosaryteam.org/product-category/prayer-cards/,ECOMMERCE
4188,https://shop.wastedpenguinz.com/general-terms-conditions/,ECOMMERCE
4189,https://shop.zoaroutdoor.com/paddling-gear/,ECOMMERCE
4190,https://shopcrv.guardiangames.com/brands/surreal-entertainment/,ECOMMERCE
4192,https://shopmimimiller.com/you-are-very-deer-to-me-mug,ECOMMERCE
4193,https://shortyawards.com/13th/your-brand-here,NEWS
4194,https://showbiza.com/cz/rating/deephouse-label,NEWS
4195,https://shows.acast.com/keep-up-with-the-times/episodes/opinion-a-kiko-of-nobility-a-kiko-of-nihilism-nov-9-2025,NEWS
4196,https://shreelaxmisteel.com/kasino-provision-exklusive-einzahlung-2025-neue-gebuhrenfrei-codes/,ECOMMERCE
4198,https://shreelaxmisteel.com/provedor-de-roleta-tudo-o-que-voce-precisa-saber/,BLOG
4200,https://shwinandshwin.com/2015/03/garden-girl-collection-new-pdf-sewing-patterns.html,BLOG
4201,https://siahus.com/essential-oils/gc-ms-testing-hype/,ECOMMERCE
4202,https://siamgym-leipzig.de/author/admin/,OTHER
4203,https://siarchives.si.edu/collections/auth_per_fbr_eacp458,EDUCATION
4204,https://sid.siemens.com/v/u/A6V10063635,OTHER
4206,https://sighenz.com/london-gets-new-hybrid-buses-early-2012/,BLOG
4207,https://sightlessoracle.com/category/head-dreams/page/4/,OTHER
4208,https://sigmaheightelevator.com/affordable-elevator-repair-dubai/,ECOMMERCE
4209,https://signspecialist.com/lettering/v2/lettering-designer-namemyboat.php?col2=Burgundy&shd=1&out=1&str1=TRITON&fnt=cathe_ci.ttf&fnt_name=Cathedral&text=TRITON&coltype=std-Oly+Blue&,ECOMMERCE
4211,https://silklaser.com.au/product/add-on-laser-pigment-removal-neck/,ECOMMERCE
4213,https://silverbluff.com/brewery-event/c-alexander-food-truck/,ECOMMERCE
4216,https://simplechinesefood.com/ingredient/abalone-spicy-sauce,ECOMMERCE
4217,https://simplestudy.com/gb/gcse/ocr/business/paper-questions,EDUCATION
4220,https://singletrackworld.com/2014/05/free-1000-digital-premier-subs/,BLOG
4222,https://sister-tokyo.com/product/495504,ECOMMERCE
4223,https://site.extension.uga.edu/tattnall4h/2023/4-h-camp-registration-closes-may-4th/,BLOG
4225,https://sites.google.com/shenschools.org/first-team-20/star-map,OTHER
4226,https://sites.nd.edu/thegoodclass/author/lmckerna/,BLOG
4227,https://sitewaredirect.com.au/product/steel-blue-argyle-boots-312102-whiskey/,ECOMMERCE
4230,https://skinlogic.org/photo-gallery/laser-treatments/laser-treatments-case-3234/,OTHER
4231,https://skinnynews.com/2016/07/health-benefits-pokemon-go/,NEWS
4232,https://sklarteam.com/properties/820-garnet-cir-weston-fl-33326-3af4f21956ed14d185b0421a0cbbf7da,OTHER
4233,https://skokienewspaperindex.com/tag/yates-sidney/,NEWS
4234,https://skywalkingthroughneverland.com/tag/songs/,BLOG
4236,https://slashpage.com/bigeco/qrx6zk25rgzyrmv314y5?post=qrx6zk25rwryjmv314y5,OTHER
4238,https://slotmaker.io/s/1aba9tw,OTHER
4239,https://smacus.com/tag/kids-karate/,EDUCATION
4240,https://smallcakesbakery.com/etiqueta-producto/macaron-birthday-box/,ECOMMERCE
4241,https://smallroots.blogspot.com/2017/06/fave-5-on-5-2017-may.html,BLOG
4242,https://smalltowns.soc.iastate.edu/agrps-students/,EDUCATION
4243,https://smarthomediscovery.com/be-safe-with-these-crucial-home-security-tips/?amp,BLOG
4246,https://smartrackcards.com/digital-tourist-kiosks/melita-mb-digital-tourist-kiosk,OTHER
4250,https://smmturk.org/id/blog/affordable-smm-services-for-indonesia-social-growth-made-easy,OTHER
4251,https://smokingfetisharchive.com/2025/12/01/mores-14-in-real-life/,OTHER
4252,https://smokymountainnews.com/archives?start=26150,BLOG
4253,https://smoothcomp.com/en/event/24781/schedule/matchlist,OTHER
4255,https://snoflo.org/map?lat=-101.9212&lng=34.971029&z=11,ECOMMERCE
4256,https://snootysims.com/mods/robins-rustic-twist-vegetarian-carbonara-delight-custom-alphacc-recipe/,ECOMMERCE
4257,https://so.wordpress.org/plugins/tags/simple-sitemap/,TECHNICAL
4258,https://sochaseme.com/blogs/if-john-carlos-buy-nba-2k17-mt-and-his-adolescent-2233,BLOG
4259,https://socialcompare.com/es/criteria/campus-wide-funding-2my1rrlb,OTHER
4260,https://sociallawy.com/story11064535/dive-into-hi88c-your-gateway-to-limitless-entertainment,FORUM/DISCUSSION
4261,https://sociallawy.com/story11082750/unleash-your-earning-potential-earn-money-online-today,FORUM/DISCUSSION
4262,https://socialmediainuk.com/story20265285/car-lockout-214-751-7662,FORUM/DISCUSSION
4263,https://softhandtech.com/is-linux-an-os-or-kernel/,TECHNICAL
4264,https://softsolindia.com/resources/?eeSFLF_ListFolder=AnnualReports/2021-22,OTHER
4265,https://sogood-eshop.com/en/product/baking-bag-%D9%83%D9%8A%D8%B3-%D8%A7%D9%84%D8%B9%D8%AC%D9%8A%D9%86-%D8%A7%D9%84%D8%B3%D9%8A%D9%84%D9%8A%D9%83%D9%88%D9%86-2/,ECOMMERCE
4267,https://solarcooking.fandom.com/wiki/Matt_West?veaction=edit&section=8,OTHER
4268,https://solarsystem.nasa.gov/raw_images/254808/,EDUCATION
4270,https://solve.mit.edu/articles?selected=impact-investing%2Ceducation%2Cblack-brown-innovators%2Cyouth-innovation%2Cevents%2Cpress-releases%2Chealth&tag=indigenous-communities,OTHER
4271,https://somersetrivers.uk/division-rhyne-map/,BLOG
4272,https://sonichu.com/cwcki/G.D.W._Shinabe,BLOG
4273,https://sonicwallsecurity.co.uk/advanced-protection-service-suite-for-nsv-470,ECOMMERCE
4274,https://sonistar.net/2021/12/19/top-ranked-benefits-of-the-very-best-board-portals/,OTHER
4275,https://sorrentoandamalficoast.com/scala/,ECOMMERCE
4280,https://southsouth-galaxy.org/tag/urban-development/,OTHER
4281,https://southwesternsoulnm083.lucialpiazzale.com/arts-entertainment-at-downtown-arts-district,BLOG
4282,https://sovtest-ate.com/en/distributors/,ECOMMERCE
4286,https://spacesecurity.wse.jhu.edu/2024/07/28/need-4k-streaming-on-the-iss-try-laser-beams/,TECHNICAL
4287,https://spalco.com.au/product-tag/cut-fill-rod/,ECOMMERCE
4288,https://spardhatimes.com/current-affairs-quiz-25-nov-2025/,EDUCATION
4289,https://spares4dishwashers.co.uk/kitchen-appliances/dishwasher-spare-parts/dometic/case,ECOMMERCE
4290,https://spares4tumbledryers.co.uk/washers-dryers/tumble-dryer-spare-parts/aeg/drum-paddle,ECOMMERCE
4291,https://spasibo.korean.net/bbs/board.php?bo_table=news&wr_id=77&c_id=2696&w=c&c_id=3246&w=c,BLOG
4292,https://spbase.org/mycobacterium-bovis-antibody-rapid-test-test-40-t-gfg-6082/,TECHNICAL
4293,https://spccpa.com/blog/has-tax-reform-taken-away-your-home-mortgage-interest-deduction,OTHER
4294,https://speakai.co/translator/translate-guarani-to-portuguese-brazilian/,TECHNICAL
4295,https://species.wikimedia.org/wiki/Acarospora_franconica,OTHER
4296,https://species.wikimedia.org/wiki/Neococcinella_novaezelandiae,EDUCATION
4297,https://speechify.com/medium/?source=post_page-----798e2383e027---------------------------------------,EDUCATION
4298,https://spendinglessonenergy.com/,OTHER
4299,https://spinanimation.com/portfolio/theatre-commercial-animation-socar-licence-to-fill/,OTHER
4300,https://spinedoctornj.com/spine-surgeon-back-pain-doctor-neck-injury-specialist-marlborough-pa/,OTHER
4301,https://sponsor-a-puppy.org.uk/watch-lion-bite-tourist-car-causing-tire-explode/,BLOG
4302,https://sport-fury.com/%F0%9F%9A%A8-sean-mcdermott-sparks-heated-debate-over-controversial-at-nfl-meetings/,BLOG
4303,https://sportfairusa.tuosystems.com/contact_us,OTHER
4304,https://sportsradio977.com/ixp/1123/p/giant-gas-station-chain-closing-1000-locations-utah-affected/,OTHER
4305,https://sportzpoint.com/football/arsenal-vs-manchester-united-match-preview%2C-head-to-head-stats%2C-predictions%2C-possible-lineups,NEWS
4306,https://springcreekenterprise.net/?attachment_id=7200,OTHER
4309,https://squabstorage.co.uk/advice-hub/contents-protection/,ECOMMERCE
4310,https://squallsnake.com/farewell-north-2/,BLOG
4311,https://squareup.com/gb/en/crm,OTHER
4312,https://srjphe.com/tranter-heat-exchanger-plates/,ECOMMERCE
4313,https://srp-uk.org/forums/app.php/help/faq?sid=f455726bf63956ffe6cce5470c1e57e0,FORUM/DISCUSSION
4314,https://srp-uk.org/forums/ucp.php?mode=delete_cookies&sid=1a91d0ad988d12a7ab52c63b6b1e4c21,FORUM/DISCUSSION
4315,https://sse-franchise.com/tag/%E7%AF%B3%E7%AF%A5/,EDUCATION
4316,https://ssl.adam.com/content.aspx?productid=617&isarticlelink=false&pid=1&gid=000775&site=slu.adam.com&login=SLUC3551,EDUCATION
4317,https://stack.amcsplatform.com/user/divingmosque68,EDUCATION
4320,https://staging.homehealthcarenews.com/2016/07/home-health-index-continues-to-break-records/,OTHER
4323,https://staging1.projectcamelotportal.com/2010/05/11/letter-from-t/,BLOG
4324,https://staging2.hibob.com/integrations/evolia/,OTHER
4325,https://stampthis.blogspot.com/2016/06/summer-seashells.html?showComment=1466618461552,BLOG
4326,https://stampwithsass.blogspot.com/2011/02/buttons-bows-babies.html?showComment=1298728397172,BLOG
4327,https://standrewsucc.org/image-library/selling-st-andrews-famous-shoo-fly-pie-and-funny-cakes-at-the-perkasie-farmers-market/,NEWS
4328,https://stanfordreview.org/whos-ruining-christmas-the-new-york-times/,BLOG
4329,https://stantonstreet.org/tv-mounting-service-elko-nv,OTHER
4330,https://starcentralmagazine.com/7-181/,BLOG
4331,https://starleafwellness.com/faq/,OTHER
4332,https://starlink.com/bs/support/article/794028c5-d010-de5f-6eeb-e63452d5526a,ECOMMERCE
4333,https://starlink.com/sb/residential/89kitoffer/idaho,ECOMMERCE
4334,https://starsunfolded.com/mudit-nayar/,OTHER
4335,https://startupworldonline.com/2023/05/23/,OTHER
4336,https://startupxplore.com/en/person/app-experts,OTHER
4337,https://startupxplore.com/es/inversores/droia,OTHER
4338,https://statedefenseforce.com/2024/03/08/south-carolina-state-guard-training-hard-from-dams-to-depths-sc-state-guards-comprehensive-approach-to-infrastructure-and-rescue-operations/,BLOG
4339,https://statistik.d-u-v.org/getresultevent.php?event=114959,ECOMMERCE
4341,https://status.broadcom.com/services/cloud-secure-web-gateway/notices/qarhaxnfcnhfprb0-infrastructure-maintenance-multiple-products-december-05-2025,ECOMMERCE
4342,https://staypcu.com/exploring-the-best-brunch-spots-in-park-city-utah/,BLOG
4343,https://staypcu.com/properties/%E2%98%85brandnew-patio-chefs-kitchen-views-parking/,BLOG
4345,https://stessentials.com/collapsible-suitcase-on-wheels/,BLOG
4346,https://stevelaube.com/tag/john-wooden/,BLOG
4347,https://stevesbirdingblog.blogspot.com/2023/04/a-quick-catch-up.html,BLOG
4349,https://stickerbration.com/shop/4/,ECOMMERCE
4350,https://stlouislocations.com/2013/04/26/st-louis-missouri-location-scout-film-video-and-multimedia-scouting/,OTHER
4352,https://stmartinshall.org/photos/photo?photo_id=42930162,OTHER
4353,https://stnicholashospice.org.uk/join-us/general-administrator/attachment/clinical-administrator-job-description-3/,OTHER
4354,https://stocktonhalloffame.com/vernon-dander/,OTHER
4355,https://stockzoa.com/ticker/hlit/ownership/alliancebernstein-lp/,OTHER
4356,https://stonesrx.com/patient-resources/searchtags/PREG,EDUCATION
4357,https://store.10gtek.com/2-5-meter-200g-qsfp56-to-2x-100g-twinax-copper-passive-dac-cable-arista-compatible/p-24699,ECOMMERCE
4358,https://store.aaca.org/merchandise.html?cat=2&color=29&dir=asc&mode=list&order=position&size=80,ECOMMERCE
4359,https://store.astm.org/a0542_a0542m-09.html,ECOMMERCE
4360,https://store.atcouncil.org/index.php?a=%27&category_id=65&dispatch=categories.view&sort_by=product&sort_order=asc&page=4,ECOMMERCE
4361,https://store.livpure.com/livpure-authorised-shop-ahuja-electronics-water-purification-company-vijay-nagar-kanpur-287741/Timeline?page=8,ECOMMERCE
4362,https://store.livpure.com/location/punjab/bathinda/main-sabji-mandi,OTHER
4363,https://store.msmnyc.edu/brands/carta/,ECOMMERCE
4364,https://storefixturesnj.com/buy-mannequins-online/buy-mannequins-online-sale-in-nj-in-green-township-nj/,ECOMMERCE
4365,https://stories.td.com/ca/en/news/2010-03-16-savvy-advice-for-first-time-home-buyers-3a-td-canada-trust-rev,OTHER
4366,https://storiesandme.com/ninety-days-twenty-six-1-2/,BLOG
4367,https://storium.com/character/reese-bauer/in/orientation,ECOMMERCE
4368,https://storium.com/character/vicki-macdonald/in/newton-pembury-primary-school,ECOMMERCE
4369,https://stormguardsolutions.co.uk/roof-leak-repair/wickham,OTHER
4370,https://stormotion.io/portfolio/be-amazing/,EDUCATION
4372,https://stoxpo.com/index.php/tag/nikola/,OTHER
4374,https://streamtele.com/en/servicepulse-surveys-that-work-for-your-results/,OTHER
4375,https://streetfightmag.com/tag/lisa-williams/,OTHER
4377,https://stricklandgolfcarts.com/shop/used-2016-club-car-golf-carts-electric/,ECOMMERCE
4381,https://stripe.com/en-fi/resources/more/how-to-write-a-dunning-letter,EDUCATION
4382,https://structbio.vanderbilt.edu/archives/amber-archive/2007/4394.php,OTHER
4383,https://strybuc.pro-active.com/products/Friction-Hinge-Set-11482.html,ECOMMERCE
4384,https://stshospital.com/portfolio-category/cardiology/,OTHER
4385,https://studentscholarships.org/scholarships/18086/lebanon-high-school-high-school,EDUCATION
4386,https://studentscholarships.org/scholarships/51708/thompson-falls-high-schooll-high-school,EDUCATION
4387,https://studentsnepal.com/members/ajajmiya/groups/,FORUM/DISCUSSION
4388,https://studiomegaane.com/2017/03/18/w-infinitygear%E6%88%A6%E5%A3%AB%E9%9B%BB%E7%AB%A5-8bit/,OTHER
4389,https://studydriver.com/what-justice-means-to-me/,EDUCATION
4390,https://styledtraveler.com/2023/12/,BLOG
4391,"https://subashiniassociates.com/laws/-56/The_Uttar_Pradesh_Value_Added_Tax_Rules,_2008.aspx",OTHER
4392,https://subjectiveandarbitrary.blogspot.com/2018/09/the-1974-topps-rookie-all-star-team_24.html,BLOG
4393,https://succentrixspringhill.com/blog/are-you-subject-to-self-employment-tax,EDUCATION
4395,https://sufinama.org/location/india/bihar/vaishali/na?startswith=all&filter=death,OTHER
4397,https://summercamps.tucson.com/?s=1&q=&location%5B%5D=North+side&location%5B%5D=South+side&location%5B%5D=Foothills+area&location%5B%5D=Central%2FMidtown+area&location%5B%5D=West+side&location%5B%5D=University+area&age%5B%5D=17&age%5B%5D=18&age%5B%5D=13&age%5B%5D=4&age%5B%5D=11&topic%5B%5D=Sports%2FRecreation&topic%5B%5D=STEM&topic%5B%5D=Arts&cost%5B%5D=%24%24%24+-+%24275+and+up%3Fts%3D1603731012%3Fts%3D1611549319&cost%5B%5D=%24%24+-+%24151+to+%24275%3Fts%3D1669504708%3Fts%3D1695603591&cost%5B%5D=%24+-+%240+to+%24150&cost%5B%5D=%24%24%24+-+%24275+and+up&cost%5B%5D=%24%24+-+%24151+to+%24275,OTHER
4400,https://sunbeamgroup.net/demo-igrovye-avtomaty-v-kazino-v-2024-igrat-onlain-v-sloty-besplatno-i-nikakikh-registratsii-9/,ECOMMERCE
4401,https://suncana.co/2008/01,BLOG
4402,https://sunglasscentralnewtown.blogspot.com/2015/10/sunglass-central-can-rx-most-any.html,BLOG
4403,https://sunraysiadaily.com.au/education/2025/06/30/pizza-party-after-class/,NEWS
4404,https://sunsetplazadental.com/product-tag/breath/,ECOMMERCE
4405,https://sunshinebookseller.com/product/18333/,ECOMMERCE
4406,https://superbestwaterdamagefloodrepairsandiego.com/4-signs-you-have-hidden-water-damage-in-your-san-diego-home/,OTHER
4407,https://superiorengineering.co/?attachment_id=4589,BLOG
4408,https://supersportcarrental.com/car-type/rent-convertible-cars-in-dubai/?wccm=add-to-list&pid=13747&nonce=6244957cd7&orderby=date,ECOMMERCE
4409,https://superworks.com/glossary/iterative-development/,OTHER
4410,https://support.advancedcustomfields.com/forums/reply/38489/,FORUM/DISCUSSION
4411,https://support.arbor-education.com/hc/en-us/articles/20274580020893-Student-Profile-Demographics-and-Statuses-FAQ,EDUCATION
4412,https://support.arbor-education.com/hc/en-us/articles/4402144586769-Report-of-students-with-social-workers,EDUCATION
4413,https://support.avast.com/en-ae/article/antivirus-https-scan-faq,OTHER
4414,https://support.chainex.io/kb/tutorials/tutorials/functionality/functionality/tutorials/tutorials/general/general/mobile-app/mobile-app/general/tutorials/functionality/functionality/functionality/tutorials/how-do-i-cancel-an-active-order,EDUCATION
4416,https://support.glowforge.com/hc/en-us/articles/360033633494-introducing-inkscape,TECHNICAL
4417,https://support.numericalinnovations.com/support/discussions/topics/14000003314,FORUM/DISCUSSION
4418,https://support.quest.com/download-install-detail/6063241,ECOMMERCE
4419,https://support.spotify.com/sc-en/creators/article/finding-and-enabling-your-rss-feed/,OTHER
4420,https://support.spotify.com/sl/artists/article/getting-started-with-campaign-tools/,OTHER
4421,https://support.zabbix.com/browse/ZBX-24565?attachmentViewMode=gallery,TECHNICAL
4422,https://suprahow.com/original-apple-wallpapers-optimized-for-your-iphone/,OTHER
4424,https://surrey.bibliocommons.com/search?t=userlist&search_category=userlist&q=surreylibraries_reads&display_quantity=25&topic=Social+conditions%7CDeath%7CFamilies&genre=Historical+Fiction&region=United+States,EDUCATION
4425,https://susans-sewing-space.blogspot.com/2022/11/rsc-november.html?showComment=1669837678043,BLOG
4426,https://sustainability.slaughterandmay.com/post/102hl35/does-prudential-policy-have-a-role-to-play-in-tackling-climate-change,EDUCATION
4428,https://svs-ltd.com/the-ultimate-guide-to-live-roulette-bonuses/,ECOMMERCE
4429,https://swcsite1.org/dario-griselda-real-life-story/,BLOG
4430,https://sweetmaidcleaning.com/homestead-house-cleaning-service/,ECOMMERCE
4431,https://sweetspotmgmt.com/product/birthday-cake/,ECOMMERCE
4432,https://swkps.com/search-properties/?property-author=22,OTHER
4434,https://synscan.net/vuln/CVE-2005-1632,OTHER
4435,https://systemowaszkola.com/portfolio/social-marketing/,OTHER
4436,https://szchkt.org/a/docs/news_tags/36/show?locale=en_GB,OTHER
4440,https://t3-comicshop.de/berserk-ultimative-edition-21.html,EDUCATION
4441,https://t3-comicshop.de/wenn-du-zum-weibe-gehst.html,EDUCATION
4442,https://tablosanattavan.com/asus-vivobook-15-oled-a1505za-secure-driver-download/,TECHNICAL
4443,https://tadvantageperformance2.com/links-post/,EDUCATION
4444,https://taingheviet.com/hifiman-he1000-unveiled-pr12063.html,OTHER
4445,https://takhtejamshidcup.com/index.php?option=com_content&view=article&id=334&Itemid=884,FORUM/DISCUSSION
4446,https://talend.github.io/component-runtime/apidocs/1.52.0/api/org/talend/sdk/component/api/service/serialization/package-summary.html,TECHNICAL
4448,https://talks.cam.ac.uk/talk/index/52662,EDUCATION
4449,https://talks.ox.ac.uk/talks/persons/id/203a2074-f278-4c30-bda2-8c108137af93?format=txt,EDUCATION
4450,https://tang.skidmore.edu/collection?active_sort=accession-asc&decade=1960&page=6&per=60&sort_by=date-desc,ECOMMERCE
4451,https://tarafrejas.com/tag/sea-turtles/,BLOG
4452,https://taramolina.com/listings/126-reunion-green-airdrie-mls-a1020589/hello-gorgeous-126-reunion-green-nw-airdrie-ab-tara-molina-real-estate-12-of-35/,OTHER
4453,https://targetpublications.org/children-books/bird-craft-book-art-and-craft-activity-book-for-kids.html,EDUCATION
4454,https://tartariaempire.com/product-tag/meditation-tools/,ECOMMERCE
4455,https://tasneemxfdf767674.topbloghub.com/40898724/uncommon-beauty-awaits-a-albino-sulcata-tortoise,BLOG
4456,https://tasteminty.com/stock?tag=cook,ECOMMERCE
4458,https://tastykitchen.com/blog/2010/01/how-to-make-blender-hollandaise-sauce/,BLOG
4459,https://tastytriviaflorida.com/authors-80s-tv-shows-and-the-beatles-oh-my/,BLOG
4460,https://tattoogrid.net/oregon-tattoo-by-evgenii-andriu/,ECOMMERCE
4461,https://taxandlife.com/cat/tax/2023/10/24/tesla-income-limit.html,ECOMMERCE
4464,https://tb.priceblink.com/coupons-codes/seminovos-movida/44438,OTHER
4465,https://tbookmark.com/story20495973/family-dentistry-in-bryan-tx,FORUM/DISCUSSION
4466,https://tdcenter.org/2023/06/15/shifts-in-trade-with-russia/,OTHER
4467,https://teaching-vacancies.service.gov.uk/jobs/level-3-teaching-assistant-2701d80f-e900-4565-9cd0-d311324de553,EDUCATION
4468,https://teaching-vacancies.service.gov.uk/jobs/wraparound-care-manager-lawley-village-academy,EDUCATION
4469,https://team.macwear.com/?v=f0679093167e&taxonomy=product_shipping_class&term=equipment-bag-shipping,ECOMMERCE
4470,https://teammarshall.ca/search-by-lake/blackstone-and-crane-lake/,EDUCATION
4475,https://techcrams.com/use-cases-and-advantages-of-the-metaverse-software-development/,BLOG
4476,https://techdocs.zebra.com/enterprise-browser/latest/api/sensor/,TECHNICAL
4477,https://techeest.com/8-little-things-which-will-inspire-you-to-create-a-perfect-logo/,BLOG
4478,https://techfestsuli.com/2019/03/05/why-visionary-leadership-fails/,BLOG
4480,https://techgenyz.com/flipkart-nokia-partnership-to-launch-nokia-smart-tvs/,OTHER
4481,https://techievoyage.com/tag/greeting-cards/,NEWS
4484,https://techjobs.sulekha.com/business-objects_classroom_training_in_atlanta-ga,OTHER
4488,https://technoowrites.com/makeup-artist-course-in-chandigarh/,BLOG
4489,https://techrete.com/products/panel-types/,OTHER
4490,https://techsecinfo.com/nist-releases-cybersecurity-framework-2-0/,BLOG
4492,https://techtodaywestvirginia.com/article/872257060-identity-becomes-the-prime-target-for-cybercriminals-regula-highlights-five-incidents-that-shaped-2025-s-threat-landscape,NEWS
4493,https://tedmag.com/new-leadership-at-eoff-electric-supply/,NEWS
4494,https://tedwilliams.ca/listing/35-west-link-rocky-harbour-newfoundland-labrador-a0k-4n0-27334604/,OTHER
4495,https://teebeedee.ning.com/profile/RobertLamoureux?xg_source=profiles_memberList,FORUM/DISCUSSION
4497,https://teetine.com/chicago-illinois-il-shirt-vintage-baseball-graphic-youth-hoodie/,ECOMMERCE
4498,https://telecom.economictimes.indiatimes.com/news/devices/applied-materials-becomes-largest-shareholder-of-advanced-packaging-firm-besi/120306288,NEWS
4499,https://telugu.videosamachar.com/play/gslv-f15-live-gslv-f15-nvs-02-mission-launch-sriharikota-tv9-tv9,NEWS
4500,https://tennessee-kentucky.plantatlas.usf.edu/specimen/details/1592827,EDUCATION
4501,https://tennessee-kentucky.plantatlas.usf.edu/specimen/details/552640,EDUCATION
4502,https://tennesseedeathpenalty.org/2023/,BLOG
4503,https://tenor.com/view/cool-thats-cool-kewl-this-is-cool-thumbs-up-gif-20581130,TECHNICAL
4504,https://tenor.com/view/dals-dodeliner-combal-danse-avec-les-stars-pamela-anderson-gif-12723813,TECHNICAL
4505,https://teridegnan.com/property/116-darlingdale-avenue-pawtucket-ri-02861/85618036/,OTHER
4506,https://terra-gen.com/energy-storage/,ECOMMERCE
4508,https://terranelson.com/i-interviewed-my-builder-with-your-questions/,BLOG
4509,https://testbor.com/problems/2657,OTHER
4510,https://testmoz.com/451428,ECOMMERCE
4512,https://textgiraffe.com/Elvan/,EDUCATION
4513,https://textgiraffe.com/logos/candies/,BLOG
4514,https://th.wix.com/marketplace/template/0c305d7f-e451-47b1-9d58-cce2098236f3,OTHER
4515,https://thai.webike.net/en/mt/husqvarna-sm125-5212,ECOMMERCE
4516,https://thapandas.com/?product=the-nightwatchman,ECOMMERCE
4517,https://thawemandir.org/?h=01246138186300,BLOG
4518,https://thawemandir.org/?h=7837737237702,BLOG
4519,https://the-ceo-magazine.com/tag/reducecosts/,NEWS
4521,https://thealdenhouse.com/testimonials.html,OTHER
4522,https://theallendercenter.org/tag/reflection/page/4/,OTHER
4523,https://thebiryaniguys.com/product/daal/,ECOMMERCE
4524,https://theblueline.com/findAJob/view/32488,OTHER
4525,https://thebluffsathuron.com/purchaser-portal/53801-par-hhv-siteplan-ph9-insert11b-for-construction-51799_web-jul-2025-r1/,OTHER
4526,https://theboldbulletin.net/affordable-solutions-for-bathroom-remodelling-berlin-nj-dreams/,OTHER
4527,https://thebuilderssupply.com/richelieu-h110c2r6p99-serie-200-concealed-hinges-94-degrees-120-degrees?delhist=%5Bcatalog_id%5D,ECOMMERCE
4528,https://thebullwheel.ca/menu/checkmate-fools-mate-chardonnay-2021/,OTHER
4529,https://thebusinessprofessor.com/wage-push-inflation-explained/,BLOG
4530,https://thecandlefragranceco.com/categories/candle-making-supplies/product/candle-wax-kerasoy-massage-4115/,ECOMMERCE
4531,https://thecarbonmagazine.com/2012/10/16/beauty-box-maxxed-out/,BLOG
4532,https://thecomeback.com/tag/eastern-kentucky-colonels,NEWS
4533,https://thecustomapparelguy.com/create/Bandanas?c=4688147,ECOMMERCE
4534,https://thecustomapparelguy.com/designs/view_design/Jesus-Face?d=522450643,ECOMMERCE
4535,https://thedailyguardian.com/tag/sony-xperia-10-viii/,NEWS
4537,https://thedankbergs.com/properties/23083-n-74th-place-scottsdale-az-us-85255-20250402135723060190000000,OTHER
4538,https://thedeliandpizzashop.com/tags/french-fries,ECOMMERCE
4539,https://thediscdb.com/Movie/a-matter-of-loaf-and-death-2008/releases/2025-the-complete-cracking-collection-4k/discs/2/00208/m2ts,OTHER
4540,https://thediscounts.co.uk/coupons/up-to-30-discount-on-selected-products-596/,ECOMMERCE
4541,https://thedisruptionhouse.com/press-release/press-release-disruption-house-sme-data-sustainable-finance-regulatory/,OTHER
4542,https://thedockcdf.co.uk/class/racing-92-v-cardiff-rugby-k-o-315pm/,OTHER
4543,https://thedockcdf.co.uk/class/southampton-v-liverpool-8pm/,OTHER
4544,https://thedognetwork.ca/parks/canada/british-columbia/osoyoos/,OTHER
4545,https://thedragonsgaze.blogspot.com/2016/12/transmission-spectroscopy-of-inflated.html,BLOG
4546,https://theenterprise.net/gran-fondo-held-to-benefit-ems/,NEWS
4547,https://theessenceofhome.blogspot.com/2014/03/27-years-ago.html?showComment=1396015600922,BLOG
4548,https://theeuropetoday.com/2025/12/03/trump-administration-suspends-all-immigration-applications-from-19-countries/,NEWS
4549,https://thefallenblog.blogspot.com/2008/,BLOG
4550,https://thefamousinfo.com/matt-barcaro/,BLOG
4551,https://thefamousinfo.com/mike-savino/,OTHER
4552,https://thefansportsnetwork.com/2024/10/07/region-9-football-gameday-october-11th/,NEWS
4553,https://thefinancialdaily.com/tag/industrial-development/,NEWS
4554,https://thefionaapplegroup.com/map-view/,ECOMMERCE
4555,https://thefitpets.com/why-do-cats-dig/,BLOG
4558,https://thefutureofthings.com/19474-shaping-the-future-of-efficient-clinical-trials/african-chemist-researcher-typing-information/,EDUCATION
4559,https://thegemtheater.com/movies/the-phoenician-scheme/,OTHER
4560,https://thegraph.com/explorer?indexedNetwork=optimism&orderBy=Query+Count&orderDirection=desc,OTHER
4563,https://theguvnah.blogspot.com/,BLOG
4564,https://thehackernews.com/search/label/Risk%20Assessment?updated-max=2024-05-14T16:21:00%2B05:30&max-results=20&start=11&by-date=false&version=meter+at+null,NEWS
4565,https://theheavenward.com/listing/jesus-is-lord-circle?product=46&variation=2756&size=426,ECOMMERCE
4566,https://theiacp.memberclicks.net/index.php?option=com_ccboard&view=postlist&forum=22&topic=689&Itemid=,OTHER
4567,https://theicg.co.uk/how-online-creative-development-research-reduces-bias/,ECOMMERCE
4568,https://theicg.co.uk/upt_user/user-972/,ECOMMERCE
4569,https://thejvsblog.com/tubebuddy-review/,OTHER
4570,https://theknotslanding.ca/terms/,OTHER
4572,https://theleathergems.com/product/top-gun-tom-cruise-bomber-jacket-maverick-green-nylon-ma-1-motorcycle-jacket-men/,ECOMMERCE
4573,https://themanitoban.com/page/4/?contributor=corey-king,EDUCATION
4574,https://themerecords.com/theme/archcode-architect-design-wordpress-theme/,TECHNICAL
4575,https://themestizamuse.com/an-ultimate-guide-to-4b-hair-type-care-tips-styles-and-more/,ECOMMERCE
4576,https://themilleraffect.com/beat-the-winter-blues/themilleraffect-4-6/,BLOG
4577,https://themodernmusemagazine.com.au/style/australian-fashion-weeks-most-photographed/,BLOG
4578,https://themusicrealm.com/product/house-music-op-26-2/,ECOMMERCE
4580,https://thenewcub.com/tag/duaction/,BLOG
4581,https://thenounproject.com/icon/phone-3125766/,OTHER
4582,https://theonestopradio.com/radio/vigilante_radio_es,ECOMMERCE
4583,https://theonlook.com/2020/11/11/glenmark-pharmaceuticals-gets-approvals-from-usfda-for-generic-prograf-capsules/,NEWS
4584,https://theopinionatedindian.com/entertainment/review-animal-(2023)-a-cinematic-showcase-of-ranbir-kapoors/cid12896349.htm,OTHER
4585,https://thepaintedhousetn.com/products/pair-of-2-estee-pocket-notebook,ECOMMERCE
4586,https://thepartsdirect.com/part/nas1766c08~unknownmfr,ECOMMERCE
4587,https://thepilateshouse.ca/,BLOG
4588,https://theplayground.co.uk/premiere-sahil-self/,BLOG
4589,https://theprogressnetwork.org/article_source/the-international-correspondent/,OTHER
4590,https://thepromodude.com/p/catalog/?mcat=Backpacks%2C+Bags%2C+and+Totes&cat=Bags+-+Laptop%2FComputer,ECOMMERCE
4591,https://thermal-mech.com/en/product-category/standard-weld-en/h-beam-straightening-en/,ECOMMERCE
4592,https://thermalimagingsurvey.uk/near-me/hampshire-lymington/,OTHER
4593,https://thermocarefq.com/private-label-muscle-heat-patch/,ECOMMERCE
4594,https://thesibarist.com/en/properties/the-luxury-of-uniqueness-in-xl-format/,OTHER
4597,https://thestagebergs.com/about/,OTHER
4598,https://thesuncitynews.com/lalan-prasad-of-jdu-filed-a-nomination-for/,NEWS
4599,https://thetatide.com/,ECOMMERCE
4600,https://thetrailerstore.ca/inventory/motorcycles/used-motorcycles/1716-2004-140CI-Custom-Rigid-Chopper-Redneck-Engineering,OTHER
4601,https://thetraveloutlier.com/tag/tamborine/,BLOG
4602,https://thettablog.blogspot.com/2013/05/ttab-affirms-disclaimer-requirement-of.html,BLOG
4603,https://theunn.com/why-you-dont-always-need-to-adjust-to-a-new-time-zone/,BLOG
4604,https://thevolte.com/users/jen-b,ECOMMERCE
4605,https://theweek.com/articles/664831/how-jared-kushner-became-donald-trumps-most-trusted-adviser,NEWS
4606,https://theweeklymail.uk/cabinet-approves-inclusion-of-caste-data-in-upcoming-census-a-historic-policy-shift/,NEWS
4607,https://thewhiskyclub.com.au/,BLOG
4608,https://thewhiskyclub.com.au/our-whiskies,ECOMMERCE
4609,https://thewhitegown.com/alyne-by-rita-vinieris/fall-2023/hazel,ECOMMERCE
4610,https://thewritingplatform.com/contributor/anna-ganley/,EDUCATION
4611,https://theyogisangle.com/two-rows-with-space/,OTHER
4612,https://thezenshop.ca/zen-products/satyr-bronze-finish-statue/,ECOMMERCE
4613,https://thinkdonesolutions.co.uk/services/digital-marketing/,OTHER
4615,https://thoroughlymodernmillinery.co.uk/?taxonomy=product_shipping_class&term=small-item-shipping-fee,ECOMMERCE
4616,https://threadcountinc.com/products/plush-moh708-seatown?view=print,ECOMMERCE
4617,https://threeandahalfacres.org/2019/04/,BLOG
4618,https://threemountainroofing.com/why-should-you-consider-professional-roof-installation/,BLOG
4619,https://thrivemyway.com/author/tim/,BLOG
4620,https://tianascloset.com/index.php/category/printable-sewing-patterns/page/3/,BLOG
4621,https://tickets.coloradosymphony.org/7558/7560,OTHER
4622,https://tigermedianet.com/?tag=lindsay-smith,BLOG
4623,https://tiklik.com/the-development-process-of-a-game-slot/,BLOG
4624,https://time4pa.com/time4pa-logo-for-web/,OTHER
4625,https://timeinuae.com/topic/coffee-shops-in-sharjah-2025/,NEWS
4626,https://timesalert.com/facebook-messenger-day/23633/,NEWS
4627,https://timetravelaesthetic.com/en/yasal/,OTHER
4628,https://timetravelaesthetic.com/fr/neden-time-travel/,OTHER
4629,https://timothytiah.blogspot.com/2008/04/cindy-wins-malaysian-dreamgirl-season-1.html?showComment=1209490980000,BLOG
4630,https://tintschoolonline.com/locations/texas/mineral-wells-window-tinting-classes/,EDUCATION
4631,https://tinyrooms.io/dining-room-design-ideas/eclectic-style/,OTHER
4632,https://tinytapeout.com/chips/tt06/tt_um_rng_3_lucaz97,TECHNICAL
4633,https://tirupatiinterior.com/?s=250354009201&channel=8707bf&from=pishpash.php%3Fid%3D1040092-1774%26name%3D%E6%9D%B1%E8%8A%9D+AW-7D7+TOSHIBA+7.0kg%E6%B4%97%E6%BF%AF%E6%A9%9F+2019%E5%B9%B4%E8%A3%BD+%E9%9D%99%E9%9F%B3+%E9%AB%98%E7%B4%9A%E3%82%A4%E3%83%B3%E3%83%90%E3%83%BC%E3%82%BF%E3%83%BC%E2%97%8FE023G012,OTHER
4636,https://tncflipbook.com/pdfviewer/bottom-center/?auto_viewer=true,EDUCATION
4637,https://tntrendingjob.com/dindigul-village-assistant-recruitment-2022-salary-rs-35100/,OTHER
4638,https://today.wisc.edu/events/view/188621,EDUCATION
4639,https://todayigosolar.com/tag/top-resume-writing-services/,EDUCATION
4640,https://todayigosolar.com/tag/vape-pens-near-me/,ECOMMERCE
4641,https://tokyodesignseason.jp/en/event/color-wonder-collaborate-with,ECOMMERCE
4642,https://tokyokidsmodel.jp/models-tag/%E3%82%88%E3%81%A8/,ECOMMERCE
4643,https://tommyspizzaandpasta.com/tags/vegetarian-food,OTHER
4644,https://tomobikes.co.uk/category/recycling/,ECOMMERCE
4646,https://tonies.com/en-eu/audio-content/cry-babies/histoires-courtes-des-cry-babies/,ECOMMERCE
4648,https://toolconverter.com/percent-to-rem-converter/,OTHER
4649,https://toolconverter.com/tag/conical-frustum-surface-area/,OTHER
4650,https://toolkit.tkopod.com/podcast/episode/13791403,OTHER
4651,https://tools.ecoxpert.se.com/search/go?isort=globalpop&lbc=se8000&method=and&p=Q&ts=custom&uid=570182112&w=*&af=application%3Ahvac%20application%3Adehumidification%20icat1%3Asmartstruxurelite%20numberofinputs%3A1pulse%20connectortype%3Arpminussma%20application%3Alowvoltageheatpump%20productorcomponenttype%3Asmartterminalcontroller%20application%3Alowvoltageheatpump%20application%3Alowvoltageheatpump,ECOMMERCE
4652,https://toolsnova.com/womens-summer-novelty-skirts/,BLOG
4654,https://tooraktimes.com.au/miss-chess-releases-of-her-independent-christmas-single-happy-jolly-very-extra-merry-christmas-2/,NEWS
4655,https://top-of-the-poops.org/place/southwark,OTHER
4656,https://top100spot.com/list/top-10-greatest-third-basemen-of-all-time,BLOG
4657,https://toplistar.com/story21613419/on-site-emergency-medical-responder-training-be-prepared-be-safe,FORUM/DISCUSSION
4658,https://topnewsguide.com/2021/09/02/progenity-inc-nasdaqprog-stock-extends-rally-jumps-23-in-a-week/,NEWS
4660,https://topratedsmallbusiness.com/biz/louisville/discount-smokes/,FORUM/DISCUSSION
4662,https://totalcryptoguide.com/category/technology,BLOG
4663,https://totum.com/discount/marksspencer/offer-1,ECOMMERCE
4665,https://townhall.com/columnists/marygrabar/2022/02/22/1619-project-creator-nikole-hannahjones-on-parental-rights-transparency-for-me-but-not-for-thee-n2603580,NEWS
4666,https://townofgalwayny.gov/event/town-board-meeting-2/2026-09-08/,OTHER
4667,https://tpack.pages.wm.edu/archives/tag/national-assessment-of-educational-progress,BLOG
4668,https://trabajaensanjuan.com/employer/geldfalschung-kaufen-2/,OTHER
4669,https://trabajaensanjuan.com/employer/online-driving-licence/,OTHER
4670,https://trac.macports.org/ticket/47197?action=diff&version=61,FORUM/DISCUSSION
4671,https://trackandfieldnews.com/top-headline/rip-rome-400-gold-medalist-otis-davis-92/,NEWS
4672,https://trackbill.com/bill/washington-house-resolution-4622-congratulating-the-seattle-seahawks/469482/,OTHER
4673,https://trackbill.com/legislator/arizona-representative-myron-tsosie/863-17203/,OTHER
4674,https://tracker.debian.org/news/1489250/removed-21240-31-from-unstable/,TECHNICAL
4675,https://tradingmarkets.com/recent/thursdays_options_alerts-68-643704,NEWS
4676,https://trainingaspects.com/tag/sports/,ECOMMERCE
4677,https://trainings.cosiste.com/2024/12/23/hello-world/,BLOG
4680,https://translate.studiopress.com/global/projects/child-themes/sixteen-nine-pro/gd/default/?filters%5Bstatus%5D=untranslated,TECHNICAL
4681,https://translations.launchpad.net/ubuntu/maverick/+source/gnome-panel/+pots/gnome-panel/ast/+translate,TECHNICAL
4682,https://travel.lindstromtravel.com/cruises/details/?clientid=63&offer_id=1625204,ECOMMERCE
4683,https://travelinggardener.com/20240930kyoto0751/,BLOG
4684,https://traveltables.com/country/macao/cost-of-living/,ECOMMERCE
4685,https://travul.org/uk-implements-stricter-visa-regulations-for-nigerians-pakistanis-and-sri-lankans-amid-rising-asylum-claims/,EDUCATION
4686,https://treatmentandrecoverysystems.com/a-visit-to-injection-central/,BLOG
4687,https://treatmentandrecoverysystems.com/tag/asam/,OTHER
4688,https://trending-topics.keenan.com/video-surveillance-whats-acceptable,NEWS
4689,https://trendynailbarbluesprings.com/blog/category/tips-for-nails---trendy-nail-bar-blue-springs-mo-64014,ECOMMERCE
4690,https://triadoro.com/tag/stronger/,NEWS
4691,https://trid.trb.org/Results?q=&datein=all&index=%22Plutonium%22,EDUCATION
4692,https://trilobe.com/ja/news/only-watch-2023/,ECOMMERCE
4695,https://triportour.com/transformative-travel-navigating-airline-challenges-with-confidence/,BLOG
4696,https://trophyexpressrockingham.com/product/cannes-cup-15/,ECOMMERCE
4697,https://truefinders.com.au/c-appliance-repair-service?sortby=MV,OTHER
4698,https://trueliveproduction.com/product/transcend/,ECOMMERCE
4699,https://trukunitedfc.com/player/arthur-webber,NEWS
4700,https://trupsisuflet.com/pastrav-afumat--valeputna,OTHER
4701,https://trustanalytica.org/us/tx/best-injury-lawyer,OTHER
4703,https://tsar3000.com/tag/sm-a800iz/,OTHER
4704,https://tsokosproperty.com.au/for-rent/commercial,OTHER
4707,https://tullow.dublin.anglican.org/2013/10/tullow-friends-on-the-road-tallaght-cabinteely-dunlaoire-who-knows-where-else/,BLOG
4709,https://tutors.gioschool.com/tutors/city-beckley/country-us/region-west_virginia,EDUCATION
4711,https://tv.youtube.com/browse/the-maestro--rollie-massimino-story-UCP3SO3ekh1R7AOAnwExE9vQ,NEWS
4712,https://tvdelmarva.com/teen-charged-in-milford-car-theft-and-arson-case/,NEWS
4713,https://twellottphotography.zenfolio.com/p518483957,OTHER
4714,https://twfollowexport.extensionsfox.com/terms,ECOMMERCE
4715,https://twinpeaksliquor.com/shop/product/barefoot-chardonnay/566fc2717562757006a50100?option-id=d9b89e3b63db4e01114075bd49420ae53b96f1be080adefc145d597e70ff57f6,ECOMMERCE
4716,https://twodollarradio.com/blogs/radiowaves/tagged/michelle-dean,BLOG
4718,https://ualberta.scholaris.ca/items/90a438a3-1dbd-43e1-bceb-974a749d10fc,EDUCATION
4719,https://ubiehealth.com/doctors-note/page/135,EDUCATION
4720,https://ubldigital.com/Loans/Cards-Products/Card-Facilitation-Center,ECOMMERCE
4722,https://ucnj.org/press-releases/public-info/2017/06/16/trailsides-summer-wednesday-matinee-series-begins-june-28-ignites-the-imagination-with-scientific-fun/,NEWS
4723,https://udaanarts.org/microsoft-office-2025-small-business-b4bits-archive-clean-without-system-requirements-minimal-setup-to%F0%9D%9A%9Brent/,OTHER
4724,https://udspace.udel.edu/items/212db8d3-9133-49f5-af8b-ed00e27dcfa9,EDUCATION
4731,https://uia.org/s/or/en/1100031598,EDUCATION
4733,https://uk.dhgate.com/anti-snoring-devices-nose-uk.html,ECOMMERCE
4734,https://uk.flightaware.com/resources/airport/KMSL/procedures,OTHER
4735,https://uk.pingpod.com/charlie-berman/,ECOMMERCE
4736,https://ultimateclassicrock.com/blue-oyster-cult-agents-of-fortune/,OTHER
4738,https://umb.abroadoffice.net/advanced-search.html?advanced_search_ordercol=program_name&advanced_search_orderord=desc&advanced_search_pageno=58,EDUCATION
4739,https://umbrellarequirements.co.uk/tag/certifications/,ECOMMERCE
4740,https://umedia.lib.umn.edu/item/p16022coll174:691,EDUCATION
4742,https://umwa.org/post_tag/umwa/,OTHER
4743,https://unableto.com/tag/hybrid-join,EDUCATION
4744,https://unb-saint-john.shoplightspeed.com/brands/roots/?source=facebook,ECOMMERCE
4745,https://uncrate.com/cn/article/eniac-flexbar-touchscreen-keypad/,ECOMMERCE
4746,https://undisputedstrengthco.com/2019/08/27/nate-guseman/,OTHER
4747,https://unepccc.org/impact/?fwp_location=vanuatu,NEWS
4750,https://unikenutra.com/creatine-in-bloodwork-key-insights/,ECOMMERCE
4751,https://unionchamber.com/member-directory/name/mistate-federal-credit-union/,OTHER
4753,https://uniqyou.com.au/tag/careers/page/2/,NEWS
4754,https://unitagged.org/discover-amazing-deals-aliexpress-promo-code-you-cant-miss-today/,ECOMMERCE
4755,"https://unite.uwkawvalley.org/servlet/eAndar.article/55/Reminder-Tax-Day-is-April-17,-and-United-Way-Can-Help",OTHER
4756,https://unitedformodels.com/olga-s-for-cropp-collection-fw2020/,NEWS
4759,https://unlabelled-girls.com/videos/show/79/,OTHER
4762,https://up-front.com/event/mugenkyo-taiko-drummers-the-way-of-the-drum/,NEWS
4765,https://upvc-doors.uk/near-me/hertfordshire-abbots-langley/,OTHER
4766,https://ur.wordpress.org/plugins/visual-header/advanced/,TECHNICAL
4767,https://urs.earthdata.nasa.gov/oauth/authorize?response_type=code&client_id=A6th7HB-3EBoO7iOCiCLlA&redirect_uri=https%3A%2F%2Fladsweb.modaps.eosdis.nasa.gov%2Foauth%2Fcallback&state=5EtYmuMcypHQhayeT1d0PyT9ap6cmx,OTHER
4768,https://us.abrams-industries.com/customer/account/login/referer/aHR0cHM6Ly91cy5hYnJhbXMtaW5kdXN0cmllcy5jb20vc3RlZWwvdG9vbC1zdGVlbC90b29sb3g0NC9zbWFydG0tcmVnLTYwMC1tbS90b29sb3gtNDQtNTAtMC14LTEwMy14LTYwMC1tbS1yZWc%3D/,ECOMMERCE
4769,https://us.blastingnews.com/news/2017/04/donald-trump-jr-destroyed-on-twitter-for-bragging-about-recent-bombing-of-isis-001628219.html,NEWS
4771,https://us.megabus.com/route-guides/whitefish-to-polson-bus,OTHER
4773,https://us.secashop.com/knowledge/application-tips/how-do-i-interpret-the-biva-1,ECOMMERCE
4774,https://us.shein.com/1pc-Pet-Grooming-Gloves-2-In-1-Pet-Cleaning-Gloves-Gentle-Deshedding-Brush-For-Dogs-Cats-Dog-Cat-De-Cat-Supplies-Comb-De-Shedding-Brush-Enhanced-5-Finger-Design-Suitable-For-Long-Short-Hair-Easy-To-Clean-Gentle-De-Shedding-For-Dogs-Cat-Easy-Clean-Painless-Grooming-Invigorating-Massage-p-192080313.html?pageListType=4,ECOMMERCE
4775,https://usa.oceana.org/blog/please-regulate-us-grocers-scream/,NEWS
4776,https://usahousinginformation.com/tag/mit-graduate/,NEWS
4777,https://usamedpremium.com/product/USAMP65371877/conventional-cutting-suture-needle-richard-allan-1-496-inch-length-keith-type-size-10-needle-single-use/213410,ECOMMERCE
4778,https://uscodeweb1.house.gov/table3/table3years.htm;jsessionid=5449283405244328F7065FEFBCD5A4DE,EDUCATION
4779,https://usdb.animux.de/view.php?id=20650&database1=deluxe_songs,ECOMMERCE
4780,https://userapps.support.sap.com/sap/support/knowledge/en/3328268,EDUCATION
4781,https://usrowing.org/resources/september-27-2019-board-minutes,EDUCATION
4782,https://utalk.com/zh/plans/portuguese,OTHER
4783,https://uthealthsa.zoomgov.com/signin,OTHER
4784,https://vacancesessipit.com/en/campgrounds/tadoussac-campground/,OTHER
4786,https://vadoc.virginia.gov/news-press-releases/2023/vadoc-firefighters-join-vdof-to-control-wildfires/,EDUCATION
4787,https://vafirma.com/day-counter/,OTHER
4789,https://validationcenter.com/courses/risk-based-approach-to-software-quality-and-validation-webinar-us-january-2026/,OTHER
4790,https://valkyraeshop.com/shop-the-best-discover-kai-cenats-official-store/,ECOMMERCE
4791,https://vamboa.org/turning-your-business-around/,OTHER
4792,https://vancoastseeds.com/marijuana-seeds/jack-herer-autoflower-seeds/,ECOMMERCE
4793,https://vancouver.redfm.ca/bc-covid-19-update-nov-10-bc-records-525-new-covid-19-cases-covid-19-exposure-reported-at-delta-superstore/,OTHER
4794,https://variopool.fr/declaration-de-confidentialite/,OTHER
4795,https://variouscushions.blogspot.com/2009/11/promptless-titleless-poem-help-needed.html,FORUM/DISCUSSION
4796,https://variouscushions.blogspot.com/2013/,BLOG
4797,https://varnish-cache.org/lists/pipermail/varnish-bugs/2011-May/003747.html,TECHNICAL
4798,https://vata.com/knowledge-base/category/phone-systems/,OTHER
4800,https://vc.id.au/gen/relateform.php?primaryID=I1291&tree=vc,EDUCATION
4801,https://vcsystems.com.au/zoom-key-features-blog-image6/,OTHER
4802,https://veho-world.com/en-au/product/pebble-pq20-digital-power-bank-20000mah/,ECOMMERCE
4803,https://vehospitality.com/restaurants-overview/,OTHER
4805,https://velveteyes.net/?attachment_id=9794,BLOG
4806,https://venturacountyfair.org/series/holiday-craft-gift-festival/,OTHER
4807,https://versaconks.com/category/popular-roof-colors/,OTHER
4808,https://versionindustries.com/blog/tag/song/,BLOG
4809,https://veryimportantlot.com/en/overview/genres/genres-military-art,ECOMMERCE
4810,https://vetbiz.va.gov/Account/Login/Register?returnUrl=%2Fadvancedsearch%2Fsearchresults%2F%3Fid%3Dd6dfaae9-2692-eb11-8ced-0003ff01b36a%26%253B%253B%253B%253B%253B%253B%253B%253B%253B%253B%253B%253B%253B%253Bpage%3D1%26%253B%253B%253B%253B%253B%253B%253B%253B%253B%253B%253B%253B%253B%253Bsource%3DVIPBasicSearch%26%253B%253B%253B%253B%253B%253B%253B%253B%253B%253B%253B%253B%253B%253Brecords%3D5%26%253B%253B%253B%253B%253B%253B%253B%253B%253B%253B%253B%253B%253B%253Bsortby%3Dvems_expirationdate%26%253B%253B%253B%253B%253B%253B%253B%253B%253B%253B%253B%253B%253B%253Bsortlabel%3DExpiration%2520Date%26%253B%253B%253B%253B%253B%253B%253B%253B%253B%253B%253B%253B%253Brecords%3D500%26%253B%253B%253B%253B%253B%253B%253B%253B%253B%253B%253B%253Bsortby%3Dvems_name%26%253B%253B%253B%253B%253B%253B%253B%253B%253B%253B%253B%253Bsortlabel%3DBusiness%2520Name%26%253B%253B%253B%253B%253B%253B%253B%253B%253B%253B%253Brecords%3D500%26%253B%253B%253B%253B%253B%253B%253B%253B%253B%253Brecords%3D50%26%253B%253B%253B%253B%253B%253B%253B%253B%253Brecords%3D500%26%253B%253B%253B%253B%253B%253B%253B%253Brecords%3D100%26%253B%253B%253B%253B%253B%253B%253Brecords%3D250%26%253B%253B%253B%253B%253B%253Bsortby%3Dvems_expirationdate%26%253B%253B%253B%253B%253B%253Bsortlabel%3DExpiration%2520Date%26%253B%253B%253B%253B%253Brecords%3D50%26%253B%253B%253B%253Bsortby%3Dvems_expirationdate%26%253B%253B%253B%253Bsortlabel%3DExpiration%2520Date%26%253B%253B%253Bsortby%3Dvems_doingbusinessas%26%253B%253B%253Bsortlabel%3DDBA%2520Name%26%253B%253Bsortby%3Dvems_city%26%253B%253Bsortlabel%3DCity%26%253Bsortby%3Dvems_stateid%26%253Bsortlabel%3DState%26records%3D50,OTHER
4811,https://vettestripes.com/?attachment_id=14419,ECOMMERCE
4812,https://vhudgins.com/2023/03/,BLOG
4816,https://vidu-studio.com/shutterstock-ai/,TECHNICAL
4818,https://villagefarmsfresh.com/whats-fresh/finding-comfort-in-family-and-food,BLOG
4820,https://vinsweb.org/event/natural-wonders-4/2025-11-22/,OTHER
4821,https://vintage-sights.com/prestashop/143-funny,ECOMMERCE
4822,https://vintageneonsign.net/category/special/,BLOG
4823,https://vintageneonsign.net/the-fabulous-50s-vintage-old-car-24x20-neon-sign-lamp-light-visual-hanging/,BLOG
4824,https://violitionist.com/2009/06/,BLOG
4826,https://viptablesibiza.com/aman-kyoto-experience-luxury-nature-retreat-jp/,OTHER
4828,https://viramix.net/roast-turkey-recipe/,ECOMMERCE
4829,https://virginiakeybeachpark.net/hat/tag/earthmonthsuccess/,GOVERNMENT
4832,https://visiongold.org/en/letter-necklace-with-stones/221-%CE%BC%CE%BF%CE%BD%CF%8C%CE%B3%CF%81%CE%B1%CE%BC%CE%BC%CE%B1-%CE%B3%CE%B9%CE%B1-%CF%84%CE%BF-%CE%BB%CE%B1%CE%B9%CE%BC%CF%8C.html,ECOMMERCE
4833,https://visitalpinetx.com/photos/harrys/,OTHER
4834,https://visitfranklin.com/events/tasting-experience/2027-12-30/,OTHER
4836,https://vivedispo.com/contact/,ECOMMERCE
4841,https://voiceofthe.net/xiaomi-unveils-poco-pad-5g/,BLOG
4844,https://voluntariado.edp.com/actions/8b618b7c-8c95-4835-bbb2-84c657cbf424/results,OTHER
4845,https://volzpiano.com/tag/piano-practice-tips/,ECOMMERCE
4849,https://vouchergate.co.uk/store/perfumania,ECOMMERCE
4851,https://vox.veritas.com/tag/7.7?nodeId=board%3Anetting-out-netbackup,OTHER
4852,https://vpnflix.uk/title/81576596/cat-dog,OTHER
4853,https://vxb.com/products/nbk-japan-mjc-14-erd-3-16-inch-to-1-4-inch-jaw-typ,ECOMMERCE
4854,https://w3techs.com/technologies/breakdown/cl-sg-/programming_language,OTHER
4855,https://w3techs.com/technologies/breakdown/em-mittwald/advertising,OTHER
4856,https://waf.collegedata.com/college-search/university-of-the-pacific/money-matters,EDUCATION
4857,https://wakelet.com/wake/bhbOp-LizdAN_tNwG-dR4,OTHER
4859,https://wallpaper-mania.com/post/wallpaper-id-7770002223/,ECOMMERCE
4860,https://wallpaper-mania.com/post/wallpaper-id-77700057593/,ECOMMERCE
4861,https://wallpaper-mania.com/post/wallpaper-id-777000600029/,ECOMMERCE
4862,https://waltonbd.com/battery/motorcycle-battery/computer/computer/all-in-one/unify-h24/computer/mouse/wms012wn,ECOMMERCE
4863,https://wamcpodcasts.org/podcast/1479-exploring-the-history-of-the-blues-and-franco-americans/img_4714/,NEWS
4864,https://wamcpodcasts.org/podcast/1506-suicide-rates-rise-among-female-veterans/,NEWS
4865,https://wannsee.ghwk-bibliothekskatalog.de/cgi-bin/koha/opac-search.pl?q=ccl=Provider%3AUllstein&sort_by=pubdate_dsc&limit=available,TECHNICAL
4866,https://warontherocks.com/author/ligeia-zeruto/,ECOMMERCE
4867,https://warrants.bnpparibas.com/en/redirect?url=%2Fen%2Funderlying-details%2FJP3735400008%2F,ECOMMERCE
4869,https://washingtonbullion.com/product/stunning-contemporary-swirl-marble-220-8/,ECOMMERCE
4871,https://watch.formed.org/brother-francis-the-days-of-advent/season:2/videos/advent-kids-day-14,OTHER
4872,https://watch.metrograph.com/contemporary-cinema/videos/the-damned,OTHER
4873,https://watch.polishingthepulpit.com/tell-me-more-about-jesus,OTHER
4874,https://watchaaa.com/product/replica-gucci-904l-stainless-steel-quartz-watch-32mm-3/,ECOMMERCE
4877,https://waterdynamics.com.au/hort-connections-convention-2017/,OTHER
4878,https://watertownrapids.baseballshift.com/staff,OTHER
4879,https://wavebendersurf.com/hoodies-sweatshirts,ECOMMERCE
4880,https://waxroomsalem.com/product/pure-deck-polish/,ECOMMERCE
4881,https://wayfarer-coaching.com/services-2/,OTHER
4882,https://waypointblog.com/category/voting/,BLOG
4884,https://wcep.com/product/circus-bean-bag-toss-2/,ECOMMERCE
4885,https://wcfmmp.wcfmdemos.com/product-category/tronchetti/?v=dc22bee690b7,ECOMMERCE
4886,https://wcol.iheart.com/content/2017-04-03-full-list-of-acm-winners/,NEWS
4887,https://wdhafm.com/tag/stone-pony-summer-stage/,NEWS
4888,https://wdsportz.com/aston-villa-dominates-bournemouth-in-4-0-premier-league-masterclass/,NEWS
4890,https://weareibec.org/tag/james-frederick/,NEWS
4891,https://weareten.co/category/hospitality/,OTHER
4892,https://weatherroute.io/local/usa-aurora-ks-weather-radar/,OTHER
4893,https://web.liferay.com/web/pages-enterprise-know-how-ag/profile?p_p_id=82&p_p_lifecycle=1&p_p_state=normal&p_p_mode=view&_82_struts_action=%2Flanguage%2Fview&_82_redirect=%2Fweb%2Fpages-enterprise-know-how-ag%2Fprofile%3Fp_p_id%3D82%26p_p_lifecycle%3D1%26p_p_state%3Dnormal%26p_p_mode%3Dview%26_82_struts_action%3D%252Flanguage%252Fview%26languageId%3Des_ES&languageId=es_ES,OTHER
4894,https://web.sermonaudio.com/sermons/74222125351884,BLOG
4896,https://web2.facs.org/cstage0205/lymphoma/Lymphoma_caf.html,TECHNICAL
4897,https://web3.gate.com/en/blog/14409/milady-maker-nft-from-origins-to-cultural-phenomenon,OTHER
4898,https://webdatacommons.org/2020-12/stats/structureddata/2019-12/stats/isadb/productcorpus/structureddata/2021-12/stats/structureddata/structureddata/2017-12/stats/productcorpus/webtables/structureddata/2020-12/stats/structureddata/2019-12/stats/structureddata/structureddata/2016-10/stats/structureddata/largescaleproductcorpus/wdc-block/,TECHNICAL
4901,https://webhosting-latino.com/blog/hosting-argentina/tweets-de-donweb-com-2016-09-26/,OTHER
4903,https://weblate.org/ca/news/archive/weblate-16/,TECHNICAL
4904,https://webrtc.googlesource.com/src/+/e887cbefa32dddb30bed30930e9fddc0df0244ff/net/dcsctp/packet/chunk/init_ack_chunk.h,TECHNICAL
4905,https://webrtc.googlesource.com/src/webrtc/+/6fe95e18eac08381dbb9920afffd89a8b6fddcbe/rtc_base/safe_minmax.h,OTHER
4906,https://website-pace.net/en_GB/web/apce/biography-pedro-agramunt,OTHER
4909,https://webwitness.org.au/smr/bk1chap1-b.html,BLOG
4910,https://weddingsutra.com/vendor/dj-vaishal/,OTHER
4911,https://wedisson.com/en/photographer/FotografiaPB,OTHER
4912,https://wedisson.com/en/photographer/demicruijff,OTHER
4914,https://weeknightrecipebox.com/roasted-zucchini-salad/,BLOG
4915,https://weitron.com/product/r-448a,OTHER
4916,https://wellgousa.com/tags/shin-eun-soo,NEWS
4917,https://wellnessandwalking.com/upcoming-breaks,OTHER
4918,https://wellnessmarket.fr/en/cbd-shop-argenteuil/,ECOMMERCE
4921,https://werstilproperties.com/about-us/,OTHER
4922,https://wes.bwsd.org/en-US,EDUCATION
4923,https://wespsych.com/category/blog/individual-therapy/,BLOG
4924,https://westcoastfamily.org/events/category/women/list/?tribe-bar-date=2025-11-01,OTHER
4925,https://westcoastfood.ca/recipe-judys-potato-latkes/,ECOMMERCE
4926,https://westerncampus.ca/shop/books/perspectives-on-nationalism/,ECOMMERCE
4927,https://westleedsdispatch.com/event/open-mic-night-2/,NEWS
4928,https://westofeden.com/calendar/west-of-eden-will-perform-at-biretta-vargarda-on-2611-2014,BLOG
4929,https://wezoree.com/it/vendors/bari/photographers/filter/photography-services-wedding-albums/apply/,OTHER
4930,https://wfsltd.co.uk/product-category/grass-forage-field/fencing/,ECOMMERCE
4931,https://wgecc.com/about-us/testimonials/?type=htmloutput&template=2&page_num=104&filter=true&name_filter=true&inc_blank=0,OTHER
4932,https://wgecc.com/about-us/testimonials/?type=htmloutput&template=2&page_num=357&filter=true&name_filter=true&inc_blank=0,OTHER
4934,https://wharfdockdive474.com/events/,OTHER
4935,https://what3words.com/snarl.chimed.conserving,EDUCATION
4936,https://whatpulse.org/app/noteburner-spotify-music-converter,TECHNICAL
4938,https://whatslinky.com/usa-business-whatsapp-group-links/,NEWS
4940,https://whatsthejam.com/world-news/pyjama-wearing-woman-tries-to-flee-crash-in-hummer-but-runs-out-of-petrol-on-motorway/?amp=1,NEWS
4942,https://whatthefab.com/friendsgiving.html,BLOG
4943,https://whdload.de/mantis/view_all_bug_page.php?page_number=1,TECHNICAL
4944,https://wheelingcyclesupply.com/change-motorcycle-brake-pads/,ECOMMERCE
4946,https://whistleblowersblog.org/global-whistleblowers/international-whistleblower-news-november-23-2009/,NEWS
4947,https://whitecubemedia.com/?announcement=247,OTHER
4949,https://whoisfreaks.com/tools/dns/lookup/44.238.122.172.rev.iijmobile.jp,OTHER
4950,https://whoisfreaks.com/tools/dns/lookup/jpl.nasa.gov,OTHER
4951,https://wholesalewallpaper.com.au/product/colorfull-design-marbal/,ECOMMERCE
4954,https://whowatchesthewatchers.boardhost.com/viewtopic.php?pid=18414,OTHER
4955,https://wigtowncc.org.uk/wps/consult/,FORUM/DISCUSSION
4956,https://wiingy.com/tutors/000002507530/,EDUCATION
4958,https://wiith-archive.ucsc.edu/items/show/1037?tags=Labor,EDUCATION
4959,https://wileycatalog.com/business-finance-accounting-sept-to-dec-2024-un0rh/,EDUCATION
4962,https://willfordcpa.com/blog/tax-breaks-for-grandparents,EDUCATION
4963,https://willfordcpa.com/blog/you-could-have-an-unpleasant-surprise-at-tax-time,OTHER
4964,https://willluongo.newsblur.com/story/dont-yolo-hard-conve/38:1595a4,BLOG
4965,https://wilton.com/wilton-sweet-studio/master-series/,EDUCATION
4966,https://winboat.com/en/winboat-485r,ECOMMERCE
4967,https://windowsaplicaciones.com/la-velocidad-de-internet-en-corea-del-sur-vuela/,OTHER
4970,https://wise.com/ar/currency-converter/bhd-to-mad-rate?amount=10000,EDUCATION
4971,https://wise.com/no/currency-converter/chf-to-kyd-rate,OTHER
4972,https://wits.worldbank.org/tariff/trains/en/country/ISR/partner/ALL/nomen/h5/product/621010,TECHNICAL
4974,https://wmgk.com/2023/12/18/jonathan-majors-fired-by-marvel-following-verdict/,NEWS
4975,https://wol.iza.org/search?search_phrase=Quality+of+Employment+Survey&page=15&sort=5&count=10&per-page=25,EDUCATION
4976,https://wol.iza.org/search?search_phrase=World+Bank+Open+Data&sort=5&page=8&count=10&per-page=10,EDUCATION
4977,https://womensmafia.com/tag/spring-2013-collection/,OTHER
4978,https://wonderdome.co.uk/planetarium-classroom/,BLOG
4979,https://wondermomo.blogspot.com/2013/07/pringle-of-scotland-pixel-t-shirt.html,BLOG
4982,https://word-craze.com/i-dont-think-were-in-anymore-dorothy-told-toto/,EDUCATION
4983,https://wordcookiescheat.net/lemon/5/,OTHER
4984,"https://wordfinder.yourdictionary.com/crosswords/clues/Found-object-art,-often/",EDUCATION
4985,https://workbench.cadenhead.org/news/2486/jon-udell-my-son,OTHER
4986,https://workbench.cadenhead.org/news/2818/adam-curry-caught-sticky-wiki,BLOG
4987,https://workerlly.com/real-time-opportunities/,OTHER
4988,https://workingmommyjournal.ca/roma-underground/,BLOG
4989,https://workzonesafety.org/practice/arizonainstallation-of-70-mph-attenuators/,GOVERNMENT
4990,https://worldforjustice.com/tag/auto-accident-claims,OTHER
4991,https://worldliteraturetoday.org/2023/september/two-quechua-poems-fredy-chikangana,OTHER
4992,https://worldrefiningassociation.com/speaker-category/ertc24-judges/,NEWS
4993,https://worldwidehumanitarian.com/tag/association-of-certified-family-law-specialists/,BLOG
4994,https://worldwidehumanitarian.com/tag/sentara-norfolk-general-hospital/,BLOG
4995,https://worldwidewill.co.uk/product/sicily-travel-guide/,BLOG
4996,https://wowz.com/en/game/annies-fun-party.html,BLOG
4997,https://wp-themes.com/motorcycle-repair/?style_variation=forest,ECOMMERCE
4998,https://wpcaremarket.com/what-is-core/core-book/,OTHER
4999,https://wpcarey.asu.edu/people/departments/economic-outlook,EDUCATION
5000,https://wpcronincpa.com/blog/discover-lifelong-benefits-how-the-adoption-tax-credit-can-change-your-familys-story,OTHER
5001,https://wpghostagency.com/contact/,OTHER
5002,https://wpgplclub.com/product-category/shopify/,ECOMMERCE
5003,https://wpguynews.com/category/donations/,TECHNICAL
5005,https://wrestletalk.com/news/wwe-signing-roster-react-joe-hendry/,NEWS
5006,https://wunaone.com/2019/07/mural-festival/sdr-4/,ECOMMERCE
5007,https://wupe.com/massachusetts-city-ranks-high-for-most-envied-retirement-spot/,NEWS
5009,https://wvtourism.com/tag/railroad/,BLOG
5010,https://ww.sailflow.com/myWeather.iws?change=WindAlert&action=Alert&purpose=Add&regionID=208&siteID=1517,ECOMMERCE
5011,https://wwdbam.com/episodes/jewish-music-283/,NEWS
5012,https://wwmfinancial.com/blog/financial-planning/maximize-your-social-security-benefits/attachment/maximize_ss_yt/,OTHER
5014,https://www.1800d2c.com/brand/supergut,ECOMMERCE
5018,https://www.226gallowgate.com/,OTHER
5019,https://www.247drugrehab.com/24-hour-drug-rehab-barre-ma-01005-alcohol-treatment-drug-addiction-help/,EDUCATION
5020,https://www.2eko.com/antalyaairconditioningservice,ECOMMERCE
5021,https://www.2gb.com/podcast/jacaranda-financial-planning-31st-october/,NEWS
5022,https://www.2j-antennas.com/news/euw-2017,ECOMMERCE
5026,https://www.3dfindit.com/fi/digitaltwin/3/2-4/2-and-4/3-directional-valves-internally-pilot-operated-externally-pilot-operated?path=bosch_rexroth_mcd%2Findustrial_hydraulics%2Fvalves%2Fdirectional_valves%2Fdirect_on_off_valves%2Fwph_whh_wm_h_10_32_asmtab.prj,OTHER
5027,https://www.3dkgh.com/,EDUCATION
5028,https://www.4000law.com/forming-a-business,OTHER
5029,https://www.4mbc.com/pages/how-to-upcode-for-physical-therapy-medical-billing/,TECHNICAL
5030,https://www.4shared.com/web/q?category=1&query=let%20me%20love%20you%20%20%20faded%20(mashup%20cover%20by%20j.fla),TECHNICAL
5032,https://www.5cc.com.au/trending/stories/food-recall-fehlbergs-pickled-sliced-jalapenos-chilli/,NEWS
5033,https://www.6gflagship.com/publication-keywords/mimo-communication/,ECOMMERCE
5034,https://www.86pp.com/goods/aleaivy-2600mah-battery-for-mi-robot-vacuum-mop-mijia-1c-sty,ECOMMERCE
5035,https://www.923theranch.com/post/international-overdose-awareness-day,OTHER
5036,https://www.989xfm.ca/organizers-of-the-helping-the-helpers-ptsd-education-and-awareness-day-planning-annual-pub-night-fund-raiser/,OTHER
5037,https://www.9tut.net/icnd1-100-105/icnd1-port-security,EDUCATION
5038,https://www.GenaroRestaurantBridgeport.com/,ECOMMERCE
5039,https://www.a2xaccounting.com/ecommerce-accountant-directory/partner/zonkeepers,OTHER
5040,https://www.aaa5ohio.org/health-and-wellness-programs/morrow/matter-of-balance-falls-prevention-workshop/,OTHER
5041,https://www.aaastand.com/blog/cv-joint-guide-types-signs-applications/,ECOMMERCE
5042,https://www.aacc.nche.edu/research-trends/datapoints/?datapoints_diversity_feed_paged=3&datapoints_stem_paged=2&datapoints_enrollment_feed_paged=2&data_points_college_price_paged=2&datapoints_financial_aid_paged=4&datapoints_outcomes_paged=2,EDUCATION
5043,https://www.aacellsc.com/product-details/38-mm-bling-frame-with-glass-rose-gold?id=1415,ECOMMERCE
5044,https://www.aadeshwargroup.com/,ECOMMERCE
5045,https://www.aarp.org/money/retirement/research-finds-the-rich-live-longer/,EDUCATION
5046,https://www.aasa.org/resources/all-resources?Keywords=&DateFacet=&SortOrder=DESC&TypeFacet=&RowsPerPage=20&Categories=40a7e08e-4911-4ab4-bb1c-e2d2ddec5c9e&Categories=9755b081-ac3e-4589-9d70-17957f0efcf6&Categories=0775d9ca-a6a6-4bd7-8f70-e7189a6b7bab&Categories=8b6693ca-4010-4bbd-99b7-3c67aedd3780,EDUCATION
5048,https://www.abbevilleinstitute.org/tag/jeff-broadwater/,EDUCATION
5049,https://www.abbottsathome.com/tag/boys-bedroom/,BLOG
5050,https://www.abebooks.fr/9781503184961/prevent-reverse-100-diseases-new-150318496X/plp,ECOMMERCE
5051,https://www.ablerecognition.com/categories/corporate-gifts/desk-accessories/picture-frames/28/1,ECOMMERCE
5052,https://www.abrailway.com/post/town-of-didsbury-identifies-preferred-right-of-way-overpass-to-improve-traffic-flow-and-safety,BLOG
5053,https://www.academy.com/captcha/knfjvdun/challenge.html?url=L2MvYnJhbmRzL2JyYW5kcy1lLWwvZ2xvY2svZ2xvY2stMjMtcGlzdG9scw==&uuid=be12f433-d150-11f0-bc26-8fab75e84887&vid=,OTHER
5054,https://www.acameo.de/en/cuuub-is-out-now,ECOMMERCE
5055,https://www.accenture.com/sk-en/insights/health/solving-the-nursing-shortage,EDUCATION
5056,https://www.accessories-replacement.com/product/asus-rog-g74sx-tz344v-battery-replacement-battery-12-month-warranty-fast-shipping-high-quality-cells/,ECOMMERCE
5057,https://www.accidentalsmallholder.net/forum/index.php?topic=1204.0;prev_next=next,FORUM/DISCUSSION
5058,https://www.acciyo.com/samsung-qled-4k-q60d-review-2025/,OTHER
5060,https://www.accusound.com/,ECOMMERCE
5062,https://www.aclu-nj.org/cases/?status_tax=in-state-trial-court&issue=religious-freedom,NEWS
5063,https://www.acmartsandadventures.com/2019/08/the-great-journey-home-with-our-new.html,BLOG
5065,https://www.acrel.org/assnfe/SearchMembers.asp?MODE=VIEW&TYPE=NORMAL&ID=69259104&csSM_Search_LastName=&csSM_Search_FirstName=&csSM_Search_Address=&csSM_Search_City=&csSM_Search_State=&csSM_Search_Zip=&csSM_Search_Company=&csSM_Search_Organization=&csSM_Search_Community=,OTHER
5066,https://www.activateapparel.com/design/99164-zora-swim-team/3600-athletic_gray-md,ECOMMERCE
5067,https://www.activateapparel.com/search/lifting-WomensT-Shirt,ECOMMERCE
5068,https://www.activerain.com/states/CA/cities/Palm%20Springs/communities/Tahquitz%20River%20Estates,OTHER
5069,https://www.actowizsolutions.com/home-fresh-grocery-data-scraping-services.php,OTHER
5070,https://www.adacom.com/resources/?page-resources=5&page-articles=4&page-news=4&page-events=4,EDUCATION
5071,https://www.adalovelaceinstitute.org/event/predicting-the-future-of-health/,TECHNICAL
5072,https://www.adamhewitt.com/bidding/agri-plant-van-and-car-salvage-auction-466/30835-nissan-navara-pick-up-year-2019--21988,ECOMMERCE
5073,https://www.adamonline.com/en/products?search=DCL,ECOMMERCE
5075,https://www.adaptall.com/products/British/bspp-60-deg/9034/9034-08-08.php,ECOMMERCE
5076,https://www.addisoncounty.com/events/calendar/2025-10-13?c=14&o=alpha,OTHER
5077,https://www.adhadventuresmerch.com/listing/light-grey-idiots-t-shirt?product=2&variation=573&size=3559,ECOMMERCE
5078,https://www.adhrb.org/2019/03/adhrb-ngos-call-hfac-urge-accountability-khashoggis-case/,NEWS
5079,https://www.adhrb.org/2023/05/joint-statement-bahrain/,OTHER
5080,https://www.adidas.com/qa/en/all-me-light-support-bra/JJ2674.html,ECOMMERCE
5081,https://www.adinaporter.com/radiance-flickering-light-canvas-halloween/radiance-flickering-light-canvas-halloween-jack-o-lantern-pumpkin-stack-radiance-light-canvas-x46714/,ECOMMERCE
5082,https://www.advantagejersey.com/listing/250019569/56-poplar-street-jersey-city-nj-07307/,ECOMMERCE
5083,https://www.advantagejersey.com/listing/250023663/7855-boulevard-east-north-bergen-nj-07047/,ECOMMERCE
5084,https://www.adventure-life.com/brazil/tours/homestays,BLOG
5085,https://www.aeaweb.org/joe/listing.php?JOE_ID=2021-01_111466832&q=eNplj91qAkEMhd8l1wq7gjc-gFDoO4Q4k27HxsySzCqL-O6N4JSCd1wn38nPyR0-i7eikx-rXeBwh6JIqZUrw0EXkQ388HqrltGZLH136hxNVXt5ZumyuC8xDLthN26HETZQrUxFST7enFQXbbai8fRvmdOVM35VyWzeYVwizSVTY_RkdDnJX0DjxNqwqqwdyespjOBseAojHgvWlmdqpLgt8xx0P4ScaXrmGuHx-AXbi15F,BLOG
5086,https://www.affariworldwide.com/branding,OTHER
5088,https://www.afinalwarning.com/711529.html,NEWS
5089,https://www.afp.com/en/what-fact-checking,NEWS
5091,https://www.africaagriculturetoday.com/article/865938987-deputy-president-paul-mashatile-awsisa-africa-and-global-south-water-and-sanitation-dialogue,NEWS
5092,https://www.africanexaminer.com/police-wont-participate-in-rivers-lga-polls-says-cp/,NEWS
5094,https://www.africanmediamalta.com/post/2020/03/06/malta-microfinance-the-institution-that-lends-with-its-heart,NEWS
5095,https://www.afterdawn.com/software/security/backup_tools/goodsync2go_win.cfm/v9_9_12,EDUCATION
5096,https://www.afternic.com/forsale/kloud.co?utm_source=TDFS_DASLNC&utm_medium=parkedpages&utm_campaign=x_corp_tdfs-daslnc_base&traffic_type=TDFS_DASLNC&traffic_id=daslnc&,ECOMMERCE
5097,https://www.afternic.com/forsale/planetdata.com?utm_source=TDFS_DASLNC&utm_medium=parkedpages&utm_campaign=x_corp_tdfs-daslnc_base&traffic_type=TDFS_DASLNC&traffic_id=daslnc&,ECOMMERCE
5098,https://www.afternic.com/forsale/zipp.uk?utm_source=TDFS_DASLNC&utm_medium=parkedpages&utm_campaign=x_corp_tdfs-daslnc_base&traffic_type=TDFS_DASLNC&traffic_id=daslnc&,ECOMMERCE
5099,https://www.agent123.com/bleibovitch/show.aspx?url=https://lyfta209.weebly.com/,OTHER
5100,https://www.agfoundation.org/books/akeem-keeps-bees,EDUCATION
5101,https://www.agfoundation.org/books/zee-grows-a-tree,NEWS
5102,https://www.agi.org.uk/why-uprns-and-data-standards-are-central-to-the-next-generation-nlis/,BLOG
5103,https://www.agisoft.com/forum/index.php?topic=7095.0;prev_next=prev,TECHNICAL
5106,https://www.agoldendream.com/post/motivational-mondays-05-give-yourself-credit,BLOG
5107,https://www.agrar.hu-berlin.de/en/event_listing?mode=day&date=2024-11-01,EDUCATION
5108,https://www.ahchambermusic.org/history,OTHER
5109,https://www.ahlconindia.com/en/products-and-therapies/product-catalog/nebulizers.html,OTHER
5110,https://www.aihitdata.com/company/0057FAB0/porte-folios-communication/overview,OTHER
5111,https://www.aihustlerz.com/tool/rask,TECHNICAL
5112,https://www.aimautos.co.uk/searchstock/,ECOMMERCE
5113,https://www.airandspaceforces.com/enlistingmorehelp/,NEWS
5114,https://www.aircooledheatexchangers.net/breakthrough-techniques-for-improving-air-cooled-heat-exchanger-lifespan/,OTHER
5115,https://www.aircooledheatexchangers.net/thermal-management-of-hydrogen-fuel-cell-systems-using-air-cooled-heat-exchangers/,OTHER
5116,https://www.airpics.net/photo/UR-82027-Antonov-An-124-100-Ruslan-Antonov/5241/L,OTHER
5117,"https://www.airsoftgunindia.com/contact-us?p=I%20want%20to%20buy%20this%20product%20Imported%20Air%20Guns%20Pellets%20Of%20.177%20Caliber,%204.5mm%20By%20Airsoft%20Gun%20India",ECOMMERCE
5119,https://www.ajaxpickering.ca/businesses?cid=Funeral-Homes-Cemeteries-and-Mortuary-Services,OTHER
5120,https://www.ajmc.com/view/laura-topor-explains-the-value-of-real-time-benefit-transactions,OTHER
5121,https://www.ajtools.com/products/9374.html,ECOMMERCE
5122,https://www.ajust.com.au/businesses/heinz-complaints,ECOMMERCE
5123,https://www.akdflorist.com/vibrant-gem-bouquet-/,ECOMMERCE
5124,https://www.al-hamdoulillah.com/en/prayer-times/world/europe/italy/gioia-tauro.html,TECHNICAL
5125,https://www.alatsaslawfirm.com/blog/inheriting-family-values.cfm?q=wealth%20transfer,OTHER
5126,https://www.aldrichaerialphotography.com/category/work/,ECOMMERCE
5129,https://www.allensfurniturems.com/products/Best-Home-Furnishings/bestf/f13e.html,ECOMMERCE
5130,https://www.allhomes.com.au/agent/property-management-team-1295064/,OTHER
5131,https://www.allhomes.com.au/unit-2-114-116-the-crescent-homebush-west-nsw-2140,OTHER
5132,https://www.alliancememory.com/march-2020-quarterly-newsletter/,ECOMMERCE
5133,https://www.allofthethingsct.com/blog/categories/new-26-happening,BLOG
5134,https://www.allsaintstattysallagh.com/news/p5-p6-parent-information-letter-mr-mckennas-class/,EDUCATION
5136,https://www.altenergymag.com/news/2023/05/02/nikola-and-voltera-enter-into-a-definitive-strategic-partnership-on-hydrogen-station-infrastructure-funding-for-up-to-50-stations/39446/,EDUCATION
5139,https://www.amabiki.org/the-3rd-exhibition-of-amabiki-village-and-sculpture/stone/,OTHER
5140,https://www.amatos.com.au/Shop/Soft+Drinks/Non+Alcoholic+Mixers/Mint+Syrup,ECOMMERCE
5141,https://www.americanbookwarehouse.com/4195922/,ECOMMERCE
5142,https://www.americangirldollnews.com/post/happy-birthday-claudie-1,BLOG
5144,https://www.americanrifleman.org/content/mossberg-recalls-international-sa-410-shotguns/,EDUCATION
5145,https://www.americanwx.com/bb/profile/2710-pasnownut/content/?type=gallery_album_item&change_section=1,FORUM/DISCUSSION
5146,https://www.americanwx.com/bb/topic/61652-march-2025-general-discussion/page/10/,FORUM/DISCUSSION
5147,https://www.ammunitiontogo.com/25rds-12-gauge-federal-premium-prairie-storm-2-34-1-14oz-6-shot,ECOMMERCE
5148,https://www.amorfloristandgiftbaskets.com/product/pl01016/winter-white-poinsettia,ECOMMERCE
5150,https://www.amsperformance.com/blog/instructions/ams-evolution-x-rally-front-brake-kit-instructions-instructions/,ECOMMERCE
5151,https://www.anabis.com/sk/Qalb-Al-Muheet.html,ECOMMERCE
5155,https://www.anarkismo.net/events/economy/international?story_id=26962&event_display=biweekly&userlanguage=other&save_prefs=true,OTHER
5156,https://www.anastesiadatescam.org/?paged_review=7&paged_post=1&paged_business=1,BLOG
5157,https://www.anatomyguy.com/tag/temporal-lobe/,OTHER
5160,https://www.angelstar.com/scripture-stones/?sort=price,ECOMMERCE
5161,https://www.anglinfuneralhome.com/obituaries/steve-douglass,OTHER
5162,https://www.aniisu.com/2025/10/,BLOG
5163,https://www.animaldiversity.org/accounts/Vertebrata/pictures/?start=12855,EDUCATION
5164,https://www.animecornerstore.com/kononibgofwo.html,ECOMMERCE
5165,https://www.animenewsnetwork.com/encyclopedia/people.php?id=72275,NEWS
5166,https://www.annamoog.com/en/event-details/the-messiah-by-patrick-barlow-2024-12-05-19-30,OTHER
5167,https://www.annasheversky.com/product-page/pink-tulips-in-light,ECOMMERCE
5168,https://www.annuityfyi.com/blog/tag/nafa/,OTHER
5169,https://www.ansarpress.com/EN/38299,NEWS
5170,https://www.answers.com/other-math/Another_word_for_sleep_that_begins_with_the_letter_R,ECOMMERCE
5171,https://www.antigua-boat-charters.com/no/faqs.html,OTHER
5172,https://www.antoine-bernard.fr/wiki/schedule-network-analysis/,BLOG
5173,https://www.ants-kalytta.com/show.php?pid=casp0030&language=it?f=*,ECOMMERCE
5174,https://www.anyclimatemechanical.com/gas-line-repair-installation-salt-lake-city-ut/,ECOMMERCE
5175,https://www.anyutastudio.com/product-page/bird-vase,ECOMMERCE
5176,https://www.aocs.org/certified-reference-materials/0215-a-event-mon87751-soybean-seed-powder/,EDUCATION
5177,https://www.aosmd.com/products/mosfets/low-voltage-mosfets-12v-30v/aon6358,ECOMMERCE
5179,https://www.apachevillagerv.com/inventory/2022-winnebago-solis-59px-5218bjl,ECOMMERCE
5180,https://www.appliancesalesplus.com/appliances/cooking/oven-combinations/electric-oven-and-microwave-combo/frigidaire/GCWM2767AF,ECOMMERCE
5181,https://www.apsense.com/article/best-nikon-camera-advice-shoot-ideas-helps-aspiring-photographers.html,OTHER
5184,https://www.aquakonosuba.com/2017/05/Aqua-KonoSuba-67.html,OTHER
5185,https://www.aquakonosuba.com/2022/11/Aqua-KonoSuba-228.html,OTHER
5187,https://www.aramonly.com/guide/azir/bruiser-build/,ECOMMERCE
5188,https://www.arani.ca/en/products/led-strip-3000k-72w-indoor-dimmable-16ft-roll-includes-st-c-5050-kit,ECOMMERCE
5189,https://www.arch-con.com/division/katy-station-parking-garage/,OTHER
5190,https://www.arch.cam.ac.uk/our-people/classifications/postdoctoral-researchers/expertise/computational-and-quantitative-archaeology/field_periods_of_interest/post-medieval-67,EDUCATION
5191,https://www.archaeological.org/field-notes-2017-week-4/,OTHER
5192,https://www.archersstudio.com/collections/shooting-gears/products/gillo-grib-g03-yg-,ECOMMERCE
5193,https://www.archives.gov/news/articles/tuskegee-airman-charles-mcgee,NEWS
5195,https://www.archmil.org/Parishes/St.ThereseMilwaukeeG21.htm,OTHER
5197,https://www.areapirata.com/en/prodotto/hank-williams-i-saw-the-light/,ECOMMERCE
5198,https://www.arednmesh.org/homepage?destination=homepage%3Fpage%3D27%26ref%3Dhexometer&page=6,OTHER
5199,https://www.argos.co.uk/product/4195485?tag=ar:browse:clp:lighting:m010:shop-new-in-lighting,ECOMMERCE
5200,https://www.arizonasportsfans.com/forum/threads/why-we-are-divisional-favorites-but-it-also-doesnt-matter.594855/,FORUM/DISCUSSION
5201,https://www.arkansas-demographics.com/burdette-demographics,GOVERNMENT
5202,https://www.armeniafund.org/shop/?product_count=36&product_orderby=price&product_view=list,ECOMMERCE
5203,https://www.armsandbadges.com/itemdetail.aspx?itemid=585e4a72-a75e-4d62-9989-f23ea0b03c41&amp;name=Olivari,TECHNICAL
5205,https://www.armyrecognition.com/archives/archives-land-defense/land-defense-2011/lockheed-martin-1-february-2011-news-uk,NEWS
5206,https://www.arranboats.co.uk/2016/07/?post_type=blog,BLOG
5207,https://www.arrowsisters.com/blog/tags/august-tarot-reading-love,BLOG
5208,https://www.art-prints-on-demand.com/a/customer-login.html&ID=7C925ECFFEBC7E9CA191FE6B7D8EAD84,ECOMMERCE
5210,https://www.artgeek.io/exhibitions/59b6fcda6dce623f59a55323/59b6fcda6dce623f59a55322,ECOMMERCE
5213,https://www.artsplmf.com/,OTHER
5214,https://www.as.utexas.edu/meeting/day.php?year=2020&month=11&day=24&area=10,EDUCATION
5215,https://www.asap-1.com/awards-trophies.htm,ECOMMERCE
5216,https://www.asc.physik.lmu.de/activities/research_seminars/strings_and_fields/archive_wise18/2019_01_31/index.html,EDUCATION
5217,https://www.ascendwithwinstead.com/2024/06/investing-in-safe-and-convertible-note-rounds-%EA%9F%B7know-your-bedmates/,OTHER
5218,https://www.aseatatthepiano.com/composers-video/tres-romances-nuevos%3A-i.-la-ni%C3%B1a-del-r%C3%ADo-dulce,OTHER
5220,https://www.asics.com/es/en-es/customer-service/faq/,ECOMMERCE
5221,https://www.askurdoctor.net/2020/08/know-health-benefits-of-saffron.html,BLOG
5223,https://www.assaabloyentrance.com/us/en/solutions/products/automatic-doors/swing-doors/swing-door-operators/surface-mounted/assa-abloy-sw200i-surface-mounted-door-operator,ECOMMERCE
5224,https://www.astromatic.net/2011/03/31/release-of-the-efigi-reference-dataset/,TECHNICAL
5225,https://www.astrosage.com/celebrity-horoscope/m-s-dhoni-dashaphal.asp,BLOG
5227,"https://www.asus.com/tw/business/product-compare?ProductID=14781,10217&LevelId=motherboards-x-all-series",ECOMMERCE
5228,https://www.ataleofgoldenkeys.com/kontakt,OTHER
5231,https://www.atlantic-cottages.co.uk/jogue-baccarat-conhecimento-vivo-online-dado-sem-download-ou-anais/,ECOMMERCE
5232,https://www.atlanticcouncil.org/event/beyond-the-afghan-elections-the-immediate-challenges/,NEWS
5233,https://www.atlantis-press.com/proceedings/emle-17/25888306,EDUCATION
5236,https://www.attorneyyellowpages.com/personal-injury/the-sehat-law-firm-plc/,OTHER
5237,https://www.attsavings.com/availability/in/vincennes,OTHER
5238,https://www.auctionexpert.com/auctions/29221/lot/80459-reading-glasses,ECOMMERCE
5239,https://www.audiophileusa.com/product/the-thrill-is-gone-p154622.html,ECOMMERCE
5240,https://www.audiotool.com/track/backbeat1/albums,OTHER
5241,https://www.augustamaine.gov/index.php?section=audit-forms&docid=275,OTHER
5242,https://www.augustamaine.gov/index.php?section=property-tax-maps&docid=1937,OTHER
5243,https://www.austinrecruiter.com/healthcare-jobs/3873978495/travel-nurse-med-surg-telemetry-in-austin-texas-6647-month,OTHER
5244,https://www.austintendriversclub.com/forum/index.php?sid=27328f1e69ef14428c60a5849eec1484,FORUM/DISCUSSION
5245,https://www.austintexas.org/listings/creative-catalyst/10767/?qv-active=1,OTHER
5246,https://www.australiarxmeds.com/product-category/anxiety/,ECOMMERCE
5249,https://www.autofame.com/guide/what-causes-timing-chain-tensioner-failure-in-the-2010-jaguar-xf-and-how-can-it-be-fixed,ECOMMERCE
5251,https://www.autoinsider.co.uk/parts/brake-discs,ECOMMERCE
5252,https://www.autolist.com/gmc-acadia-meriden-ct,ECOMMERCE
5253,https://www.autonationhondahollywood.com/new/Honda/2025-Honda-Pilot-1c1929eaac18191cd126ee72ab352fdb.htm,ECOMMERCE
5254,https://www.autotechint.com/apps/d3dgear,TECHNICAL
5255,https://www.av-test.org/en/antivirus/business-macos/macos-catalina/march-2020/bitdefender-endpoint-security-4.10-201301/,TECHNICAL
5256,https://www.avasarangal.com/2018/06/air-india-recruitment-2018-vacancys-in.html,TECHNICAL
5257,https://www.avasoft.com/category/teamsapp/,OTHER
5258,https://www.avclub.com/house-of-the-dragon-hbo-premiere-twitter-reactions-1849440406,BLOG
5259,https://www.avensia.com/knowledge-hub,OTHER
5261,https://www.avidiabank.com/shrenik/,EDUCATION
5262,https://www.avnikaur.com/malad.html,OTHER
5263,https://www.aymennaltamimi.com/p/guest-post-the-end-of-the-life-of,BLOG
5264,https://www.aymennaltamimi.com/p/reactions-to-the-attempted-assassination,OTHER
5265,https://www.azocleantech.com/news.aspx?newsID=290,EDUCATION
5266,https://www.azomining.com/search.aspx?q=Geophysical+systems&site=all,EDUCATION
5267,https://www.b29b24px.org/product-page/porcelain-scalloped-christmas-ornament?page=3,ECOMMERCE
5268,https://www.babyblingstreet.com/baby-toddler-boutique/pc/404.asp?404;https://www.babyblingstreet.com:443/baby-toddler-boutique/pc/Sweet-Wink-Silver-Tutu-for-Newborns-and-Baby-Girls-p9596.htm,ECOMMERCE
5269,https://www.babyblingstreet.com/baby-toddler-boutique/pc/L-Za-Me-Love-Shack-Bishop-Dress-for-Baby-and-Toddlers-102p9029.htm,ECOMMERCE
5270,https://www.backdropsandfloors.com/Cinderella-Staircase-Photography-Backdrop-FPE-248_p_22563.html,ECOMMERCE
5271,https://www.backscratchers.com/login.php?from=wishlist.php%3Faction%3Daddwishlist%26product_id%3D1489,ECOMMERCE
5272,https://www.backyardchickens.com/threads/odd-rooster.1278364/,FORUM/DISCUSSION
5273,https://www.baerz.com/en/agioi-apostoloi-vari,OTHER
5274,https://www.bagshaws.com/property/flat-3-stockwell-courtstockwell-streetleekstaffordshire-2/,OTHER
5275,https://www.bain.com/es-ar/insights/ai-and-power-a-marriage-of-necessity/,BLOG
5276,https://www.bain.com/es-ar/insights/five-decisions-that-matter-most-when-modernizing-banking-technology-infographic/,OTHER
5279,https://www.balloonguy.com.au/product/14-shape-foil-magical-unicorn-58025-pack-of-ten-unpkgd,ECOMMERCE
5280,https://www.baltd.com/blog,OTHER
5281,https://www.bamford.com/south-audley-sign-up,ECOMMERCE
5282,https://www.bandicam.com/forum/ucp.php?mode=login&redirect=ucp.php%3Fmode%3Dregister&sid=54851622d689ed77f22f8813abd0e209,FORUM/DISCUSSION
5283,https://www.banooda.com/hivos-ea-to-launch-sustainable-diets-project-in-nakuru-county/,NEWS
5284,https://www.barameda.com/20180110/,OTHER
5285,https://www.bark.com/en/ca/hypnotherapy/ontario/cambridge/,OTHER
5286,https://www.baseprotection.com/categorie/shoes/?industries=Industria_Pesante&categories=SPEC&id_categoria_di_sicurezza=categoria_di_sicurezza_s3_m_src&id_colore_primario=colore_primario_nero&id_inserto=inserto_acciaio&id_resistenza_allo_scivolamento=resistenza_allo_scivolamento_src&id_sistema_di_allacciamento=sistema_di_allacciamento_lacci&id_range_taglie=39-48&id_resistenza_allacqua=resistenza_allacqua_wru,ECOMMERCE
5287,https://www.batchelorsmotorgroup.co.uk/used-cars/new-dacia-in-stock/,ECOMMERCE
5288,https://www.battery-contacts.com/search.php?cat=Coin%20Cell%20Holder&num=2&type=LR1120&term=&view=,EDUCATION
5289,https://www.battles.co.uk/catalogue/equine/grooming/hoof-care/hoof-sprays,ECOMMERCE
5290,https://www.bax-shop.co.uk/passive-subwoofer/devine,ECOMMERCE
5291,https://www.baxtercountylibrary.org/services/meeting-rooms/reservation-terms-and-conditions,EDUCATION
5292,https://www.baymed.co.uk/product-category/miscellaneous/page/7/,ECOMMERCE
5294,https://www.beadsandpieces.com/product/sterlingsilver-letterbead-q-4-5mm3mmhol/,ECOMMERCE
5296,https://www.beaverlodgesites.com/other-monitoring-information/,EDUCATION
5299,https://www.belimo.com/fi/en_GB/products/actuators/product-documentation/damper-actuators-quick-running,ECOMMERCE
5300,https://www.benboydphysio.com/,OTHER
5302,https://www.bernica.org/,EDUCATION
5303,https://www.berniesketchikan.net/frigidaire-drinking-water-treatment.html,ECOMMERCE
5304,https://www.bershka.com/ad/home/collaboracions-n3306.html?celement=1010321007,ECOMMERCE
5305,https://www.bestofprinting.com/product-tag/sales-sheets-printing-baton-rouge-louisiana/,ECOMMERCE
5307,https://www.bestpricenutrition.com/products/the-ultimate-post-cycle-therapy-stack-1?setCurrencyId=3,ECOMMERCE
5311,https://www.bft-international.com/en/artikel/bft_Product_range_enhanced_by_an_innovative_roof_element-1543658.html,OTHER
5312,https://www.bgreenbranding.com/headwear-caps-fitted-caps.htm,ECOMMERCE
5313,https://www.bhcc.edu/cal/?month=06&year=2025&search=month&event_type=recurs_2,EDUCATION
5314,https://www.bible.com/bible/59/MRK.7.1-4,OTHER
5315,https://www.bibleplaces.com/blog/2009/06/battle-over-megiddo-international/,BLOG
5316,https://www.biggunbulletin.com/articles/montana-county-badly-miscalculates-with-virus-armbands/,NEWS
5317,https://www.bigsquidrc.com/hpi-falken-tire-2013-ford-mustang-micro-rs4-drift-rtr/,NEWS
5318,https://www.bikebarnworkshop.co.uk/product-page/lectro-city-folding-e-bike,ECOMMERCE
5319,https://www.bikebiz.com.au/products/hiflofiltro-hfa1935-air-filter,ECOMMERCE
5320,https://www.bikehub.com/product/pirelli-cinturato-velo-tlr-reflective-405838-1.htm,ECOMMERCE
5321,https://www.bilimoriafishing.com/product-page/shimano-terez-rod-new-model,ECOMMERCE
5322,https://www.billoreilly.com/b/President-Trump-to-Designate-Mexican-Drug-Cartels-as-Foreign-Terrorist-Organizations/283802013772424187.html?dest=/mobile/blogdetail.jsp,NEWS
5323,https://www.billsponsor.com/politicians/4107/c-scott-bounds,OTHER
5324,https://www.bilnas.org/product-category/society-monographs/?ref=slsrebranded&product_orderby=rating&product_count=50&product_view=list,OTHER
5325,https://www.bioinformatics.org/regulator/page.php?act=detail&geneid=ENSMEUG00000016322,ECOMMERCE
5326,https://www.biophilia-nls.com/NLS-machine-accessories/NLS-Bio-Inductor%20Cover,ECOMMERCE
5327,https://www.biospace.com/stiefel-laboratories-appoints-new-president,NEWS
5328,https://www.bioworld.com/articles/640741-presentation-of-data-on-aeolus-aeol-10150-medical-countermeasure?v=preview,NEWS
5329,https://www.birchmere.com/?post_type=tribe_venue&eventDisplay=list&tribe_venue=the-birchmere-music-hall-328,OTHER
5330,https://www.birdcare.com/bin/showdict?management+plan,OTHER
5331,https://www.bktalbuquerque.com/homes-for-sale/nm/los-ojos/87551/0-willow-creek/bid-115-202405166,OTHER
5332,https://www.blackagainstnight.com/records/just-a-nightmare-zine-issue-16/,ECOMMERCE
5333,https://www.blackvibes.com/features/blogs/urbanradiocollective-mr-wave-says-harry-belafonte-sawbeat-street-as-love-story-be/,BLOG
5334,https://www.blogger.com/profile/16546347663999221709,OTHER
5335,https://www.bloghouston.com/2012/04/slow-blogging-ahead-for-a-while/,BLOG
5336,https://www.bloodforthebaron.com/phpBB3/viewforum.php?f=153&sid=389485e7d24eb60382ce710f5bdf65f2,FORUM/DISCUSSION
5337,https://www.bloomingdales.com/shop/product/loveshackfancy-alaya-jacket?ID=5466966&CategoryID=1006737,ECOMMERCE
5338,https://www.bloomingdales.com/shop/product/vista-alegre-butterfly-parade-by-christian-lacroix-espresso-cup-saucer?ID=3123966,ECOMMERCE
5339,https://www.bloomingdales.com/shop/stuart-weitzman/womens-shoes-pumps-sandals/Pumps_type_m/Mary%20Janes%7CMules?id=1004070,ECOMMERCE
5340,https://www.bloomingdales.com/shop/womens-apparel/fall-jackets/Brand/7%20For%20All%20Mankind%7CElie%20Tahari?id=1001979,ECOMMERCE
5341,https://www.bloomingtonlibrary.org/node/3548/share_this_event,EDUCATION
5343,https://www.bluediamondattachments.com/product/snow-pusher-rubber-cutting-edge-10,ECOMMERCE
5344,https://www.bluewaterdivetravel.com/destination/roatan-diving,BLOG
5345,https://www.bmwofnashville.com/new/BMW/2026-BMW-iX-nashville-TN-1abbc736ac180ccb907a2ab054588ef6.htm,ECOMMERCE
5346,https://www.bmwofnashville.com/used/Audi/2019-Audi-e-tron-nashville-TN-268e51d2ac181f3f5066b3cb0b33ebd4.htm,ECOMMERCE
5347,https://www.bmwottos.ca/requests/find-used-car/0-X3.html,ECOMMERCE
5350,https://www.bobvila.com/articles/garden-lighting-ideas/,EDUCATION
5351,https://www.bodecoboutique.com/en/tags/j-line-table-vincent-mango-wood-brown-large/,ECOMMERCE
5352,https://www.bolangice.com/flake-ice-machine-for-various-large-scale-refrigeration-facilities-food-quick-freezing-and-concrete-cooling-product/,ECOMMERCE
5354,https://www.boothcentre.org.uk/news1/a-christmas-carol-18th-december,BLOG
5355,https://www.borderservantcorps.org/ways-to-support,EDUCATION
5356,https://www.boroglass.com/products/52840743.html,ECOMMERCE
5357,https://www.botanicalbountynkp.com/product-page/all-over-print-men-s-athletic-t-shirt-orchids-night-print,ECOMMERCE
5358,https://www.bottesetbaskets.com/us/arcade-carto-ivy-green-sand.html,ECOMMERCE
5359,https://www.bottlesdelight.com/decor,ECOMMERCE
5360,https://www.boulderbbacupuncture.com/service-page/nutritional-food-bio-scan,ECOMMERCE
5361,https://www.boundarycreekfarmsc.com/post/but-the-jar-looks-clean-how-biofilms-can-spoil-your-raw-milk-and-what-to-do-about-it,BLOG
5362,https://www.bousquetsappliance.com/products/KitchenAid/kta/krmf706ebs.html,ECOMMERCE
5363,https://www.bowriverdental.ca/meet-your-dental-family/dr-kyla-waknuk,OTHER
5364,https://www.brainresearchuk.org.uk/fundraising-event/realbuzz,EDUCATION
5366,https://www.brandcolorcode.com/las-vegas-legends,ECOMMERCE
5367,https://www.brandcolorcode.com/schindler-group,ECOMMERCE
5368,https://www.brandcolorcode.com/ultima-sports,ECOMMERCE
5370,https://www.bredegarage.co.uk/used/cars/peugeot/partner/,ECOMMERCE
5371,https://www.brepen.com/pens/faber-castell/basic,ECOMMERCE
5372,https://www.brepols.net/series/ATDM,ECOMMERCE
5373,https://www.brettsbr.co.uk/tag/insolvency/,BLOG
5374,https://www.bridesbythefalls.com/valentini/fall-2024/e0861,ECOMMERCE
5375,https://www.briggsfreeman.com/property/8249-inverness-the-colony-tx-75056/93203081/,OTHER
5376,https://www.brighamandwomens.org/patients-and-families/meals-and-nutrition/bwh-nutrition-and-wellness-hub/recipes/spanakopita,OTHER
5377,https://www.brinkerhoffpoetry.org/poems/thats-my-heart-right-there,OTHER
5378,https://www.bristolcivicsociety.org.uk/aiovg_videos/bath-to-bristol-by-boat/,OTHER
5379,https://www.britishhamper.com/occasion/annual-events/anniversary-hampers/the-champagne-picnic-hamper,ECOMMERCE
5380,https://www.britishmasterbarbers.com/latest-news/anderson-boyce,BLOG
5381,https://www.britishmasterbarbers.com/latest-news/we-want-you,BLOG
5382,https://www.britishsection.fr/content/advertising,EDUCATION
5383,https://www.brmmodelcars.com/model/opel-kadett-gt-e-full-white-kit-type-a-body/,BLOG
5384,https://www.broadwayrose.org/home/newsies-home-page-horizontal-banner-2/,NEWS
5385,https://www.bromleybusinesshub.org/business-directory/mr-ali-soyer-ibrahim-hadjiali/,OTHER
5387,https://www.brooksee.com/shc/accounts/login?next=/shc,OTHER
5388,https://www.brooksee.com/tuh/results?pk=8284596,OTHER
5389,https://www.brother.co.uk/supplies/td2350d203?page=2,ECOMMERCE
5390,https://www.browardbar.org/2016/02/04/,NEWS
5391,https://www.brucepac.com/facilities-food-safety/,ECOMMERCE
5392,https://www.bruder.de/shop/en/bworld-ups-parcel-shop-with-figure/62250,ECOMMERCE
5396,"https://www.btsb.com/search/SearchResults.php?SearchType=SUBJECT&txtSubjectText=Alcoholic%20beverages%20-%20United%20States%20-%20History.%20-%20Comic%20books,%20strips,%20etc",ECOMMERCE
5397,https://www.btsb.com/utilities/BookDetails.php?TitleNo=P03552,OTHER
5398,https://www.buildersup.co.uk/north-east/conservatories,OTHER
5399,https://www.buildingbarrie.ca/togetherathome/widgets/54832/videos/5043,OTHER
5400,https://www.bulatlat.com/2010/10/21/kin-of-victims-of-killings-disappearances-hit-aquino-govt-for-inaction-on-rights-cases/,NEWS
5401,https://www.bullheadcityrecruiter.com/healthcare-jobs/3873449823/travel-nurse-rn-medical-surgical-1631-to-1754-per-week-in-bullhead-city-az,OTHER
5402,https://www.bunity.com/search?tag=catering-services&page=15,EDUCATION
5403,https://www.burdineandbrown.com/resources/blog/?page=1,OTHER
5404,https://www.burdineandbrown.com/resources/blog/ptsd/,OTHER
5405,https://www.burness.ca/ancestors/g3/p3978.htm,GOVERNMENT
5406,https://www.burningmax.com/tunes/forge/,BLOG
5407,https://www.burpple.com/northern-thai-restaurant,BLOG
5408,https://www.businessmarketinsights.com/pr/europe-adenosine-triphosphate-atp-swab-test-market,OTHER
5409,https://www.businessprocessincubator.com/content/goldengate%E3%82%92%E4%BD%BF%E7%94%A8%E3%81%97%E3%81%9Fpostgresql%E3%81%8B%E3%82%89autonomous-database%E3%81%B8%E3%81%AE%E3%83%AC%E3%83%97%E3%83%AA%E3%82%B1%E3%83%BC%E3%82%B7%E3%83%A7%E3%83%B3/,BLOG
5410,https://www.businessremedies.com/tag/xiaomi-india-introduces-redmi-pad-pro-and-redmi-pad-se-4g/,NEWS
5411,https://www.businesssolutionsdepot.com/gallery/item-id-65a6cf0c499ca,OTHER
5412,https://www.busvic.asn.au/node/49,OTHER
5413,https://www.buydiplomanow.com/buy-fake-transcript/buy-a-argosy-university-fake-transcript.html,EDUCATION
5414,https://www.buylebanese.com/browse.asp?cat=11,ECOMMERCE
5415,https://www.buylebanese.com/browse.asp?pr=1425,ECOMMERCE
5416,https://www.buylebanese.com/browse.asp?pr=299,ECOMMERCE
5418,https://www.buythewayco.com/52h0xcgq60/,BLOG
5420,https://www.bw-magazine.co.uk/category/hey/magazine-hey/,OTHER
5421,https://www.bwebgame.com/game/autumn-glam-gala,BLOG
5423,https://www.c-oms.co.uk/home/rospa-member/,OTHER
5424,https://www.c-sharpcorner.com/forums/technologies/questions/crystal-reports,TECHNICAL
5425,https://www.cabarruscyclingco.com/product-list/accessories-1109/packs-racks-baskets-1154/parts-accessories-1155/?&sort=pricedesc,ECOMMERCE
5426,https://www.cabonew.com/balena-luxury.html,OTHER
5427,https://www.cafelitmagazine.uk/2018/11/lying-eyes.html,BLOG
5428,https://www.cal-ipc.org/invasive_plant/lepidium-chalepense-invasive-plant/,OTHER
5429,https://www.calhisports.com/2018/02/03/all-state-fb-2017-1st-team-defense/,NEWS
5430,https://www.calhisports.com/2018/07/05/browning-batters-career-state-records/,BLOG
5431,https://www.callalilyquilts.com/shop/Fabric/p/Benartex-Divine-Twine-6167-88.htm,ECOMMERCE
5432,https://www.callebaut.com/en-ZA/trends-and-inspiration/everyday-celebrations-0,BLOG
5435,https://www.cambridgema.gov/citycalendar?start=20250316T000000&localtags=8a9dd20b554f4390bc1f1bbb4795d0b5&view=Day&page=1&resultsperpage=15,GOVERNMENT
5436,https://www.camelliaempire.com/women/60-off?tokenid=229qmgc2fau1j8ssodash0uub5,ECOMMERCE
5437,https://www.cameroonconcordnews.com/cuba-one-dead-more-than-100-arrested-after-anti-government-protests/,BLOG
5438,https://www.campusreform.org/Gettysburg%20College,EDUCATION
5440,https://www.canada.ca/en/global-affairs/news/2019/10/biographical-notes.html,EDUCATION
5441,https://www.canadalawlist.com/anna-colarusso/,OTHER
5442,https://www.candlelightfuneralhome.com/obituaries/leslie-sutton,OTHER
5443,https://www.canvasjet.com/tag/uv-printing-technology/,ECOMMERCE
5444,https://www.capgemini.com/br-pt/noticias/reconhecimento-de-analistas/,OTHER
5445,https://www.capitaljeep.com/models/GMC-Sierra_1500.html,ECOMMERCE
5446,https://www.capitaljeep.com/requests/offer-new.html,ECOMMERCE
5448,https://www.carc.ox.ac.uk/record/D10A163A-89D5-4E50-9AEA-71373D6951ED,EDUCATION
5449,https://www.cardandpaymentjobs.com/details/senior-platform-engineer/93239,TECHNICAL
5450,https://www.cardsbybrammers.com.au/geodude-47-62-fossil-set-unlimited-common-pokemon,ECOMMERCE
5451,https://www.cardtastic.com.au/category-judgement-1105.aspx?page=2,ECOMMERCE
5454,https://www.caringtransitionsapexcary.com/blog/2020/12/10/virtual-charity-projects-for-the-holiday-season,OTHER
5455,https://www.carlburger.com/new/Jeep/2025-Jeep-Wrangler-b82f3229ac184763ed48d4546e3a51f1.htm,ECOMMERCE
5456,https://www.carmignac.com/en-ch/articles/carmignac-p-emergents-2731-9874,OTHER
5457,https://www.carnaghan.com/classipress-review-best-wordpress-classifieds-theme-2018/,BLOG
5458,https://www.carnaghan.com/interview-with-the-psychedelic-new-app-yooouuutuuube/,BLOG
5459,https://www.carolinacaicedodesign.com/,ECOMMERCE
5460,https://www.carolinajournal.com/tag/campaigns/,NEWS
5461,https://www.carolinajournal.com/tag/election-protest/,NEWS
5462,https://www.carolinaselectvc.com/home,OTHER
5463,https://www.carriedtofullterm.org/profile/kellyauldridge/profile,OTHER
5464,https://www.carrier.com/commercial/en/nl/news/news-article/carrier_transicold_container_refrigeration_solutions_at_fruit_logistica_for_first_time.html,GOVERNMENT
5465,https://www.carsoffareham.co.uk/used/cars/nissan-x-trail-16-dci-tekna-euro-6-5dr-15660/,ECOMMERCE
5466,https://www.casacorradini.com/product-page/wen,OTHER
5467,https://www.cashconverters.com.au/shop/jewellery-fashion/jewellery/rings/ring/039100428926,ECOMMERCE
5468,https://www.cashcoup.com/tag/tickets/,ECOMMERCE
5473,https://www.casiting.com/news/exporter-of-cast-iron-fittings-and-quality-casting-solutions-for-global-markets.html,OTHER
5474,https://www.casletech.com/product/disc-polarimeter-manual-ca-pol-disc4ii/,ECOMMERCE
5475,https://www.casscountyonline.com/2015/11/governor-directs-flags-to-be-flown-at-half-staff-in-honor-of-victims-of-terrorist-attacks-in-paris/,GOVERNMENT
5476,https://www.catalogue-creation.com/can-typography-drive-sales-in-catalog-design/,EDUCATION
5477,https://www.catholicregister.org/itemlist/user/86-mickeyconlonthecatholicregister?start=90,NEWS
5480,https://www.cbcowosso.org/post/saturday-april-27-2024,BLOG
5481,https://www.cccep.ac.uk/news/outcome-of-cop22-caps-a-year-of-progress/,EDUCATION
5483,https://www.cccvoice.com/tag/tutoring/,EDUCATION
5486,https://www.cdlawyers.org/store_category.asp?id=1,OTHER
5487,https://www.ceder.net/recorddb/recording_artists.php?SortBy=1&Ccdb=2&Bio=2&Pict=0&Type=0,OTHER
5488,https://www.ceeol.com/search/article-detail?id=1284631,EDUCATION
5489,https://www.ceicdata.com/en/new-zealand/imports-cif-by-country-annual/nz-imports-cif-emerging-and-developing-economies-western-hemisphere-grenada,ECOMMERCE
5490,https://www.celebrityhow.com/networth/AlBarnes-27899231,OTHER
5491,https://www.celebrityhow.com/networth/AlexanderFrey-4718906,OTHER
5492,https://www.cemnet.com/News/story/168892/puerto-rican-cement-sales-decline-61-in-april.html,NEWS
5493,https://www.centercode.com/blog/understanding-user-interviews-guide,BLOG
5494,https://www.centerforlearning.org/product/odyssey-2/,EDUCATION
5495,https://www.centralhoustoncadillac.com/used/Jeep/2024-Jeep-Wrangler-212c5df3ac181c7e43060b99062cc7e0.htm,ECOMMERCE
5496,https://www.centralhoxton.com/contact-us/,OTHER
5497,https://www.centralwisconsinconference.org/public/genie/439/school/4/date/2026-11-01/view/week/,BLOG
5499,https://www.century21connectrealty.com/homes/1164-Dividing-Ridge-Road/Mineral-Bluff/GA/30559/169586327/,OTHER
5500,https://www.century21connectrealty.com/homes/1760-Barclay-Close-NW/Atlanta/GA/30318/169578069/,OTHER
5501,https://www.cerescourier.com/opinion/editorial/captain-friend-turned-beatnick/,NEWS
5503,https://www.cforcakehk.com/product-page/%E7%A7%81%E4%BA%BA%E8%A8%82%E8%A3%BD-%E8%90%BD%E5%96%AE%E5%8D%80-47,ECOMMERCE
5504,https://www.cgi.com/en/experts/david-van-der-ploeg,OTHER
5506,https://www.chairish.com/product/1522046/large-lead-clamshell-birdbath,ECOMMERCE
5507,https://www.chairish.com/product/22904585/vintage-mottahedeh-schosse-reproduction-blue-white-tobacco-ginger-jar,ECOMMERCE
5509,https://www.channelnewsasia.com/singapore/durian-sellers-higher-demand-peak-period-2003501,NEWS
5510,https://www.channelpronetwork.com/2010/04/05/quotewerks-now-integrated-with-connectwise/,OTHER
5511,https://www.chanpureland.org/dharma-blog/april-14th-201615,BLOG
5512,https://www.chanpureland.org/dharma-blog/archives/01-2017,BLOG
5513,https://www.charitybuzz.com/catalog_items/auction-2-night-stay-at-arc-hotel-washington-dc-3307603,ECOMMERCE
5514,https://www.charityfirst.com/blog/2025-nonprofit-trends-embracing-innovation-and-adapting-to-change/,BLOG
5515,https://www.charitynavigator.org/ein/061487800,EDUCATION
5516,https://www.charitynavigator.org/ein/061644517,EDUCATION
5517,https://www.charitynavigator.org/ein/237317465,EDUCATION
5518,https://www.charitynavigator.org/ein/465411760,EDUCATION
5519,https://www.charitynavigator.org/ein/471684334,EDUCATION
5520,https://www.charitynavigator.org/ein/842953397,EDUCATION
5521,https://www.charitynavigator.org/ein/842993591,EDUCATION
5522,https://www.charitynavigator.org/ein/874720220,EDUCATION
5523,https://www.charitynavigator.org/ein/881022395,EDUCATION
5524,https://www.charitynavigator.org/ein/881214950,EDUCATION
5525,https://www.charitynavigator.org/ein/881231384,EDUCATION
5526,https://www.charitynavigator.org/ein/881600753,EDUCATION
5527,https://www.charitynavigator.org/ein/884405962,EDUCATION
5528,https://www.charlly.com/,OTHER
5530,https://www.chasemark.com/headwear-hats-cowboy-hats.htm,ECOMMERCE
5531,https://www.chattypattysplace.com/2018/02/creating-romantic-vibe-for-valentines.html,BLOG
5532,https://www.chccs.org/our-district/communications/recognition-celebration,EDUCATION
5534,https://www.chester.ac.uk/about/faculties/science-business-and-enterprise/school-of-computer-and-engineering-sciences/?addCourse=96444&level=Postgraduate&subjectarea=computer+science%2C+engineering%2C+mathematics,EDUCATION
5535,https://www.chevychasedermatology.com/medical-dermatology,BLOG
5536,https://www.chiefhealthcareexecutive.com/view/six-steps-healthcare-leaders-should-consider-before-launching-a-cell-and-gene-therapy-program-viewpoint,OTHER
5537,https://www.childhealthdata.org/browse/survey?r=10,EDUCATION
5538,https://www.chinaaltop.com/products/aluminum-screen-panel/,ECOMMERCE
5539,https://www.chinesefireworks.co.uk/catalogsearch/result/index/?___from_store=spanish&___store=russian&cat=86&dir=asc&order=relevance&q=beat+thy+nei,ECOMMERCE
5540,https://www.chiropractor-directory.org/kieselbach-stephen-dr-in-mobile-al-36609-303/,OTHER
5541,https://www.chitrini.net/product-page/handpainted-glass-bottle-art-set-of-4?lang=hi,ECOMMERCE
5542,https://www.choiceappraisals.org/uncategorized/spotlight-on-fairdale/,BLOG
5543,https://www.chooseulverston.co.uk/ulverston-carnival-2017/,BLOG
5544,https://www.chriscouto.com/,BLOG
5545,https://www.chrisfritchteam.com/sitemap/FL/Osceola-County/City/Kenansville/Listings/Page/1,OTHER
5546,https://www.christianbook.com/a-time-to-laugh-ebook/kelly-hake/9781624166051/pd/40720EB,ECOMMERCE
5548,https://www.chronoengine.com/users/profile/47242,OTHER
5549,https://www.chronolog.io/site/BSC106,OTHER
5550,https://www.chuckspaving.com/residential/,OTHER
5551,https://www.churchillfellowship.org/ideas-experts/fellows-directory/steven-legge/,NEWS
5552,https://www.churchofchristbpt.com/events/2025-11-19/,OTHER
5553,https://www.churchofjesuschrist.org/study/scriptures/dc-testament/dc/58?lang=eng&id=26-28,BLOG
5554,https://www.chzspain.com/1-0-street-light-6/street-light---st20,OTHER
5555,https://www.cics.umass.edu/news/team-modernize-first-year-cs-curriculum,EDUCATION
5556,https://www.cifraclub.com/chapman-steven-curtis/christmas-card/,OTHER
5557,https://www.cigarsmokers.com/members/2975-Mizicke5273?s=1aa587cb16e2595ddeaa16c1e060e903,FORUM/DISCUSSION
5559,https://www.cincinnatimagazine.com/tag/pike-street/,NEWS
5560,https://www.cinephilia.net/tag/steven-spielberg/,OTHER
5562,https://www.cityviewfamilydental.ca/site/blog/2022/04/27/how-does-invisalign-work,OTHER
5563,https://www.civil.uwaterloo.ca/raven_forum/memberlist.php?mode=contactadmin&sid=c72bb2ff2c32605b017a423c5848c711,FORUM/DISCUSSION
5564,https://www.civil.uwaterloo.ca/raven_forum/ucp.php?mode=delete_cookies&sid=b4d1c470624d2a1bd88f016a26d619c7,FORUM/DISCUSSION
5565,https://www.cjfirminger.co.uk/team/,OTHER
5567,https://www.claimsjournal.com/newsbgkidr/%5C%5C%5C%5C%5C%5C%5C%5C%5C%5C%5C%5C/%5C%5C%5C%5C%5C%5C%5C%5C/%5C/%5C%5C%5C%5C/o%22m/nationalal.com/newswire/2012/02/,EDUCATION
5568,https://www.claremonttoyota.com/viewdetails/new/jtdb4mee0t3037495/2026-toyota-corolla-4dr-car,ECOMMERCE
5569,https://www.classicfm.com/events/music-youth/pictures/adrian-boult-hall-july-10/the-spen-valley-troubadours-5/,OTHER
5570,https://www.classpop.com/paint-and-sip/13501/moon-over-the-pines_4325,OTHER
5571,https://www.cleaninjection.com/honda-acura-parts-2/clutch-%26-drivetrain-parts,ECOMMERCE
5572,https://www.clearias.com/tebhaga-movement/,EDUCATION
5573,https://www.clearwatertoyota.com/blog/2020/june/3/find-and-buy-your-next-toyota-in-minutes-online.htm,ECOMMERCE
5574,https://www.clevelandwheelandbrake.com/part/199-113/,TECHNICAL
5575,https://www.clickphotodesigns.com/this-is-a-train-museum-huntsville-madison-alabama-child-photographer/,OTHER
5577,https://www.closetbutler.com/get-a-quote,ECOMMERCE
5578,https://www.cloudns.net/domains/tld/academy/lang/en/,OTHER
5581,https://www.cmegroup.com/education/events/econoday/2025/05/feed640992.html,OTHER
5582,https://www.cmg.org/2017/01/cmg-webinar-series-go-beyond-mainframe-capping-to-reduce-mlc/,EDUCATION
5583,https://www.cmm.bristol.ac.uk/forum/index.php?sid=c67c3247dff75c130c2c7573ff03fd32,FORUM/DISCUSSION
5584,https://www.cmpoparts.com/search/YAMAHA,ECOMMERCE
5585,https://www.cmsg.com.au/about,OTHER
5586,https://www.cmu.edu/news/stories/archives/2017/july/new-vehicle-emissions.html,BLOG
5587,https://www.cnd.fr/index.php/en/program/2940-right-information-course,OTHER
5588,https://www.cnd.fr/index.php/en/program/3659-daily-classes-ballet,OTHER
5591,https://www.coastmusiconline.com/pml-7000-rechargeable-music-stand-lamp,ECOMMERCE
5592,https://www.codedevino.com/enoteca/marco-abella-el-perer-2012,OTHER
5593,https://www.codedifferent.de/tag/javascript/,TECHNICAL
5594,https://www.coffeely.com/coffee-review-coffee-industry-news-3jgd3fvrwinvh9qfpvzl/,NEWS
5595,https://www.cokesbury.com/Books-JUVENILE-FICTION-Social-Themes-Emotions---Feelings,EDUCATION
5596,https://www.colganteam.com/blog/tags/chris-colgan/,OTHER
5597,https://www.colleenchristi.com/blog/tags/kansas-city-fine-art-photographer,OTHER
5598,https://www.collegebeing.com/maximize-dorm-room-space/,BLOG
5600,https://www.collegesportsny.com/single-post/2023-michigan-state-fall-training-camp-spartans-looking-to-make-waves-in-2023,BLOG
5602,https://www.coloradopolitics.com/tag/pikes-peak-regional-transportation-authority/,NEWS
5603,https://www.colorhexa.com/a1caff,ECOMMERCE
5604,https://www.coloringpage.ca/,BLOG
5605,https://www.columbuslawyers.com/profile/carlile-patchen-murphy-llp-3166,OTHER
5607,https://www.comic-rocket.com/users/scottmarshall/,OTHER
5608,https://www.commbankstadium.com.au/events/n2026_nrlw_round_7__wests_tigers_vs_warriors,TECHNICAL
5609,https://www.commercialdishwasher.net/sales-services,OTHER
5610,https://www.communitelligence.com/product/mastering-influencer-marketing-how-to-find-and-manage-the-best-influencers-for-your-brand/,ECOMMERCE
5611,https://www.completeservicemanuals.com/electronics/lexmark/laser-printer.html,ECOMMERCE
5612,https://www.complex.com/tag/reesepuff21bc1,ECOMMERCE
5613,https://www.computerclinicilford.co.uk/product/dell-latitude-5510-15-6-i5-10th-gen-8gb-256gb-ssd-win-11-pro-uhd-graphics/,ECOMMERCE
5614,https://www.computerweekly.com/resources/Disaster-recovery/page/7,OTHER
5615,https://www.concacaf.com/gold-cup/heritage/andrew-bresee/,NEWS
5616,https://www.concordchamber.com/list/member/heffernan-elite-benefits-insurance-services-10998.htm,OTHER
5617,https://www.concreterenewal.com/garage-floor-coatings-oakdale-epoxy-near-me.html,ECOMMERCE
5618,https://www.conferencelists.org/event/international-experts-summit-on-public-health-and-preventive-medicine/,EDUCATION
5619,https://www.confessionsofateacher.com/blog/hashtags/selflove,BLOG
5620,https://www.connect.asus.com/my/VolumePurchase_ProductCard?modelName=ProArt%20Z790-CREATOR%20WIFI&productCategory=Motherboard,ECOMMERCE
5621,https://www.connection.com/search/seagate-technology-computer-parts/4511496/203847,ECOMMERCE
5622,https://www.consolidatedsupply.com/Product/1689669,ECOMMERCE
5623,https://www.constructionresourcesusa.com/5-kitchen-lighting-ideas-that-will-transform-your-kitchen-completely,OTHER
5624,https://www.contactscow.com/product-category/colored-contact-lenses/purple-contact-lenses/,ECOMMERCE
5625,https://www.contagionlive.com/view/testing-for-c-difficile-infections,OTHER
5626,https://www.contagionlive.com/view/what-to-expect-in-octobers-multidrugresistant-infections-section-of-contagion,OTHER
5627,https://www.contempocreations.com/technology-accessories-usb-hubs.htm,ECOMMERCE
5628,https://www.contemporaryand.com/fr/c-and-magazine/texts/seeking-to-push-boundaries,BLOG
5629,https://www.contexttravel.com/cities/florence?display_currency=USD&search_started=true&showcase_ids%5B%5D=113&showcase_ids%5B%5D=130&showcase_ids%5B%5D=224&showcase_ids%5B%5D=51&showcase_ids%5B%5D=54&solo_optimized=true,BLOG
5630,https://www.contexttravel.com/cities/lisbon/tours/sintra-full-day-tour-from-lisbon?display_currency=USD&search_started=true&showcase_ids%5B%5D=114&showcase_ids%5B%5D=228&showcase_ids%5B%5D=58&showcase_ids%5B%5D=60&showcase_ids%5B%5D=61,BLOG
5631,https://www.contingencyconnection.com/single-post/derale-performance-has-fittings,BLOG
5632,https://www.contractorsestimate.com/tradeads/110825.html,OTHER
5633,https://www.conversion-website.com/mass/microgram-to-atomic-mass-unit.html,OTHER
5634,https://www.copaci.org/en/uci-launches-investigation-into-visma-for-the-2024-tour-de-france/,BLOG
5635,https://www.copernical.com/projects?start=360,FORUM/DISCUSSION
5636,https://www.corporategear.com/product/richardson-110-fitted-trucker-with-r-flex-hat-heather-grey-black.html,ECOMMERCE
5637,https://www.cortthesport.com/2008/05/am-i-turning-intogaspa-morning-person.html,BLOG
5638,https://www.cosmiccentaurs.com/resources/tags/decision-making,EDUCATION
5639,https://www.costumesvip.com/products/movie-barbie-2023-weird-barbie-yellow-serpentine-socks-cosplay-accessories-halloween-carnival-props,ECOMMERCE
5640,https://www.cotic.co.uk/order/spares/item/seatstay_internal_route_grommet,ECOMMERCE
5641,https://www.cottonblossomfarm.com/shop/Thread/YLI-Pearl-Crown/p/Serger-Lace-Applicator-Foot.htm,ECOMMERCE
5642,https://www.counselorlibrary.com/insights/search-help.cfm,ECOMMERCE
5643,https://www.cpacrossings.com/webinars/mijbsle1-56600/,OTHER
5644,https://www.cpcfh.com/obituaries/Lloyd-Wilson-Rhodus-Sr?obId=816186,OTHER
5645,https://www.cpd.utoronto.ca/blog/2015/11/18/u-of-t-doctors-fight-colon-cancer-with-top-to-bottom-campaign/,EDUCATION
5647,https://www.craftcompany.co.uk/shop-by-category/food-colours-and-flavours/chocolate-colourings/sugarflair-chocolate-colouring-metallic-blue-35g/,ECOMMERCE
5648,https://www.craftcompany.co.uk/shop-by-category/food-colours-and-flavours/food-colouring-gels-and-pastes/sugarflair-spectral-food-colouring-paste-hot-pink-25g/,ECOMMERCE
5649,https://www.craftnation.com.au/,ECOMMERCE
5650,https://www.craneblogger.com/tag/atlantic-city-crane-collapse/,BLOG
5651,https://www.crcresearch.org/biography/dr-john-robinson,EDUCATION
5652,https://www.creativefinancialnetwork.net/blog/understanding-hazard-insurance-what-homeowners-need-to-know,OTHER
5653,https://www.creativemomsweb.com/sahms/prioritizing-tasks-as-a-stay-at-home-mom/,BLOG
5654,https://www.credlix.com/hts-code/29051120,TECHNICAL
5655,https://www.crerarhotels.com/collection/glencoe-inn/,OTHER
5656,https://www.cridgepharmacy.com/hemorrhoids,GOVERNMENT
5657,https://www.crime-lawyers.com/drug-news.html,OTHER
5662,https://www.crosswalk.com/login/?returnUrl=https%3A%2F%2Fwww.crosswalk.com%2Fdevotionals%2Fibelieve-truth-a-devotional-for-women%2Flet-it-rain.html%2C4%2C35714,OTHER
5663,https://www.crownadhesivetape.com/crown-factory-price-adhesive-protective-film-factory-7.html,ECOMMERCE
5664,https://www.crownmazdami.com/certified/Mazda/2023-Mazda-CX-9-e31e72ceac185eebd5a42a4521d62fd6.htm,ECOMMERCE
5665,https://www.crownnglory.co.uk/tag/hair-loss-solutions-in-chester/,ECOMMERCE
5666,https://www.cruisecheap.com/c/PortShoreEx.php?CID=14121024&CalendarDayOffset=0&ShoreExPortCode=EUPP,OTHER
5668,https://www.crypto-potential.com/post/postSticks/135652,OTHER
5671,https://www.crystalpeakschurch.org.uk/sermons/so-whats-ahead/,OTHER
5672,https://www.csestadiumauthority.com/,OTHER
5673,https://www.cshl.edu/tag/cshl-history/page/4/,BLOG
5674,https://www.csofutures.com/news/number-of-uk-green-jobs-up-by-more-than-a-third-since-2015/,EDUCATION
5675,https://www.csun.edu/humanities/events/calendar-events?sort_by=field_event_date_value&sort_order=DESC&page=13&month=2022-09-08,EDUCATION
5676,https://www.csun.edu/humanities/events/hong-kong-crisis-perspectives-popular-movements-2010s-and-new-national-security?month=2022-03-09,EDUCATION
5677,https://www.cswuforum.org/post/two-presidents-of-the-american-physical-society-will-be-speaking-at-the-c-s-wu-s-symposium,EDUCATION
5679,https://www.cullmantribune.com/tag/alea-marine-division/,NEWS
5680,https://www.cultivariable.com/oca-odds-and-ends/,BLOG
5681,https://www.cureepilepsy.org/news/new-light-shed-on-mechanisms-of-pediatric-epilepsy/,EDUCATION
5682,https://www.cushionsource.com/product/tufted-sofa-cushions,ECOMMERCE
5684,https://www.customaquatic.com/estore/control/checkLogin;jsessionid=A71B4A9DE6A0C82457229702047E07A7.jvm1,ECOMMERCE
5685,https://www.customerbliss.com/results/0faf5f5e/,BLOG
5686,https://www.customlanyard.ca/product/nylon-drawstring,ECOMMERCE
5687,https://www.customtileworkllc.com/contact,OTHER
5688,https://www.cutethingsfallingasleep.org/2008/12/sleepy-kitten-13.html?widgetType=BlogArchive&widgetId=BlogArchive1&action=toggle&dir=open&toggle=YEARLY-1167638400000&toggleopen=MONTHLY-1228118400000,BLOG
5689,https://www.cybersagetechnologies.com/compliance/,EDUCATION
5691,https://www.cyboltnut.com/sale-43952095-high-precision-stainless-steel-304-hex-bolts-and-nuts-for-high-temperature-applications.html,ECOMMERCE
5692,https://www.cyclepower.ca/product/continental-kryptotal-front-1241845-1.htm,ECOMMERCE
5693,https://www.cyclingweekly.com/news/founders-buys-back-gcn-from-warner-bros,NEWS
5694,https://www.cyndislist.com/us/mi/counties/menominee/social/,OTHER
5696,https://www.daddycow.com/stores/product/selfie-ring-light-photography-led-rim-of-lamp-with-mobile-holder-support-tripod-stand-ringlight-for-live-video-streaming-6,ECOMMERCE
5697,https://www.dahuasecurity.com/es/products/All-Products/Discontinued-Products/Network-Cameras/IPC-HDBW3441E-AS,ECOMMERCE
5698,https://www.dailyautograph.com/2020/04/bryan-garcia.html,NEWS
5699,https://www.dailydiapers.com/board/index.php?/tags/record%20breaking%20capacity/,FORUM/DISCUSSION
5700,https://www.dailykos.com/story/2020/08/16/1969833/-I-have-tossed-men-out-of-bars,BLOG
5701,https://www.dailykos.com/story/2020/08/22/1971385/-Tennessee-passes-a-law-that-can-permanently-remove-voting-rights-from-peaceful-protesters,NEWS
5703,https://www.dallas360news.com/tag/cleaning-robot-market-growth,NEWS
5704,https://www.dammmusic.com/shop/Guitar--Bass/Guitar-Accessories/p/Stagg-GuitarInstrument-Cable-with-Heavy-Duty-Connectors-10-Foot.htm,ECOMMERCE
5705,https://www.damoconsulting.net/2021/04/13/,NEWS
5706,https://www.dancingangelsfoundation.org/previous-scholarship-recipients,OTHER
5707,https://www.dandmadeeasy.com/blog/categories/print-at-home,EDUCATION
5708,https://www.dangerousthreads.com/lace-lacing-leather-suede-purple-violet-25-yds-made-in-usa/,ECOMMERCE
5710,https://www.danielschapeloftheroses.com/obituaries/obituary-listings?obId=2244162,OTHER
5711,https://www.darkageofcamelot.com/2014/03/22/pendragon-test-event-monday-march-24th/,TECHNICAL
5712,https://www.darleandthebear.co.uk/artworks/875-amy-mcmillan-britomartis-2023/,ECOMMERCE
5713,https://www.data.gov.uk/search.html?page=4&q=addressing,GOVERNMENT
5714,https://www.databridgemarketresearch.com/reports/global-nitrogen-trifluoride-nf3-and-fluorine-gas-f2-market,EDUCATION
5717,https://www.daviddouglas.com/jewelry-details/stones-and-inlay/the-carter/849433,ECOMMERCE
5718,https://www.davidfriedmanart.com/product-page/anniversary-beach,ECOMMERCE
5720,https://www.davincivirtual.com/loc/angola-virtual-offices/,OTHER
5721,https://www.dawn.com/news/1502936/pm-imran-us-senator-sanders-call-attention-to-indias-unacceptable-actions-in-occupied-kashmir,NEWS
5722,https://www.dayglowband.com/gig/sunday-october-6th-2024-the-fillmore-philadelphia/,TECHNICAL
5723,https://www.dayngrzone.com/broken-soldier-gives-emom-a-thumbs-up/broken-soldier/,BLOG
5724,https://www.daytonatoyota.com/toyota-corolla-cross-daytona-fl/,ECOMMERCE
5725,https://www.daytonpetcare.com/copy-of-clothing,ECOMMERCE
5727,https://www.dcfs.louisiana.gov/calendar/category/day/family-first?d=2-10-2024,OTHER
5728,https://www.dcviews.com/news/ns1123300.htm,OTHER
5731,https://www.deathvalleyhd.com/inventory/Used-2024-Harley--Davidson-Low_Rider_S-1HD1YWZ23RB013457/,ECOMMERCE
5733,https://www.deberryinsurance.com/free-shred-day-april-5th-2025/,OTHER
5734,https://www.decorativecollective.com/product/penny-worrall/block-print-lampshades-shade04,ECOMMERCE
5736,https://www.deerndear.com/dmn1bd1703108-t-shirt.html,ECOMMERCE
5737,https://www.delkomexport.com/product/holder-complete/,ECOMMERCE
5738,https://www.delnorteplace.org/leadership-committees/block-watch/block-watch-captains-committee-report-for-12-9-2022,OTHER
5739,https://www.deloitte.com/in/en/services/consulting/perspectives/the-digital-drive-engineering-the-next-generation.html,EDUCATION
5740,https://www.deltabilliards.com/pool-cues/cues-by-brand/delta-cues/,ECOMMERCE
5741,https://www.deltatechstore.com/power-supply/desktop-power-supply/155-watt/,ECOMMERCE
5742,https://www.deluxe.com/products/promotional/lanyards-badges-bracelets/nid_1sae4dzZ1npaeobZ1aehfndZ1abacqzZ16uvxd3Z11x0koqZozy2o4Z5gtmhiZ1wsti2/,ECOMMERCE
5743,https://www.denismusique.com/en/guitar-stands/fender-deluxe-hanging-guitar-stand-099-1803-000,ECOMMERCE
5744,https://www.denismusique.com/en/guitar-straps-1/fender-running-logo-strap-099-0671-000,ECOMMERCE
5746,https://www.dentistjobcafe.com/job/dentist/general-dentistry/20140513/dentist-nc,OTHER
5747,https://www.dermatologytimes.com/view/tazarotene-indications-may-soon-expand,OTHER
5748,https://www.derwentrowingclub.co.uk/membership/,OTHER
5749,https://www.design4rent.com/eng/photo-gallery/photo-gallery.aspx?IDFotoGallery=1196,OTHER
5750,https://www.designerscarpetone.ca/about/carpet-one-floor-and-home-farmington-partners-with-new-beginnings-non-profit,OTHER
5751,https://www.desjardinschevrolet.com/vehicles/2021/bmw/x5/toronto/on/68507878/?sale_class=used,OTHER
5752,https://www.destinationsdesired.co.uk/villas/villa-orsalia-heraklion/,BLOG
5753,https://www.destinationvancouver.com/inspirations/events/discover-dance-featuring-immigrant-lessons,OTHER
5754,https://www.deswinks.com/volkswagen/news/discover-the-new-volkswagen-t-cross/,ECOMMERCE
5755,https://www.detachedaudio.com/product/classic-long-sleeve-black-logo/,ECOMMERCE
5756,https://www.deutsche-windtechnik.com/news/aktuelles/detail/alt-ist-das-neue-gold-mit-cleverem-ersatzteilkonzept-kostbare-ressourcen-wiederverwenden/,EDUCATION
5757,https://www.devanshbharat.com/post/%E0%A4%9C%E0%A4%AC%E0%A4%B2%E0%A4%AA%E0%A5%81%E0%A4%B0-%E0%A4%91%E0%A4%B0%E0%A5%8D%E0%A4%A1%E0%A4%BF%E0%A4%A8%E0%A5%87%E0%A4%82%E0%A4%B8-%E0%A4%AB%E0%A5%88%E0%A4%95%E0%A5%8D%E0%A4%9F%E0%A5%8D%E0%A4%B0%E0%A5%80-%E0%A4%96%E0%A4%AE%E0%A4%B0%E0%A4%BF%E0%A4%AF%E0%A4%BE-%E0%A4%AE%E0%A5%87%E0%A4%82-%E0%A4%AB%E0%A4%BF%E0%A4%B0-%E0%A4%B9%E0%A5%81%E0%A4%86-%E0%A4%AC%E0%A5%9C%E0%A4%BE-%E0%A4%A7%E0%A4%AE%E0%A4%BE%E0%A4%95%E0%A4%BE-%E0%A5%A4,NEWS
5758,https://www.devdiscourse.com/article/sports-games/3696512-indian-railways-celebrates-womens-world-cup-triumph,NEWS
5759,https://www.deviantart.com/m1llah,BLOG
5760,https://www.dewisantbangor.org/,OTHER
5761,https://www.dexon-technology.com/contact-us?value=The+Netherlands,OTHER
5762,https://www.deztreks.com/about-my-journey/attachment/123/,NEWS
5763,https://www.dfrobot.com/forum/topic/335631,FORUM/DISCUSSION
5764,https://www.dh-jac.net/db/nishikie/results.php?f52=1810&f9=*&f11=1&-max=50&enter=default&lang=en,EDUCATION
5765,https://www.dharrisconstruction.com/copy-of-grafton-kitchen-4,OTHER
5766,https://www.dhelectrickidcar.com/news/bluebigwheelscooter-18043.html,ECOMMERCE
5767,"https://www.dhfarmmachinery.com/categories.html?filter_set%5B%5D=869,870,5618,58092&filter_set%5B%5D=1093",ECOMMERCE
5768,https://www.dialavet.com/blog/can-cats-eat-baked-beans-d19d8,OTHER
5769,https://www.dialysispatients.org/news/from-the-welcome-desk-at-dpc-who-are-you-going-to-call-hint-not-the-ghostbusters/,OTHER
5770,https://www.diamondcuts.com/birthstone-september-sapphire/,BLOG
5771,https://www.dickblick.com/items/koh-i-noor-polycolor-dry-color-drawing-pencils-assorted-colors-tin-set-144/,ECOMMERCE
5772,https://www.dieselpartsdirect.com/u5lb0350,ECOMMERCE
5774,https://www.digidirect.com.au/optics?page=4,ECOMMERCE
5775,https://www.digitaldirectsecurity.co.uk/uniview-wifi-dual-lens-doorbell-ed-525b-wb.html,ECOMMERCE
5776,https://www.digitaljournal.com/world/serbia-greenlights-disputed-lithium-mining-project/article,NEWS
5777,https://www.digitalmeetsculture.net/projects/harmosearch/video-tutorials/,TECHNICAL
5778,https://www.digitalphablet.com/news/28-of-americans-report-romantic-or-intimate-ai-relationships/,TECHNICAL
5779,https://www.digitimes.com/register/setprofile.asp?pkg=1&dt_ref=20080619PD212,NEWS
5780,https://www.dignetsol.co.uk/our-services/infrastructure/remote-desktop-server,OTHER
5781,https://www.dignityhealth.org/central-coast/locations/marianregional/services/cardiac-care/comprehensive-heart-care,OTHER
5782,https://www.diligentreader.com/ealing-council-cover-up-stage-2-response-to-the-residents-complaint-ref00102558/,NEWS
5783,https://www.dimatteosapconsulting.com/blog,FORUM/DISCUSSION
5784,https://www.din.de/en/getting-involved/standards-committees/fws/publications/wdc-beuth:din21:1818087,EDUCATION
5785,https://www.dine4fit.com/foodstuffs/espresso,ECOMMERCE
5787,https://www.dinnerware-suppliers.com/project/stainless-steel-creative-round-spoon/,ECOMMERCE
5788,https://www.dior.com/en_bg/fashion/womens-fashion/bags/all-the-bags,ECOMMERCE
5789,https://www.directferries.com.au/morro_jable_ferry.htm,ECOMMERCE
5790,https://www.directwoodflooring.co.uk/barnwood-natural-oak-brushed-oiled-solid-wood-flooring.html,ECOMMERCE
5792,https://www.discgolfscene.com/course/13178/sunneberg-discgolfbana,ECOMMERCE
5793,https://www.discovercars.com/portugal/estoril,ECOMMERCE
5794,https://www.dishwareheaven.com/products.html?id=9/2139,ECOMMERCE
5795,https://www.display5.com/index.php/2021/03/10/covid-corporate-work-shift/,BLOG
5796,https://www.disposablesurgicalpacks.com/buy-disposable_kidney_bowls.html,ECOMMERCE
5798,https://www.diversified-insurance.com/insurance-services/personal-insurance/mobile-manufactured-home-insurance/,OTHER
5799,https://www.divineassignmentsconsulting.com/consulting-services/,OTHER
5800,https://www.divinemercynorthshore.org/fr-steves-podcast/8222022,BLOG
5801,https://www.djmikebills.com/blog/best-80s-soft-rock-songs-for-your-wedding-playlist-volume-2,BLOG
5802,https://www.dkshdiscover.com/en/promo/luna-cure-PACM,ECOMMERCE
5803,https://www.dlinkshop.com/emailfriend_sku-2528786,ECOMMERCE
5806,https://www.doctena.com/en-at/partner/upflow/,OTHER
5809,https://www.dogster.com/dog-breeds/purebred-dog-breeds,OTHER
5810,https://www.dogwalkingtas.org.au/post-p07gx/2019/02/25/dog-first-aid-courses,BLOG
5811,https://www.domaine-teiller.fr/en/who-are-we/our-estate/,OTHER
5812,https://www.donmillersubarueast.com/blog/2020/october/30/facelift-act-local-has-the-support-of-don-miller-subaru-east-and-subaru-dealers-around-the-country.htm,ECOMMERCE
5813,https://www.donwoodhyundai.com/new/Hyundai/2026-Hyundai-Kona-af9e886eac1858654ca7e31e358b4af9.htm,ECOMMERCE
5814,https://www.donwoodhyundai.com/used/Chevrolet/2018-Chevrolet-Silverado-1500-afa6c663ac1837d0dfe2868d0af35859.htm,ECOMMERCE
5815,https://www.donwoodhyundai.com/used/Ram/2024-Ram-3500-9984d446ac1817f9ca686b6af26b466c.htm,ECOMMERCE
5816,https://www.doorsdirect.co.uk/products/beijing-4-door-4-panel-shaker,ECOMMERCE
5817,https://www.dota-gc.com/players/DSoul,NEWS
5818,https://www.doubledigitstore.com/prodotto/3-8-8pk-8/,ECOMMERCE
5819,https://www.doveyinnpubaberdovey.co.uk/weekend-treat-menu,ECOMMERCE
5820,https://www.downtoearth-indonesia.org/region/results/taxonomy-47%2C34,EDUCATION
5821,https://www.downtownsyracuse.com/eat-drink/restaurants?field_cuisine_tid%5B0%5D=410&field_cuisine_tid%5B1%5D=390&field_cuisine_tid%5B2%5D=213&field_cuisine_tid%5B3%5D=419&field_cuisine_tid%5B4%5D=394&field_cuisine_tid%5B5%5D=222&field_cuisine_tid%5B6%5D=223&field_cuisine_tid%5B7%5D=387&field_dining_type_tid%5B0%5D=429,OTHER
5822,https://www.dreamsopedia.com/dream-about-someone-wearing-dirty-clothes.html,BLOG
5823,https://www.drewspopcorn.com/blogs/news/111891398-come-find-us-in-the-xcel-energy-center,ECOMMERCE
5825,https://www.dripworks.com/ez-flo/,ECOMMERCE
5826,https://www.drjerrythompson.co.uk/chernobyl-fukushima-and-a-remarkable-nutrient/,BLOG
5828,https://www.druidedinburgh.com/product-page/pink-pepper-myrtle-cedar,ECOMMERCE
5829,https://www.drunkenmonkeycreations.com/product-page/cranberry-fig-goat-milk-soap,ECOMMERCE
5830,https://www.dtxvape.com/brands/proxie/,ECOMMERCE
5831,https://www.dubaiprnetwork.com/pr.asp?pr=173159,OTHER
5832,https://www.dublingiftcompany.com/product/shamrock-mug-latte-cup-green-celtic-knots/,ECOMMERCE
5833,https://www.ducksoupauctions.com/auctions/9888/lot/89216-cds-and-cassettes-garage-ground-level,ECOMMERCE
5835,https://www.dukebookings.com/properties/braddan-bridge-glamping-bell-tent-79/,ECOMMERCE
5836,https://www.dunkindonuts.com/en/locations?location=60491,ECOMMERCE
5837,https://www.duperrin.com/english/2016/06/15/hr-marketing-employer-branding-data/,OTHER
5838,https://www.dwyeromega.com/en-us/rohs?rohs=rohs3&sku=FTB3000-Series,ECOMMERCE
5839,https://www.dxzone.com/best-links-of-the-week-2015-3/,OTHER
5842,https://www.e-xyzd.com/projects/200%2B-tbc-schools,OTHER
5843,https://www.eaglemusicshop.com/tenor-banjo-melody-chord-playing-system,ECOMMERCE
5844,https://www.eahp-sh2022.com/shop/15-5710-mouse-anti-ssa-elisa-kit-9660?category=14,ECOMMERCE
5845,https://www.eamobitech.com/product-tag/mhy93ll-a/,ECOMMERCE
5846,https://www.earthisland.co.uk/single-post/don-t-miss-out-print-solutions-november-available-now,BLOG
5847,https://www.eastgateanimalhospital.com/site/special-veterinary-services-cincinnati,OTHER
5848,https://www.eastgatemusic.com.au/product/henry-heller-hpolm-2-inch-polypro-vegan-guitar-strap-navy/,ECOMMERCE
5850,https://www.easychair.org/publications/keyword/wZd8,EDUCATION
5851,https://www.easycounter.com/report/2014.kerning.it,OTHER
5852,https://www.eatsacrepe.com/,OTHER
5853,https://www.eazi-grip.com/shop/eazi-grip-kawasaki-z650rs-2021-2025-black-tank-grips/,ECOMMERCE
5855,https://www.ebay.com/str/pawannstore,ECOMMERCE
5856,https://www.ebele-belle.com/product-page/velvet-mousse-blush-cream-3,ECOMMERCE
5858,https://www.ebth.com/items/2620711-assortment-of-glasses,ECOMMERCE
5859,https://www.echellecanada.ca/categories/stepladders-platforms/individual-platforms/safety-cage-system-9501,ECOMMERCE
5860,https://www.eco-gem.com/gypsum-pueblo-co-81001/,OTHER
5861,https://www.ecogenbuild.ca/tag/building-with-icf-near-merrickville/,BLOG
5864,https://www.ecvmallbreeds.com/profile/smithriya554/events,FORUM/DISCUSSION
5866,https://www.edegan.com/mediawiki/index.php?title=Special:UserLogin&returnto=BPP+Field+Exam,OTHER
5867,https://www.edenherbs.com/product-page/purifier-tonic-glycerine,ECOMMERCE
5868,https://www.edenspoolsiderestaurantandbar.com/event-details/sunday-wet-brunch-2023-09-03-11-00,OTHER
5869,https://www.edisongroundworks.com/,OTHER
5870,https://www.edisongroup.com/audiovisual/cqs-natural-resources-growth-and-income-cqs-natural-resources-growth-and-income-in-60-seconds/BM-1130/,OTHER
5871,https://www.edisonresearch.com/the-new-holiday-shopping-experience/,EDUCATION
5873,https://www.eduardoperez.de/architecture/design/truma/,EDUCATION
5874,https://www.educative.io/answers/how-to-import-external-libraries-and-python-script-in-pyscript,EDUCATION
5875,https://www.educative.io/courses/learn-python,TECHNICAL
5877,https://www.edweek.org/policy-politics/virtual-education-companies-face-increasing-scrutiny/2012/03,EDUCATION
5878,https://www.eenewseurope.com/en/infinera-describes-device-terabit-nets/,BLOG
5880,https://www.egyptindependent.com/4-19-earthquake-hits-egypts-sharm-el-sheikh-on-thursday/,OTHER
5881,https://www.eju.net/eju/sponsors-and-suppliers/partner/mybacknumber/,BLOG
5882,https://www.ejvictor.com/fabrics/?leather=true&leather=true&color=red&color=brown&color=red&color=orange&color=gray&color=orange,ECOMMERCE
5883,https://www.ekfox.com/services/value-engineering-services/10-ron-blunt-2071_web/,OTHER
5886,https://www.elastic.co/guide/en/elasticsearch/reference/7.16/index-modules-similarity.html,OTHER
5887,https://www.elcotec-electronic.de/Tontechnik/Boxensysteme/Fullrange-Boxen/IBIZA-XTK8A-MKII-aktive-8-Zoll-PA-Lautsprecher-Box-200W::290891.html,ECOMMERCE
5888,https://www.elcotec-electronic.de/Tontechnik/Lautsprecher-Boxenbau/Neodym-Basslautsprecher/LAVOCE-WAN082-50-8-Woofer-Neodym-Alukorb::278764.html,ECOMMERCE
5889,https://www.elearnafrica.com/course/index?id=48856,EDUCATION
5890,https://www.electricalup.com/bloomfield-nj,ECOMMERCE
5891,https://www.electricvehicleshq.com/post/robotaxi-rides-expand-to-austin-and-sf-bay-with-nevada-florida-and-arizona-next,BLOG
5892,https://www.electromaker.io/shop/product-category/circular%20mil%20spec%20connector,ECOMMERCE
5893,https://www.elevatedmagazines.com/blog/tags/cordillera,BLOG
5896,https://www.elicare.ca/mainland-sleep-clinic,OTHER
5897,https://www.eliteconciergegroceryservices.com/payment/231adffe-c792-4965-8aaf-ba8bf877c27a,ECOMMERCE
5898,https://www.eliteconciergegroceryservices.com/payment/301dc199-0062-42b7-8d6b-174b8f6e9761,ECOMMERCE
5899,https://www.eliteconciergegroceryservices.com/payment/fd05af06-ecb8-4bde-a3a0-7933d4410a4c,ECOMMERCE
5900,https://www.elitedaily.com/p/all-of-lady-gagas-face-masks-at-the-2020-vmas-were-the-stars-of-the-show-32682502,BLOG
5902,https://www.elkartemods.com/index.php,FORUM/DISCUSSION
5903,https://www.elmersfresh.com/shop/pantry/western_dressing_sweet_and_smooth_24_fl_oz/p/4814383,ECOMMERCE
5904,https://www.elmhurstrecruiter.com/healthcare-jobs/3869748813/telemedicine-physician,TECHNICAL
5905,https://www.elmwoodspa.com/how-to-treat-your-man-to-a-day-at-thespa/,OTHER
5906,https://www.elocal.com/resources/home-improvement/plumbing/faq/pipes-gurgling/,OTHER
5907,https://www.elvismonroestore.com/shop/view_product/-NEW-EMBLEM-LOGO-W-LYRICS-WOMEN-S-S-S-PREMIUM-TEE-BLACK?n=10684642&pn=1,ECOMMERCE
5908,https://www.emailmeform.com/builder/emf/k2-keto/drops,ECOMMERCE
5909,https://www.emailveritas.com/url-checker/forexhoo-web-app,TECHNICAL
5910,https://www.emailveritas.com/url-checker/mystetho-com,TECHNICAL
5911,https://www.emawedding.ca/portfolio/toronto-wedding-photography-hotel-ocho-osgoode-hall/toronto-wedding-photography-hotel-ocho-osgoode-hall-155830d81_5291/,BLOG
5913,https://www.emissions.org/oklahoma/oklahoma-car-insurance/,OTHER
5914,https://www.empathiceurope.com/events/growth-zoom-talk-with-annett-zupke-2/,BLOG
5915,https://www.emporiarda.org/site-selection/available-buildings,OTHER
5916,https://www.empoweryoune.com/group/mysite-200-group/discussion/22e8cf9e-6da7-428d-927e-8470aba2f011,TECHNICAL
5917,https://www.emptor.io/blog/como-funciona-la-integracion-emptor-greenhouse,EDUCATION
5920,https://www.endsocialisolation.org/our-call-to-be-a-pal-and-the-ripple-effects-of-living-our-mission/,BLOG
5921,https://www.eneba.com/gb/origin-mass-effect-3-m55-argus-assault-rifle-dlc-origin-key-global,NEWS
5923,https://www.engagebay.com/?ref=5636294069714944,OTHER
5924,https://www.enghien-svv.com/en/sale/5795-meuble-et-objets-dart,OTHER
5926,https://www.english-thai.net/english-to-thai-meaning-fang,OTHER
5927,https://www.ennuviz.com/blogs/unlock-the-power-of-process-intelligence,OTHER
5928,https://www.envelopespackaging.co.uk/eco-friendly-packaging?sort=price-desc,ECOMMERCE
5931,https://www.epiphan.com/products/dvi2pcie-av-kit__trashed/tech-specs/,OTHER
5932,https://www.epo.org/en/searching-for-patents/helpful-resources/patent-knowledge-news/merry-christmas-patent-knowledge-news,EDUCATION
5933,https://www.equiti.com/uae-en/news/market-news/gold-prices-higher-at-open-earnings-pending/,OTHER
5934,https://www.erclassics.com/mg-1969-258/,ECOMMERCE
5935,https://www.ergeon.com/blog/post/how-to-sand-wood-deck,OTHER
5937,https://www.eschbach-horsemanship.com/en/courses/educational-programmes/first-aid-course-for-riders?currency=CHF,EDUCATION
5938,https://www.eschoolnews.com/newsline/2020/08/19/international-code-council-releases-recommended-practices-for-remote-virtual-inspections/,EDUCATION
5939,https://www.esinteriordesigns.com/post/small-space-interior-design-ideas-for-parker-apartments,BLOG
5941,https://www.espncricinfo.com/records/headtohead/team-lowest-innings-totals/brazil-portugal-117vs185/twenty20-matches-6,NEWS
5942,https://www.essenshio.com/blog/posts,ECOMMERCE
5943,https://www.esteecouture.com/product-page/krissy-veil-2023-new-collection,OTHER
5944,https://www.etendeka-namibia.com/offers/,OTHER
5945,https://www.eternalcentral.com/classicmagicrules/,ECOMMERCE
5946,https://www.eternalnovelhits.com/2025/08/chapter-720-peasant-girls-splendid-manor.html,OTHER
5947,https://www.etscablecomponents.com/product/cmp-cyclone-ii-2cyc132145/,BLOG
5948,https://www.eufy.com/uk/seniordiscount,ECOMMERCE
5949,https://www.eurofoodsgroup.co.uk/?attachment_id=1201,ECOMMERCE
5950,https://www.euromortar.com/emodico/fr/show/algae-and-fungae,OTHER
5951,https://www.euromortar.com/emodico/fr/show/renderplaster-coat,ECOMMERCE
5956,https://www.evalest.com/news/elon-musk-x-app-high-yield-savings-account,NEWS
5957,https://www.eventeny.com/company/product/holiday-bauble-ornament-218746/,ECOMMERCE
5958,https://www.eventeny.com/users/signup/?ref=/company/product/spalted-tamarindwalnut-bowl-73915/,ECOMMERCE
5959,https://www.events.rcac.org/rcac/free_nm_drinking_water_workshops.asp?Cal_View=DAYVIEW&Cal_Day=26&Cal_Month=8&Cal_Year=2024,OTHER
5960,https://www.events.rcac.org/rcac/idaho.asp?Cal_View=MONTHVIEW&Cal_Day=1&Cal_Month=11&Cal_Year=2024,OTHER
5962,https://www.eweproject.com/product/buddhism-om-mani-padme-hum-tag-pendant-necklace,BLOG
5967,https://www.expasy.org/archives/nextprot,EDUCATION
5968,https://www.expatslivinginrome.com/events/tags/piramide/?sort_by=event_dates_asc&etype=tomorrow,OTHER
5969,https://www.explorow.com/tag-city/park/386/malmoe/678,OTHER
5970,https://www.expocart.com/shop/backpack-flags,ECOMMERCE
5971,https://www.exportersindia.com/product-detail/mens-designer-mojari-19-1083092.htm,ECOMMERCE
5972,https://www.extavourlab.com/people/bruno-rodrigues/,EDUCATION
5973,https://www.f4wonline.com/podcasts/were-live-pal-aew-dynamite-on-max-viewership/?utm_source=navigation-next&utm_medium=internal,NEWS
5974,https://www.fabracleen.com/sitemap/,ECOMMERCE
5975,https://www.faceparty.com/gallery/pics.aspx?pid=7031177&gid=0,OTHER
5976,https://www.faceparty.com/gallery/view.aspx?pid=1250245&iid=35809420,OTHER
5978,https://www.fairfaxmemorialfuneralhome.com/obituaries/Young-Hak-Chang?obId=42954933,OTHER
5980,https://www.fairobserver.com/politics/saudi-arabia-pushes-regional-diplomacy-after-iran-and-israel-clash/,NEWS
5981,https://www.faithlafayette.org/resources/topic/handling-criticism?page=3,OTHER
5982,https://www.fallingrain.com/world/AO/14/Macondo2.html,OTHER
5983,https://www.familytreecircles.com/uren-thomas-married-rebecca-james-1852-25085.html,OTHER
5984,https://www.fams.asn.au/tag/family-work-nsw/,NEWS
5985,https://www.fanaticu.com/shop/Lions/p/Detroit-Lions-Pro-Standard-Old-English-Mens-Hoodie.htm,ECOMMERCE
5986,https://www.fanflosweater.com/p-fan-flo-black-knit-vest-price-list.html,ECOMMERCE
5987,https://www.fantasticfiction.com/h/jenny-han/to-all-the-boys-ive-loved-before/,ECOMMERCE
5989,https://www.farhorizons.com/tag/easter-island/,BLOG
5990,https://www.farmantibiotics.org/shop/csb-0002-2-hydroxyisobutyryl-hist1h1c-k116-antibody-72531,ECOMMERCE
5991,https://www.farming-simulator.com/?lang=en&country=it&mod_id=302029,OTHER
5993,https://www.fas.usda.gov/data?amp%3Bamp%3Bf%5B1%5D=field_countries%3A409&amp%3Bamp%3Bf%5B2%5D=field_countries%3A298&amp%3Bamp%3Bf%5B3%5D=field_commodities%3A609&amp%3Bpage=1&f%5B0%5D=field_countries%3A38&f%5B1%5D=field_commodities%3A13&f%5B2%5D=field_countries%3A262&f%5B3%5D=field_countries%3A279&f%5B4%5D=field_countries%3A363&f%5B5%5D=field_countries%3A376&f%5B6%5D=field_commodities%3A14&f%5B7%5D=field_countries%3A328&f%5B8%5D=field_commodities%3A16&f%5B9%5D=field_commodities%3A34&keyword=&reports%5B0%5D=report_regions%3A295&reports%5B1%5D=report_regions%3A333&reports%5B2%5D=report_regions%3A349&reports%5B3%5D=report_regions%3A356&0=report_regions%3A333&recent_report_type=10253&1=report_regions%3A349&2=report_regions%3A356&upcoming_report_type=10257,EDUCATION
5994,https://www.fas.usda.gov/data?f%5B0%5D=field_countries%3A41&f%5B1%5D=field_countries%3A352&f%5B2%5D=field_countries%3A338&keyword=&recent_report_type=10258&reports%5B0%5D=report_commodities%3A13&reports%5B1%5D=report_regions%3A269&reports%5B2%5D=report_regions%3A367&reports%5B3%5D=report_regions%3A452&reports%5B4%5D=report_type%3A10251&0=report_regions%3A269&1=report_regions%3A367&2=report_regions%3A452&3=report_type%3A10251&upcoming_report_type=All,NEWS
5995,https://www.fashionbi.com/financials/brands/gu,OTHER
5996,https://www.fbcdundee.org/post/week-14-march-31-april-6,BLOG
5997,https://www.fccofsalida.org/blog/reaching-out-at-the-salida-old-fashioned-country-festival-september-16-2017,BLOG
5999,https://www.fctokyo.co.jp/en/news/17230,EDUCATION
6000,https://www.fdic.gov/news/financial-institution-letters/2020/fil20026.html,EDUCATION
6001,https://www.fedex.com/en-sx/customer-support/faq/fedex-account.html,ECOMMERCE
6002,https://www.feednutrition.com/recipes/recipe/f3fb46d2-a352-4159-91d5-99578a44e5af,OTHER
6004,https://www.fengshui-import.com/index.php?l=product_detail&p=6192,ECOMMERCE
6005,https://www.fergusonhome.com/justice-design-group-cer-6425-bkcd-led1-700/s2010131,ECOMMERCE
6006,https://www.fernwoodcove.com/blog/2023/01/30/value-of-friendship-at-summer-camp/,OTHER
6007,https://www.ferranalbrich.com/en/gallery?teatro-arriaga-bilbao=?requiem-faure-2-2,OTHER
6008,https://www.fifaworldcupnews.com/tag/super-cup/,NEWS
6010,https://www.finalemusic.com/blog/ryan-cohans-top-time-saving-tips-for-finale/file-4/,BLOG
6011,https://www.finance.gov.au/,EDUCATION
6012,https://www.financialfives.com/post/cancel-culture-how-serious-it-s-getting-and-how-fire-can-protect-you-from-it,BLOG
6013,https://www.findababysitter.com.au/browse/aupair/qld/fig-tree-pocket,BLOG
6014,https://www.findallmyrtlebeachhomes.com/search/quick?beds=1&city=Myrtle%20Beach&minprice=200000&page=1&perpage=12&soldproperty=0&sortby=&type=quick,ECOMMERCE
6015,https://www.findernet.com/en/sweden/series/27-series-step-relays-10-a/type/type-27-06-step-relay-10a/,OTHER
6016,https://www.fintaxbookkeeping.com/contact/1120s/,OTHER
6017,https://www.fintechscotland.com/the-cashless-society-are-we-ready-for-a-digital-only-payment-world/,EDUCATION
6018,https://www.fionadates.com/my-account/?redirect_to=https%3A%2F%2Fwww.fionadates.com%2Fthe-worlds-8-best-escape-rooms-worth-travelling-for%2F,ECOMMERCE
6019,https://www.fiorgrass.com/home-2/2201_fiorgrassconfigurator_announcement/,OTHER
6020,https://www.fireandrescueaustralia.com/adaptors/firefighting%20equipment/2%20fire/page/shop/browse/,ECOMMERCE
6021,https://www.firearmsnews.com/editorial/polish-p64-9x18mm-makarov-pistol-review/374569,NEWS
6022,https://www.fireblocks.com/blog/secure-institutional-access-for-nem-xem,OTHER
6023,https://www.firedetectionshop.co.uk/product-categories/cctv,ECOMMERCE
6024,https://www.firesidecatering.com/cattle-run-bbq-to-fight-hunger/run-invite-png/,OTHER
6025,https://www.firowstech.com/our-services/it-infrastracture-solutions/unified-communication-provider-in-qatar.html,OTHER
6027,https://www.firstfillspirits.com/product/spirits-of-french-lick-the-mattie-gladden-4yr-bourbon/?add-to-cart=10691,ECOMMERCE
6028,https://www.firstharvestinsurance.com/article/back-to-school-back-on-the-road-auto-insurance-tips-for-teen-drivers/,OTHER
6029,https://www.fishermansworld.net/baitrunneroc.html,ECOMMERCE
6030,https://www.fishpond.com.au/Books/Game-of-Thrones-Martin-George-R-R/9780007477159,ECOMMERCE
6031,https://www.fishpond.com.au/Books/Silent-Girl-Tess-Gerritsen/9781804991343,ECOMMERCE
6032,https://www.fitfabandwelltube.com/search?search_type=videos&search_query=tbtg&type=private&c=72&o=tr&t=t,OTHER
6033,https://www.fivebelow.com/products/mini-tubbz-minecraft-skeleton-toy-9176465,ECOMMERCE
6034,https://www.flaneurlife.com/antifragility/,BLOG
6035,https://www.flashpointmag.com/ethiopia.html,BLOG
6036,https://www.fleetowner.com/refrigerated-transporter/article/21224841/biodiesel-tax-incentive-to-take-effect,NEWS
6037,https://www.fletcherpatterncompany.com/fabric-yardage-kimberbell-basics-blue-connected-stars-by-kim-christopherson.html,ECOMMERCE
6038,https://www.fleurstables.com/winkel/,ECOMMERCE
6039,"https://www.flibzee.com/gk/pre/supersoft/noimp?gk_medium=prepop&w=39637&ws=&gkf=1&adtv=14393.11504_4520cc_e95a6,16681.11504_7ca960_4e685&gk_source=vxcsmtl",OTHER
6040,https://www.flightstore.com.au/pilot-communications-super-headpad,ECOMMERCE
6041,https://www.floridacentralcu.com/learn/support-resources/blog/index.html?tag=Family,ECOMMERCE
6042,https://www.florispta.org/committee-chairs/science-fair,OTHER
6043,https://www.flowersbysayitwithflowers.com/product/va0100923/light-pink-simplicity,ECOMMERCE
6045,https://www.flra.gov/decisions/office-of-solicitor-decisions?court=All&amp%3Bparties=&amp%3Bpage=1&amp%3Border=field_case_number&amp%3Bsort=asc&parties=&order=field_court&sort=desc&page=4,EDUCATION
6046,https://www.flsenate.gov/Session/Bill/2023/6001,OTHER
6048,https://www.flyersinsider.com/nhl/news/BREAKING-Tragedy-strikes-Minnesota-high-school-hockey-team,NEWS
6052,https://www.focus-ma.com/sitemap.html,ECOMMERCE
6053,https://www.focusultimate.com/copie-de-international-club-beach,OTHER
6054,https://www.foi.org/events2/tag/up-to-jerusalem-tour/2024-09/,OTHER
6055,https://www.fondvue.com/products/vk10388,ECOMMERCE
6056,https://www.fontbros.com/font-family/lenorah?utm_source=JeffLevine,ECOMMERCE
6057,https://www.foodimpactcareers.com/jobs/in-dubai-united-arab-emirates,OTHER
6058,https://www.foodlabelsolutions.com/packed-food-labelling/,ECOMMERCE
6059,https://www.foodworldnews.com/articles/64635/20160205/starbucks-worst-starbucks-drinks.htm,NEWS
6060,https://www.fool.ca/company/nyse-bur-burford-capital/340327/,NEWS
6061,https://www.football-univers.com/product-category/france-ligue-1/marseille/,ECOMMERCE
6062,https://www.ford.com/product/overhead-console-p4000192270,ECOMMERCE
6063,https://www.foresthilloptical.ca/product-category/akoni/optical-akoni/,ECOMMERCE
6064,https://www.foreverfriendsonline.com/details.aspx?pid=10897,ECOMMERCE
6065,https://www.foriflower.com/products/christmas-2025-11,ECOMMERCE
6068,https://www.fortbendisd.com/Page/168811,EDUCATION
6070,https://www.forumwizard.net/ea-unveils-the-urbz-soundtrack-details-2/,NEWS
6071,https://www.foryourparty.com/product/delicate-ampersand-names-napkin?v=17634,ECOMMERCE
6072,https://www.fox32chicago.com/video/983623,NEWS
6073,https://www.fox5atlanta.com/news/man-shoots-boss-commits-suicide-inside-dallas-office-building,NEWS
6074,https://www.fox5dc.com/news/student-attacked-during-trump-protest-superintendent-warns-of-disciplinary-action-over-walkouts,NEWS
6075,https://www.fox5ny.com/news/pilot-injured-after-helicopter-crashes-at-nj-airport,NEWS
6076,https://www.francobrit.com/amis-nature.html,OTHER
6077,https://www.franklinmatters.org/search/label/Medway,OTHER
6079,https://www.franticstamper.com/Prima-Carstock--Road-Trip_p_33847.html,ECOMMERCE
6081,https://www.freebookshub.co.uk/tag/jonas/,OTHER
6082,https://www.freedom-ordnance.com/product-page/can-mete-mc9ls-9mm-17rd-fde,ECOMMERCE
6083,https://www.freeinfosearchonline.com/detail/8374614/get-investment-portfolio-advisor-in-scottsdale-az-from-iq-wealth-management.html,OTHER
6086,https://www.freemalaysiatoday.com/category/author/arfayunus,NEWS
6087,https://www.freestufffinder.com/anti-gravity-end-table-33-99/,ECOMMERCE
6089,https://www.freewebstore.org/souvenirs-of-le-studio/product/the-door-of-doomv1,ECOMMERCE
6090,https://www.frenchfunerals.com/obituaries/ezekiel-rodriguez,OTHER
6091,https://www.frenchtrotters.fr/en/182-circolo-1901,ECOMMERCE
6092,https://www.freshports.org/net/sakisafecli/,TECHNICAL
6094,https://www.friendmts.com/blog/fifa-world-cup-2022-viewing-party,NEWS
6095,https://www.frixday.com/product-page/i-m-a-product-6,ECOMMERCE
6096,https://www.frontiersin.org/journals/immunology/articles/10.3389/fimmu.2019.02329/full,EDUCATION
6097,https://www.frostcabins.com/listings/418668,OTHER
6098,https://www.frugalmomandwife.com/search/label/fabric,BLOG
6099,https://www.fruitfulyield.com/solaray-qbc-plex-60-capsules.html,ECOMMERCE
6100,https://www.fs.com/qa-list/36065,ECOMMERCE
6101,https://www.fssi-ca.com/4-brand-building-mail-innovations/,EDUCATION
6102,https://www.functionalmasterbatch.com/index.php?route=information/contact,ECOMMERCE
6103,https://www.fundsmanagement.org/2025/05/23/we-pickup-clothes-surpasses-one-million-pounds-of-clothing-diverted-from-landfills-across-chicagoland/,OTHER
6104,https://www.funkytulipboutique.com/willow-polo-rinsed-cobalt.html,ECOMMERCE
6105,https://www.furniturepressreleases.com/article/871977009-xtract-one-selected-to-support-nova-scotia-health-in-creating-safer-environments-for-patients-and-staff,NEWS
6106,https://www.fusion3design.com/project/f410-3d-printed-mounting-bracket-asa/,ECOMMERCE
6107,https://www.futurekit.com/tag/MXA067,ECOMMERCE
6109,https://www.fws.gov/taxonomic-tree/32100,OTHER
6111,https://www.fz-juelich.de/en/jsc/about-us/structure/simulation-and-data-labs/sdl-plasma-physics/computational-plasma-physics/simulation-of-laser-particle-acceleration,EDUCATION
6112,https://www.gadgets360.com/internet/news/google-starts-street-view-data-collection-in-india-226139,ECOMMERCE
6113,https://www.gaea.fr/en/club/news/07-2025,BLOG
6114,https://www.gainexpfitness.com/product-page/gainer-starter-white-tee,ECOMMERCE
6115,https://www.gakken.co.jp/en/service/elementary.html,EDUCATION
6116,https://www.galleryone.com/fineart/BREUP2.html,ECOMMERCE
6117,https://www.galleryone.com/fineart/KUNDO1.html,ECOMMERCE
6118,https://www.gamereq.com/the-telltale-batman-shadows-edition/,BLOG
6119,https://www.games2all.com/Product/38262/yalla-ludo-68500-gold-key-global-gift-card,ECOMMERCE
6120,https://www.gamesbulk.com/2025/08/driftwood-free-download.html,BLOG
6121,https://www.ganeshdiagnostic.com/diphtheria-pertussis-tetanus-antibody-test,ECOMMERCE
6124,https://www.gapminder.org/dollar-street/photographers/konstatins-sigulis,OTHER
6127,https://www.gardeners-club.co.uk/5-ideas-to-create-the-ultimate-summer-garden/,BLOG
6128,https://www.gardeners-club.co.uk/category/garden-shed/,BLOG
6129,https://www.gastonbusiness.com/post/investor-spotlight-ej-s-soul-food-and-vegan-restaurant,NEWS
6130,https://www.gastonbusiness.com/post/small-business-funding-opportunity,OTHER
6131,https://www.gate.com/referral/invite/XlQVXVo_0_103,ECOMMERCE
6132,https://www.gauthmath.com/solution/1986369851414788/Find-the-derivative-for-the-given-function-Write-your-answer-using-positive-and-,ECOMMERCE
6133,https://www.gavalimatrimony.com/united-states-of-america-divorced-matrimony,ECOMMERCE
6134,https://www.gbstone.ca/rustic-red-pine-bag,ECOMMERCE
6135,https://www.gdnonline.com/Details/79340/Al-Khodari-makes-%244m-profit-from-equipment-sale,NEWS
6136,https://www.gdnonline.com/Details/80727,NEWS
6137,https://www.gearzonetactical.com/Spyderco-Delica-4-Stainless-Steel_p_2480.html,ECOMMERCE
6138,https://www.geauxhistory.com/unit-6-cities-and-urban-land-use-patterns-and-processes.html,OTHER
6140,https://www.geekiest.net/post/Nokia-Lumia-930-Available-in-UK,ECOMMERCE
6141,https://www.geekobd.com/dtc-codes/b023a.html,ECOMMERCE
6142,https://www.geelylaunceston.com.au/used-cars/for-sale/jaguar/e-pace/2019/p250-se/x540-my19-awd/3698913/,ECOMMERCE
6143,https://www.geelylaunceston.com.au/used-cars/for-sale/skoda/octavia/2025/rs/nx-my25/3698222/,ECOMMERCE
6144,https://www.gematrix.org/?word=226&page=12,OTHER
6146,https://www.genauturin.com/intervista-francesco-dabbraccio-lorem/unnamed/,BLOG
6147,https://www.genderclimatetracker.org/ndc-tags/wvg,EDUCATION
6149,https://www.geocaching.com/account/signin?ReturnUrl=%2Faccount%2Fmessagecenter%3FrecipientId%3Ddaed1078-65a2-428c-ba86-6038eb1acbe0%26gcCode%3DGC6CHEM&recipientId=daed1078-65a2-428c-ba86-6038eb1acbe0&gcCode=GC6CHEM,OTHER
6150,https://www.georgiaencyclopedia.org/exhibition/food-power-and-politics-the-story-of-school-lunch/wsb-bolton-comments_001/,EDUCATION
6151,https://www.georgikamaliev.com/tag/water-tank-waterproofing/,BLOG
6152,https://www.getmovedtoday.com/commercial-storage/,OTHER
6153,https://www.getmulberry.com/product-warranties/fitness/rebel-sport-cap-barbell-weight-bench,ECOMMERCE
6154,https://www.getonthewater.co.uk/northcore-basic-centre-fin-7.5inch-bas-c2,ECOMMERCE
6156,https://www.getty.edu/vow/AATFullDisplay?find=300026690&logic=AND&note=&page=1&subjectid=300433788,OTHER
6157,https://www.gettyimages.com.au/photos/bobby-hull,NEWS
6158,https://www.ghumarmatrimony.com/andaman-nicobar-software-professional-matrimony/hindi,ECOMMERCE
6159,https://www.gibbonsautos.com.au/cars/new-2026-kia-stonic-k083486,ECOMMERCE
6160,https://www.gilderlehrman.org/?items_per_page=50&sort_by=changed&page=1568,EDUCATION
6163,https://www.giscorps.org/gsp-asogwa/,EDUCATION
6165,https://www.givehigher.com.au/projects/cause/orphans/,OTHER
6167,https://www.glamar.io/solutions/eyebrow-virtual-try-on,OTHER
6168,https://www.glanceeyeweargallery.com/product-page/matsuda-m3142,ECOMMERCE
6169,https://www.glanmore.ca/en/news/warm-up-with-winter-pa-day-activities.aspx,OTHER
6170,https://www.glass-wings.com/event-details/house-party-6th-edition-by-glasswings,OTHER
6171,https://www.glassonweb.com/news/related/186+755+346+758,OTHER
6173,https://www.globalcompliancenews.com/2023/06/23/https-insightplus-bakermckenzie-com-bm-financial-institutions_1-ukraine-nbu-lifts-restrictions-on-cross-border-payments-under-certain-loans-from-foreign-lenders_06212023/,BLOG
6174,https://www.globalequations.com/my-account/?redirect=https://www.globalequations.com/global_region/belgium,EDUCATION
6175,https://www.globalmarketstatistics.com/enquiry/queries/lavender-essential-oil-market-14958,ECOMMERCE
6176,https://www.globalresorthomes.com/properties/9041-dogleg-drive/,OTHER
6177,https://www.gntpremium.com/product-category/eco-product/canvas-bag/,ECOMMERCE
6180,https://www.goaloo.com/football/uefa-champions-league-manchester-city-vs-borussia-dortmund/h2h-2861074,OTHER
6181,https://www.gobeyou.org/blog?tag=stacy+nation,BLOG
6183,https://www.goddesswomenapp.com/blog/woman-and-five-elements/,BLOG
6184,https://www.gog.com/en/game/project_highrise_architects_edition,BLOG
6186,https://www.goldcoastrealty-chicago.com/listing/12292309-1111-east-jefferson-street-3-bloomington-il-61701/,OTHER
6187,https://www.golfdigest.com/courses/fl/kissimmee-bay-country-club-kissimmee-bay,NEWS
6188,https://www.golfguide.com/tag/blue-ridge-mountains/,BLOG
6189,https://www.golfguide.com/tag/crystal-river-florida/,BLOG
6190,https://www.gomailboxes.com/?attachment_id=13325,ECOMMERCE
6191,https://www.gomesagency.com/invest,OTHER
6192,https://www.goodboyglass.com/product-page/rocks-glass-set,ECOMMERCE
6193,https://www.gooddealgps.com/tag/driver-turnover/,OTHER
6194,https://www.goodtherapy.org/therapists/tx/murphy,OTHER
6197,https://www.googlenestcommunity.com/t5/Speakers-and-Displays/Arabic-language/td-p/299691,EDUCATION
6198,https://www.gopbriefingroom.com/index.php?PHPSESSID=ccuupuolm8apde9bkcfpj5glkt&topic=531919.0,FORUM/DISCUSSION
6199,https://www.gopowersports.com/flat-washer-15mm-for-trailmaster/,ECOMMERCE
6200,https://www.gosportheritage.co.uk/activity-boards-media/23-the-royal-flying-corps-content/,OTHER
6203,https://www.govalid.co/terms-of-service/,OTHER
6205,https://www.gowoorkinc.com/book-online,ECOMMERCE
6207,https://www.grasshopper3d.com/profile/GuilhermediAquino,OTHER
6209,https://www.grcsolution.com.au/courses/privacy/,ECOMMERCE
6210,https://www.greekpress.ca/posts/imported-item-60-a,NEWS
6211,https://www.greenapplewellness.com.au/covid-19-news-10/,OTHER
6212,https://www.greenfinder.com.au/Employment/Plastic-Pallet/New-export-plastic-pallets-n3865,ECOMMERCE
6213,https://www.greenlight-creative.com/upcp_product/dc094/,OTHER
6214,https://www.greminders.com/articles/tcpa-sms-reminders/,OTHER
6215,https://www.gridphp.com/support/?user=robby,OTHER
6216,https://www.groffeckenroth.com/obituaries/Elam-A-Shirk?obId=34318301,OTHER
6217,https://www.grosgrainfab.com/2010/05/total-shoe-redo-paint.html?showComment=1272915626965,BLOG
6218,https://www.grosvenorstationerycompany.com/product-tag/neon-pink/,ECOMMERCE
6219,https://www.groupable.com/about-us,OTHER
6220,https://www.groupeonet.com/en/medias/actualites/fabrice-amedeo-sensibilise-les-collaborateurs-donet-a-loccasion-de-la-mise-a-leau-de-son-nouvel-imoca/,OTHER
6221,https://www.growkudos.com/profile/daisong_zhang,EDUCATION
6222,https://www.grundfos.com/in/learn/webinars/all-webinars/Struggling-with-membrane-filtration-challenges-in-water-treatment,EDUCATION
6223,https://www.gruss-software.co.uk/forum/ucp_gruss.php?mode=delete_cookies&sid=343037d60b6f408d52f7aeff831d6710,FORUM/DISCUSSION
6225,https://www.gsi.de/en/work/organisation/wissenschaftliche_gremien/user/user_services/reservation_request_guest-and-steinhouse?C=0&FS=2,EDUCATION
6226,https://www.gsl-energy.com/polaris-solar-photovoltaic-india-s-national-thermal-power-company-develop-photovoltaic-target.html,OTHER
6227,https://www.gsmtransindia.com/routes-directory/Hosur-to-Athani%20(kl),OTHER
6228,https://www.guestreservations.com/greentree-inn-hubei-wuhan-xiangjiang-home-furnishing-store-express-hotel/booking,OTHER
6229,https://www.guestreservations.com/luxury-villa-melody-cocotal-golf-course/booking,OTHER
6230,https://www.guetersloh-marketing.de/en/widerrufsbestimmungen/,OTHER
6231,https://www.guidefitter.com/ggoutfitting,OTHER
6233,https://www.gulabicity.com/product/2333/stunning-bollywood-style-ethnic-earrings-dangler-silver-oxidised-stonework-pakis,ECOMMERCE
6235,https://www.gulf-times.com/article/714836/international/india/india-expands-energy-ties-with-bhutan,BLOG
6236,https://www.gulf-times.com/article/716164/opinion/viewpoint/serf-music-and-its-alternatives,OTHER
6238,https://www.gychevyplattsmouth.com/inventory/new-2025-chevrolet-trailblazer-activ-kl79mssl6sb066099-in-plattsmouth-ne,ECOMMERCE
6239,https://www.gymclothes.com/manufacturer/men/pants/electric-aqua-blue-gym-pants-for-men/,ECOMMERCE
6240,https://www.gymglish.com/pt/conjugacao/ingles/verbo/to_outnumber,OTHER
6241,https://www.gymglish.com/sv/konjugation/engelska/verb/to_blindfold,OTHER
6242,https://www.gzbossin.com/Introduction-to-the-Working-Principle-and-Features-of-UV-Inkjet-Technology-id48452785.html,ECOMMERCE
6243,https://www.habitatdecor.ca/product-page/jasper-2,OTHER
6244,https://www.hailo.de/en/p/platform-stairs-wall-mounted-inclination-45-6068711,ECOMMERCE
6245,https://www.hairpomades.com/pt_PT/faq,OTHER
6247,https://www.halleonard.com/product/230056/traditional-sacred-duets,ECOMMERCE
6248,https://www.hamamatsu.com/jp/en/product/optical-sensors/electron_ion-sensor/mcp.html,EDUCATION
6249,https://www.hamptonhyundai.com/new/Hyundai/2026-Hyundai-Kona-d0c39129ac184dd26bf9b236f2086940.htm,ECOMMERCE
6250,https://www.hamsherinsurance.com/thank-you-download-your-checklist/,OTHER
6251,https://www.happybus.co.uk/falkirk-c-1508-p-22823,BLOG
6252,https://www.happybus.co.uk/hamilton-c-1495-p-22534,BLOG
6253,https://www.harborsteel.com/plasma-cutting/python9/,ECOMMERCE
6254,https://www.hardtogetitems.com/products/loxx-snap-fastener-upper-part-heavy-duty-nickel-closure-9320-n,ECOMMERCE
6255,https://www.harrisfinancialprosperityadvisor.com/profile/gbpgk56206/profile,FORUM/DISCUSSION
6256,https://www.harrogate-news.co.uk/tag/leeds/,BLOG
6257,https://www.haulogerie.com/post/mr-porter-watch-picks-of-the-week-17,OTHER
6259,https://www.hawaiiliving.com/cn/makani-kai-marina-2-puualii-condo-for-sale-201705644,OTHER
6260,https://www.hawksclub.co.uk/events/jenny-edey-dinner/,OTHER
6261,https://www.hawksclub.co.uk/venues/wilderness-gold-club/,OTHER
6262,https://www.hayesmusic.co.uk/ourshop/cat_1006207-Trios.html,ECOMMERCE
6263,https://www.hayfestival.com/p-21339-reiner-de-graaf-in-conversation-with-martha-thorne.aspx,OTHER
6264,https://www.hazelatkinsonjewellery.co.uk/store/p321/Geranium_small_flower_earrings.html,ECOMMERCE
6265,https://www.hbawesternco.com/sponsors/,NEWS
6266,https://www.hbs.edu/faculty/Pages/item.aspx?num=42420,EDUCATION
6268,https://www.hdbnearmrt.com/home/kb/244-hdb-for-sale-near-jw4-nanyang-cresent-mrt,ECOMMERCE
6269,https://www.head-records.com/produit/dirty-three-toward-the-low-sun-vinyl-lp/,ECOMMERCE
6270,https://www.health.gov.au/resources/publications/the-covid-19-vaccines-and-treatments-for-australia-science-and-industry-technical-advisory-group-terms-of-reference?language=ko,EDUCATION
6272,https://www.healtis.com/en/magnetically-induced-torque-in-mri-details-and-assessment-methods/,EDUCATION
6273,https://www.heartofhopecameroon.org/news,NEWS
6274,https://www.hedgerow.co.uk/image/type-general/searchstring-category:ANIMAL/imgid-20574/,ECOMMERCE
6275,https://www.hello-online.org/index.php?app=core&module=search&do=user_activity&search_app=calendar&mid=121024&userMode=all&sid=5f04794e67ac3de2818f1a227d3b1ee0,FORUM/DISCUSSION
6276,https://www.hellobicycle.com/hello-bicycle/service/tune-ups,ECOMMERCE
6278,https://www.henleyglobal.com/publications/global-mobility-report/2024-january/justice-malala,OTHER
6279,https://www.herbconnollychevrolet.com/new/Chevrolet/2024-Chevrolet-Silverado-5500-HD-3063985cac1820fe2a1697e09891601c.htm,TECHNICAL
6280,https://www.herbconnollychevrolet.com/new/Chevrolet/2025-Chevrolet-Express-Cutaway-4500-92a4d102ac1837342a624b57d49019b7.htm,ECOMMERCE
6281,https://www.herdadecalada.com/about-us-style-2/,OTHER
6282,https://www.herinterest.com/tag/fashion-2/page/4/,BLOG
6283,https://www.heyitsfree.net/samplesso-scam-site/,BLOG
6284,https://www.heystaks.com/blog/page/7/?cookies=1,BLOG
6285,https://www.hhhlibrary.org/library-calendar/image-dialog/7623/lc_featured_image,EDUCATION
6286,https://www.hickoryhomeandgarden.com/c/Farm-and-Ranch/Pet-Containment-Fencing-Kits-1,ECOMMERCE
6287,https://www.hifi-amplifiers.com/choseal-hifi-cables-qiuyeyuan-c-66/choseal-lb5108-6n-occ-speaker-cable-24k-goldplated-banana-plug-pair-pri-186.html?reviews_id=1362,ECOMMERCE
6288,https://www.highestbridges.com/wiki/index.php?title=File:272BalingheTowerByFilmer.jpg&action=history,OTHER
6289,https://www.highlandhebrideanimages.com/product-page/bught-park-area-6,ECOMMERCE
6291,https://www.hillclimbfans.com/2020/08/20/71220,OTHER
6292,https://www.hilltopcamper.com/product-forest-river-rv/wildwood-select-travel-trailer/t176bqce,ECOMMERCE
6293,https://www.hiltonmusiccenter.com/shop/Guitars/Electric-Guitars/p/LTD-TE-254-Distressed-3-Tone-Sunburst-Electric-Guitar.htm,ECOMMERCE
6294,https://www.himbuds.com/tag/himachali-talent/,BLOG
6296,https://www.historynet.com/stearmans-biplane-beauties/sterman-4d-1930/,NEWS
6297,https://www.hiwidget.com/,TECHNICAL
6298,https://www.hiyueyue.com/category/travel/,NEWS
6299,https://www.hl.co.uk/shares/shares-search-results/c/caspian-sunrise-plc-ord-1p/director-deals,OTHER
6301,https://www.hngn.com/articles/90197/20150506/josh-lewis-delivers-pizza-after-being-stabbed-robbed-and-carjacked.htm,NEWS
6302,https://www.hoamanagement.com/ask-an-hoa-manager/old-or-new-board-after-improper-hoa-election/,OTHER
6303,https://www.hobbyarenax.com/product/pain-distributor-march-of-the-machine-commander/,ECOMMERCE
6304,https://www.hoeven.senate.gov/news/news-releases/hoeven-helps-introduce-access-to-baby-formula-act,NEWS
6305,https://www.hoffmanfh.com/obituaries/clark-w-ferguson-jr,OTHER
6306,https://www.holiday-weather.com/sardinia/averages/march,BLOG
6307,https://www.holidaygogogo.com/theme/redang-beach-resort-eng/,ECOMMERCE
6308,https://www.holtonframes.com/blog/simon-addyman-featured-in-the-gallery/,BLOG
6309,https://www.homeea.co.uk/blog/simple-diy-projects-to-makeover-your-home/,BLOG
6310,https://www.homesinmesquite.com/homes/413-Mesa-Blvd/Mesquite/NV/89027/162286430/,OTHER
6311,https://www.homesteadlifestyle.com/?_g=3910124,BLOG
6312,https://www.homewerkssa.com/appliances/cooking/ranges/professional-gas-range/bluestar/RNB606GV2L1000,ECOMMERCE
6313,https://www.hondacertified.com/vehicle-details?vin=3CZRZ2H38PM703970,OTHER
6314,https://www.honeyfund.com/wedding/AdamsGilmanwed,OTHER
6315,https://www.honeyfund.com/wedding/OnceUponAleyJean,OTHER
6316,https://www.honeyfund.com/wedding/TheadventuresofBandB,OTHER
6317,https://www.honeyfund.com/wedding/TracyAndThomas,OTHER
6318,https://www.hongdian.com/en/solutions/digital-signage-solution.html,OTHER
6319,https://www.honoluluhydroponic.com/product-page/rapid-rooter-seeding-starter-plugs-root-fast,ECOMMERCE
6320,https://www.honourswriters.com/based-on-information-in-chapter-12/,EDUCATION
6321,https://www.hopegateway.com/commitment,OTHER
6322,https://www.hoperescue.org/post/ep-207-leading-with-respect,BLOG
6323,https://www.horseandtravel.com/states/new_hampshire_summer_camps.html,OTHER
6325,https://www.hotbot.com/articles/category/industry/manufacturing/,EDUCATION
6326,https://www.hotelcasalicesena.com/?lang=en,OTHER
6328,https://www.hotfrog.jp/company/1123258709757952,OTHER
6329,https://www.hotpress.com/music/bill-callahan-announces-new-album-my-days-of-58-and-shares-lead-single-23117422,NEWS
6330,https://www.housebell.com/property/new-sale/114241029941553,OTHER
6331,https://www.howlinbayfield.com/product-list/bikes-1000/mountain-1006/hardtail-1007/?rb_br=174,ECOMMERCE
6332,https://www.howtosingforyourlife.com/trendy_edgy_hairstyles/edgy-undercut-hairstyle-with-tribal-art.html,ECOMMERCE
6333,https://www.hoylandmedical.com.au/brisbane-medical-supplies/disciplines/day-surgery-medical-supplies/single-foot-pedal-control-kom/,ECOMMERCE
6334,https://www.hpmhobbies.com/sitemap/categories,ECOMMERCE
6335,https://www.hrenko.com/article/5-spring-home-maintenance-tips/,OTHER
6336,https://www.huberadvancedmaterials.com/about-us/locations/breitenau-austria,OTHER
6337,https://www.huberadvancedmaterials.com/productfinder?tx_solr%5Bfilter%5D%5B0%5D=functionality%3A%2FFilter+by+functionality%2FOther+functionalities%2F&tx_solr%5Bfilter%5D%5B1%5D=functionality%3A%2FFilter+by+functionality%2FOther+functionalities%2FLow+Viscosity+Aid%2F&tx_solr%5Bfilter%5D%5B2%5D=market%3A%2FFilter+by+market+and+by+application%2FThermosets%2FResin+Infusion%2F&tx_solr%5Bfilter%5D%5B3%5D=market%3A%2FFilter+by+market+and+by+application%2FThermosets%2FSMC%26sol%3BBMC%2F,OTHER
6338,https://www.huelish.com/store/p168/Grayscale_FARM_ANIMALS_Coloring_Pack%3A_5_PAGES.html,ECOMMERCE
6339,https://www.humancondition.com/transform-your-life-audio/,BLOG
6340,https://www.hushnight.net/events/tags/transgender,BLOG
6341,https://www.hyadesstore.com/en-us/collections/vendors?constraint=orthodontics&page=2&q=HYADES&view=view-48&grid_list,ECOMMERCE
6343,https://www.i10dodge.com/inventory/new/2024/RAM/,ECOMMERCE
6344,https://www.iadb.org/en/project/BR-T1310,EDUCATION
6345,https://www.iamministriesph.com/event-details/easter-warm-up-sermon,OTHER
6349,https://www.iccsafe.org/news-and-events-calendar/2023-07-26/,EDUCATION
6350,https://www.icgfp.com.au/insights/boosting-confidence-in-retirement,EDUCATION
6352,https://www.icionline.com/cci,ECOMMERCE
6353,https://www.icolorprint.com/store/Heat-Transfer-Media/IColor-Presto-Ultra-Bright-2-Step-Gold-Metallic-Transfer-And-Adhesive-Paper-Kit-A3-117-in-x-165-in,ECOMMERCE
6355,https://www.icpcredit.com/Report/ReportRequest?companyID=471842,ECOMMERCE
6356,https://www.identifyepi.com/hcp/digestive-pancreatic-enzymes,OTHER
6357,https://www.iditarod-race.de/tag/iditarod-39/,OTHER
6359,https://www.idsecurityonline.com/blog/id-card-systems-reduce-school-clutter.htm,ECOMMERCE
6360,https://www.iedm.org/57500-iedm-remuneration-des-pdg-michel-kelly-gagnon/,OTHER
6362,https://www.ieyenews.com/caybrew-strengthens-commitment-to-sustainability/,NEWS
6363,https://www.ifbdglobal.org/,EDUCATION
6364,https://www.ifpapinball.com/players/?p=83335,OTHER
6365,https://www.ifyoucangivegoodhead.org/p/2025006,BLOG
6366,https://www.ig.com/en-ch/ig-academy/the-basics-of-technical-analysis/using-moving-averages,EDUCATION
6367,https://www.ig.com/uk/commodities/markets-commodities/us-dollar-basket?source=dailyfx,OTHER
6368,https://www.ig.com/za/news-and-trade-ideas/eur-usd--gbp-usd--and-aud-usd-start-to-turn-upwards-after-friday-210927,ECOMMERCE
6369,https://www.igameszone.org/2017/07/25/albion-online-be-a-warrior-or-a-farmer/,BLOG
6370,https://www.igastoresbc.com/sm/pickup/rsid/070/product/brew-dr-organic-kombucha-clear-mind-414ml-id-00085110700300,ECOMMERCE
6371,https://www.ihs.gov/dentalcde/index.cfm?fuseaction=course.display&year=2017&cat=all&sort=title&order=asc&c=2776,EDUCATION
6373,https://www.ijcmas.com/abstractview.php?ID=16779&vol=9-4-2020&SNo=116,EDUCATION
6376,https://www.ikea.com/us/en/p/upplaga-teapot-white-80560295/,ECOMMERCE
6377,https://www.ila.uni-stuttgart.de/en/institute/team/Varchev/,EDUCATION
6378,https://www.ilga.gov/Legislation/publicacts/view/096-0750,GOVERNMENT
6379,https://www.iloveleroyny.com/product-category/all-products/?product_orderby=default&product_view=list&product_count=24&product_order=desc,ECOMMERCE
6380,https://www.ilpi.com/dchas/2006/20061007a.html,EDUCATION
6381,https://www.imaccn.com/357.html,OTHER
6383,https://www.imingo.net/en/virtual-server-vps-distributions.html,OTHER
6384,https://www.imkpoper.com/jin07,OTHER
6385,https://www.imminginsurance.com/request-a-quote,OTHER
6386,https://www.imo-official.org/team_r.aspx?code=UNK&year=1982&column=p1&order=desc&gender=filter,OTHER
6387,https://www.impact360institute.org/articles/people/stephen-mitchell-2/,EDUCATION
6388,https://www.impactce.com/courses/100837/addressing-student-problem-behaviors-an-iep-teams-introduction?brand_id=2,EDUCATION
6389,https://www.impactcomponents.com/lcd-open-frame-1/,OTHER
6390,https://www.impellam.com/insights/chicago-pride-fest-2023,OTHER
6391,https://www.importcarparts.co.uk/product/subaru-timing-belt-kit-with-billet-camshaft-pulleys-single-avcs/,ECOMMERCE
6392,https://www.imveurope.com/press-releases/eyescan-lz-3d-sensor,EDUCATION
6393,https://www.in2013dollars.com/us/inflation/1986?amount=54,OTHER
6394,https://www.inbornroto.com/Outdoor-Beverage-Dispenser-Rotational-Mold-pd539774058.html,ECOMMERCE
6397,https://www.indexmundi.com/agriculture/?country=gr&commodity=tangerines&graph=total-supply,ECOMMERCE
6398,https://www.indiainteracts.com/fun-fighters-download-where-to-get-the-game-and-start-playing-now/,NEWS
6399,https://www.indiamart.com/efpiamedicine/pharmaceutical-injection.html,ECOMMERCE
6401,https://www.indiangaming.com/navajo-nation-president-nez-addresses-state-leaders-at-nm-state-tribal-leaders-summit/,NEWS
6402,https://www.indianlife.com/roti-wraps,ECOMMERCE
6403,https://www.indianrivertradingmuskoka.ca/product/multi-rider-tow-rope/,ECOMMERCE
6404,https://www.indianweddingsaree.com/product/109690.html,ECOMMERCE
6405,https://www.indiaspend.com/top-10-new-schemes-explained-79456,OTHER
6407,https://www.indiawilds.com/forums/forumdisplay.php?17-Reptiles-Amphibians-amp-Fish&s=793239cdd613e02de906d1d49a3094e9,FORUM/DISCUSSION
6409,https://www.indies.com.au/fiction/the-death-of-dora-black-a-petticoat-police-mystery,ECOMMERCE
6410,https://www.industrialsolutionsnetwork.com/tristatezelienople/training,OTHER
6411,https://www.industrialwaterequipment.co.uk/shop/brass-solenoid-valves/brass-solenoid-valve-14-normally-open-12v/,ECOMMERCE
6412,https://www.infinitidowntown.ca/inventory/2025-infiniti-qx50-sport-NSPTMDl4QzehtjXqokOY1Avdp/,ECOMMERCE
6413,https://www.inforox.com/app-developers-birmingham-node-js-use-cases-in-app-development/,EDUCATION
6416,https://www.inquirer.com/opinion/commentary/voter-suppression-elections-20210917.html,NEWS
6417,https://www.inspiredhomedesign.com/img_2711/,OTHER
6418,https://www.institutional.blockstories.io/p/exclusive-the-boerse-stuttgart-groups-digital-strategy,OTHER
6419,https://www.instructables.com/Build-a-Woodworkers-Toolbox/,OTHER
6420,https://www.intel.com/content/www/us/en/docs/programmable/683273/21-3-19-4-0/hdcp-over-displayport-design-example.html,OTHER
6421,https://www.inteqgroup.com/misconceptions-of-censuring-current-state,EDUCATION
6422,https://www.interaction-design.org/literature/conference/mensch-and-computer-2003,EDUCATION
6424,https://www.interioressentialsllc.com/service-page/live-q-a-session,OTHER
6425,https://www.interiorsbycolor.com/category/style/masculine/page/2/,ECOMMERCE
6426,https://www.internetnews.com/storage/veritas-acquires-austin-software-firm/,NEWS
6427,https://www.interpals.net/Erik_19?_cs=11,FORUM/DISCUSSION
6428,https://www.interpatagonia.com/trevelin/cabanas-natanael_i.html,OTHER
6429,https://www.intersystems.com/resources/ensuring-provider-data-isnt-the-source-of-surprises/,EDUCATION
6430,https://www.investium-group.com/verticals,OTHER
6431,https://www.inyourhomefurnishings.com/bedroom/bedroom-furniture/bedroom-groupsets/ashley-furniture/PKG016200,ECOMMERCE
6432,https://www.ioba.org/post/yard-sale-tales,ECOMMERCE
6433,https://www.ionicbalancer.com/2012/08/08/restoring-cast-iron/,ECOMMERCE
6434,https://www.iopredict.com/,TECHNICAL
6435,https://www.ip2location.com/as14404,ECOMMERCE
6436,https://www.ipi-singapore.org/enquiry?type=to&tech_id=201634,TECHNICAL
6437,https://www.iprint360.com/resources/news-archive-2.html/article/2020/10/19/how-to-create-an-effective-email-marketing-campaign,ECOMMERCE
6438,https://www.ire.org/product/story-22652/,OTHER
6439,https://www.irish-boxing.com/ill-beat-him-in-front-of-my-fans-in-nottingham-conlan-predicts-irish-take-over/,NEWS
6441,https://www.ironmongeryforyou.co.uk/door-hardware/sliding-door-gear?filter=t15-595.596,ECOMMERCE
6442,https://www.irontyrant.net/books-fanzines/178-choosing-death-by-albert-mudrian-book.html,ECOMMERCE
6444,https://www.isportconnect.com/tag/sponix-tech/,NEWS
6445,https://www.israelnationalnews.com/news/205061,NEWS
6446,https://www.israelnationalnews.com/news/284956,NEWS
6447,https://www.israelunwired.com/this-trump-parody-will-have-you-on-the-floor-laughing/,NEWS
6448,https://www.it-soft.com/en/privacy.html,OTHER
6450,https://www.itechpost.com/articles/10434/20130613/sony-vaio-fit-15-touch-review-round-laptop-neat-design.htm,ECOMMERCE
6451,https://www.itraveljerusalem.com/lobby/ein-karem,NEWS
6452,https://www.itsu.com/hot-salad-healthy-box-salmon-141125/,ECOMMERCE
6453,https://www.itvending.net/waterimg-3/,OTHER
6454,https://www.iubenda.com/privacy-policy/73137958/cookie-policy,OTHER
6455,https://www.iup.edu/news-events/news/2011/10/speaker-to-discuss-uranium-mining-on-navajo-lands.html,EDUCATION
6458,https://www.ivorycoastimmigration.org/faq/is-there-a-departure-tax-or-fee-when-leaving-ivory-coast,ECOMMERCE
6459,https://www.ivybridge-today.co.uk/news/devon-and-cornwall-young-farmers-to-compete-in-inaugural-mens-rugby-tamar-cup-735033,NEWS
6460,https://www.iwcc.edu/event/womens-bowling-bronco-open-6/,EDUCATION
6461,https://www.ixambee.com/questions/reasoning-aptitude/previous-year-papers/485351,EDUCATION
6463,https://www.jabra.com/supportpages/jabra-evolve2-85/28599-989-889/video/keep-your-jabra-headset-working,ECOMMERCE
6465,https://www.jackjones.com/en-es/product/12228724_1318_1012954/slim-fit-normal-rise-tailored-trousers,ECOMMERCE
6466,https://www.jacob-formschaum.de/unternehmen/ueber-uns/?lang=en,ECOMMERCE
6468,https://www.jacquelinesfinejewelry.com/jewelry-details/wedding-bands/the-prince/201813,ECOMMERCE
6469,https://www.jagello.org/en/cookies/,BLOG
6471,https://www.jamesriverhumanesociety.org/forum/stand-out-from-the-crowd/transmision-en-vivo-ver-platense-vs-godoy-cruz-en-vivo-transmision-hoy-platense-godoy-cruz-en-vivo-godoy-cruz-vs-zhong-guo-min-zhu-dang-1-abri,OTHER
6472,https://www.jamiemaybon.com/property/221-wood-road-snowmass-village-co-81615/70897512/,ECOMMERCE
6473,https://www.jamnagarupdates.com/abortion-killing-a-daughter-before-she-grows-up-in-20000-racket-exposed-in-rajkot/,BLOG
6474,https://www.jamnagarupdates.com/kalavad-woman-who-cleaned-her-hands-at-jewelers-her-son-and-daughter-in-law-also-involved/,NEWS
6475,https://www.jandedirect.com/classic-danish-pillars-2-75-x-5-case-pack-8/,ECOMMERCE
6476,https://www.janniezhou.com/room-26,OTHER
6478,https://www.japanesepaintingsandprints.co.uk/no-25-from-the-series-modern-illustrations-of-the-account-of-the-eight-phases-of-shaka/,ECOMMERCE
6479,https://www.jasca2021.jp/members/global-water-japan/,EDUCATION
6480,https://www.javapublishing.com/contents/sv/p252_Michel-Magnien-Cote-de-Nuits-Villages.html,OTHER
6482,https://www.jaynerylon.com/2012/12/,BLOG
6483,https://www.jazzmonthlypackage.com/jazz-just-4-you-bundles-best-3-offers/,ECOMMERCE
6484,https://www.jbfurniture.co.uk/blog/tag/bar-bistro-sets-175.html,OTHER
6486,https://www.jdpp.org/making-memory-marjorie-agosin/,BLOG
6487,https://www.jeepstrokers.com/forum/viewforum.php?f=8&sid=1402de0c59197af569cfdd33b3a3eec3,FORUM/DISCUSSION
6488,https://www.jenniferewing.com/contact,ECOMMERCE
6489,https://www.jennison.com/dk/en/institutional/equity/thematic-equity/global-infrastructure,EDUCATION
6493,https://www.jesselgallery.com/store/p1631/West_County_Pair%2C_Terry_Sauv%C3%A9_%28SOLD%29.html,ECOMMERCE
6494,https://www.jetsconfidential.com/news/tag/hamstring/,ECOMMERCE
6495,https://www.jewel-square.com/product-page/blue-sapphire-evil-eye-pendant-in-solid-14k-yellow-gold-1,ECOMMERCE
6496,https://www.jewishmacon.org/news/fedworld-news/mitigating-challenges-in-multigenerational-giving-269846,NEWS
6497,https://www.jhpcreators.com/silicone-rubber-label-manufacturers.html,ECOMMERCE
6498,https://www.jibonpata.com/ShorabBabar,FORUM/DISCUSSION
6499,https://www.jibonpata.com/jurail11,FORUM/DISCUSSION
6500,https://www.jiulongpharmaceutical.com/products/antibiotic-enrofloxacin-5-injection-veterinary-poultry-medicine/,ECOMMERCE
6501,https://www.jjohoboutique.com/denim,ECOMMERCE
6502,https://www.jkcedesigns.com/listing/1114564188/faith-gift-saint-jude-clip-on-charm-jude,ECOMMERCE
6503,https://www.jmbrassillgroup.com/category/form-5500/,OTHER
6504,https://www.jmc-legal.com/job/residential-property-solicitor--licenced-conveyancer-17403/,OTHER
6505,https://www.joannwadge.com/pit-and-saggar-firing,ECOMMERCE
6506,https://www.jobbank.gc.ca/marketreport/jobs/5263/ON;jsessionid=827BBDCFCD15A388A110D093294C746D.jobsearch77,OTHER
6508,https://www.jobisgood.com/job/yopa-yopa-local-agent-territory-manager/,OTHER
6509,https://www.jobsineachstate.com/category/franchise/montana/,TECHNICAL
6510,https://www.jodieflavellart.com/product-page/art-deco-1930s-ronson-diana-table-lighter-silver-tone-sparks-233g,ECOMMERCE
6511,https://www.jodohost.com/a/linux-hosting-provider.asp,TECHNICAL
6512,https://www.jodounis.com/texturedart,ECOMMERCE
6513,https://www.johnbergerhome.com/1964/01/01/corkers-freedom/,OTHER
6514,https://www.johnbergerhome.com/1967/01/01/a-fortunate-man/,EDUCATION
6516,https://www.johnsonltd.co.uk/news/2009/beat-bills-eco-heat/,OTHER
6517,https://www.joinwellspan.org/jobs/Respiratory_Therapist_-_Respiratory_Therapy_-_Day_Evening_Night/106/388469/,OTHER
6518,https://www.jones-massey.com/index.php/en/ebooks-and-audiobooks-downloads/action-and-adventure-ebooks/tarzan-series-ebooks/2811-tarzan-and-the-jewels-of-opar-by-edgar-rice-burroughs-ebook,EDUCATION
6519,https://www.josesbluesombrero.com/Reviews/LawrenceSSuperNice,ECOMMERCE
6520,https://www.joshuahammerman.com/2016/06/shabbat-o-gram-june-24-looking-back.html,BLOG
6521,https://www.jove.com/ja/v/4248/rapid-isolation-viable-circulating-tumor-cells-from-patient-blood,EDUCATION
6523,https://www.jpost.com/blogs/classroom-battlegrounds/time-to-banish-the-a-word-365920,NEWS
6524,https://www.jposter.net/posters/actors-oeuvre.asp?d=Onn-chan,ECOMMERCE
6525,https://www.jqwidgets.com/community/users/jj88black/,OTHER
6526,https://www.jschreckerjewelry.com/jewelry-details/jewelry-boxes--organizers/evie-small-spruce-silk-velvet-zipper-pouch-52-by-35-inches/27763,ECOMMERCE
6528,https://www.jtgtravel.com/europe/greece/best-beach-bars-in-milos/,ECOMMERCE
6531,https://www.judybriglio.ca/about-judy,OTHER
6532,https://www.juliestarrrealtor.com/listing/73425586/158-brattle-street-cambridge-ma-02138/,ECOMMERCE
6534,https://www.juniper.net/documentation/us/en/software/paragon-automation23.2/paragon-automation-user-guide/topics/task/pf-edit-node.html,OTHER
6535,https://www.just-passing-thru.com/2012/06/,BLOG
6536,https://www.justesenranches.com/forum/bait-discussion/pinnacle-studio-16-ultimate-16-0-0-75-crack-download,TECHNICAL
6537,https://www.justhookem.com/product/just-hook-em-sailfish-bucket,ECOMMERCE
6538,https://www.k-state.edu/first/book/past/ready/2013.html,EDUCATION
6539,https://www.k5learning.com/free-math-worksheets/fifth-grade-5/geometry/function-tables-coordinate-plane,ECOMMERCE
6540,https://www.kadavapatelmatrimony.com/united-arab-emirates-widow-widower-matrimony/bihari,ECOMMERCE
6541,https://www.kairalynews.com/news/49747/ettumanoor-mahadeva-temple-advisory-committee-elections-held,BLOG
6543,https://www.kaneindustries.co/product-page/95009,ECOMMERCE
6544,https://www.karlchevrolet.com/new/Chevrolet/2026-Chevrolet-Silverado-1500-a1873320ac1851fd6fc6447a6d19b044.htm,ECOMMERCE
6545,https://www.karlchevrolet.com/new/Chevrolet/2026-Chevrolet-Silverado-1500-c5a8c4bcac180c4ef1f8d82931568a81.htm,ECOMMERCE
6546,https://www.karmanow.com/shop/jw-pei-uk/jw-pei/addisyn-shoulder-bag---black/93418643,ECOMMERCE
6547,https://www.karndean.com/en-au/floors/products/light-spotted-gum-rkp8239/,ECOMMERCE
6548,https://www.karrotmarket.com/ca/buy-sell/air-fryer-nobvwxvikykr/,OTHER
6549,https://www.kashyapshaadi.net/matrimony/hindi-singapore-grooms,OTHER
6551,https://www.kavak.com/ae/cars-for-sale/lexus-rx_350-premier-suv-2019,ECOMMERCE
6552,https://www.kbb.com/freightliner/service-centers/fredericksburg-va/?zip=22401,ECOMMERCE
6553,https://www.keencomputer.com/project-portfolio/68-wordpress-business-websites,OTHER
6554,https://www.kegelsbikes.com/product/cane-creek-eewings-all-road-titanium-crankset-402846-1.htm,ECOMMERCE
6556,https://www.kelsye.com/author/kelsye/page/27/,BLOG
6557,https://www.kendallgivesback.com/alaska/wasilla/page/2/,OTHER
6559,https://www.kennametal.com/in/en/products/metalworking-tools/turning/od-and-id-turning/internal-machining.html,ECOMMERCE
6560,https://www.kennedyaba.com/our-service/clinical-interview/,OTHER
6561,https://www.kennedylayne.com/der-kreischende-geist-versteht-den-fluch.html,OTHER
6562,https://www.kennesawcutlery.com/Kissing-Crane-Pearl-Pocket-Farmer-Folding-Knife-15180/15180.html,ECOMMERCE
6563,https://www.kensingtoncontractors.com/learning-center/,OTHER
6565,https://www.kenyacic.org/women-at-the-forefront-of-a-sustainable-future/,BLOG
6567,https://www.keralalives.net/2023/09/actress-nikki-tamboli-glam-photo-gallery.html,NEWS
6568,https://www.kerrybarrett.com/2023/11/09/the-value-of-video-to-boost-your-credibility/,BLOG
6569,https://www.ketubanjiwa.com/2017/11/fifa-18-squad-update-database-24-11-2017.html?replytocom=23260,BLOG
6570,"https://www.keycollectorcomics.com/issue/dc-ko-1-1,876362/",NEWS
6571,https://www.kgal.de/en/kgal-acquires-striking-konigstor-residential-quarter-in-regensburg/,OTHER
6572,https://www.kiaofbrockville.com/new/inventory/2025-Kia-K4-id13102537.html,ECOMMERCE
6573,https://www.kidpaw.net/names/religion/hindu/girl/kha,OTHER
6574,https://www.kidpid.com/dino-math-single-digit-addition-worksheets-for-kids/,ECOMMERCE
6576,https://www.kielinstitut.de/publications/market-concentration-and-business-survival-in-static-v-dynamic-industries-10128,EDUCATION
6577,https://www.kingchurchmotors.com.au/warranty/,ECOMMERCE
6578,https://www.kings-group.net/property-details/33897356/greater-london/london/deauville-close,OTHER
6579,https://www.kingsoopers.com/p/simple-truth-organic-white-cheddar-popcorn/0001111012305?fulfillment=PICKUP,ECOMMERCE
6582,https://www.kirva.org/programming,EDUCATION
6583,https://www.kitchenherald.com/agtech-pandawa-agri-to-accelerate-sustainable-agriculture-in-indonesia/,NEWS
6584,https://www.kitco.com/markets/stocks/MILSEDEX%3AUG4FJY,NEWS
6585,https://www.kitp.ucsb.edu/visitors/before-your-visit/long-term-lodging-17-days/lodging-types?qt-lodging_types=6&qt-university_housing=1&qt-hotels=2&qt-kitp_residence=0&qt-residence_stay=0,OTHER
6586,https://www.kivitv.com/news/a-portion-of-sh-21-has-closed-due-to-major-avalanche-risk,NEWS
6588,https://www.kleinpeter-vet.com/site/large-dog-wellness-plan-baton-rouge,OTHER
6591,https://www.knkx.org/2024-02-08/the-super-bowl-halftime-show-gives-us-a-front-row-view-of-the-las-vegas-renaissance,NEWS
6592,https://www.knoll.com/cs/Satellite?c=Page&cid=1406144965716&d=Touch&pagename=KnollEurope%2FPage%2FLayout,OTHER
6593,https://www.knowledgetrail.com/map-locations/?tag=mountain,OTHER
6594,https://www.kohler.com/en/products/vanities/shop-vanities/jute-48-wall-hung-bathroom-vanity-cabinet-99544?skuId=99544-1WA,ECOMMERCE
6595,https://www.kongregate.com/en/games/LunaSolarys/protopilot/tags?show_hidden=true,BLOG
6596,https://www.konsolenkost.de/ps3-controller-pad-wireless-sc-1-sports-gioteck-mit-ovp-gebraucht_1030202_28645/,ECOMMERCE
6597,https://www.koolreport.com/examples/reports/chartjs/Scale_Options_Non_Numeric_Y_Axis/,ECOMMERCE
6598,https://www.kormanlederer.com/listing/sublist/83/warehouse-for-rent-elmhurst-illinois-650-grand-avenue,OTHER
6599,https://www.kosenvalve.com/astm-a351-cf8m-knife-gate-valves-dn400-pn10-bidirectional.html,ECOMMERCE
6600,https://www.kosenvalve.com/tags/dn50-globe-valve.html,ECOMMERCE
6604,https://www.kreativesalonsupplies.com/shop/leader-spada-taglio-scissors-8800,ECOMMERCE
6605,https://www.ks.uiuc.edu/Research/namd/mailing_list/namd-l.2009-2010/1700.html,OTHER
6607,https://www.ktvu.com/video/1621852,NEWS
6608,https://www.ktvu.com/video/547436,NEWS
6611,https://www.kunesbuickgmcofstoughton.com/used/Chevrolet/2017-Chevrolet-Silverado-1500-63b12c21ac180a56b419c4b62b149823.htm,ECOMMERCE
6612,https://www.kvikcleaning.com/commercial-cleaning?lang=ru,ECOMMERCE
6613,https://www.kwcoachellavalley.com/homes/74915-San-Ysidro-Circle/Palm-Desert/CA/92260/159811236/,OTHER
6614,https://www.kwitizina.org/news/22-baby-gorillas-to-be-named/,BLOG
6616,https://www.l8systems.com/cloud-services.html,OTHER
6617,https://www.labmanager.com/organization/american-phytopathological-society,NEWS
6618,https://www.labocine.com/films/the-offering,ECOMMERCE
6619,https://www.labtestpk.com/tag/dna-or-rna/,BLOG
6620,https://www.labuvette-waterers.co.uk/contacts/?sku=D188,ECOMMERCE
6623,https://www.lafontainemazdalivonia.com/viewdetails/used/jtebu5jr8k5712393/2019-toyota-4runner-sport-utility,ECOMMERCE
6624,https://www.lagrange.edu/Calendar/2025/12/Mens%20Basketball%20vs%20Truett%20McConnell1.html,BLOG
6625,https://www.lakealfreddancecenter.com/event-details/haines-city-childrens-literacy-festival,OTHER
6626,https://www.lakelandcollege.ca/programs-and-courses/human-services/academic-advisor.html,EDUCATION
6627,https://www.lakesidecc.org/general-9,OTHER
6628,https://www.lambdatest.com/automation-testing-advisor/csharp/methods/FlaUI.Core.Logging.EventLogger.GatedTrace,TECHNICAL
6629,https://www.lampemesteren.com/p/cable-for-caravaggio-6m-white-fritz-hansen-70004962.html,ECOMMERCE
6630,https://www.lancasterstem.org/past-grant-successes/,EDUCATION
6632,https://www.landusedevelopments.com/2021/05/landowner-prevails-in-short-term-vacation-rental-lawsuit-against-santa-barbara/,BLOG
6633,https://www.langenfeld.com/event/grainger-national-sales-meeting-2025/,OTHER
6634,https://www.languagecomparison.com/en/hindi-greetings-vs-arabic-greetings/comparison-14-15-5,OTHER
6635,https://www.lankford.senate.gov/news/press-releases/senator-lankford-federal-regulatory-enforcement-must-be-balanced/,NEWS
6637,https://www.latinainstitute.org/demo-page/?home,OTHER
6638,https://www.lattanziokibs.com/en/projects/communication_strategy_valle_daosta.html,EDUCATION
6639,https://www.lawbc.com/tag/of/page/13/?posts_per_page=10,EDUCATION
6640,https://www.lawcareers.net/Solicitors/SolicitorPracticeAreas/Housinglandlord-tenant,NEWS
6641,https://www.lawfulpath.com/forum/search.php?search_id=active_topics&sid=1f19e1f8366620fdb7ecccea5ac8289d,FORUM/DISCUSSION
6644,https://www.lawscot.org.uk/members/journal/issues/vol-58-issue-10/room-at-the-top/,NEWS
6646,https://www.ldmicro.com/profile/amst/historical-data,OTHER
6647,https://www.leahomeplans.com/the-harrison-4-655-sf,OTHER
6649,https://www.leathergallerysarasota.com/mattresses/mattress/tight-top/tight-top/sealy/53243651,ECOMMERCE
6650,https://www.leavingnigeria.com/featured/5130/study-medicine-in-the-uk-at-st-marys-university-in-2026/,EDUCATION
6651,https://www.lefloch-drouot.fr/en/lot/161624/29107744-white-marble-and-bronze-chased-gilded-and-patinated-date,ECOMMERCE
6653,https://www.leggeri.net/index.php/en/progettazione-2/,OTHER
6654,https://www.legislation.gov.uk/uksi/2022/203/part/3/made,ECOMMERCE
6655,https://www.lehman.cuny.edu/news/2025/Lehman-College-Stakes-Its-Claim-as-AI-and-Crypto-Leader-in-The-Bronx-.php,EDUCATION
6657,https://www.leiserfurniture.com/products/surya/cv0852222.html,ECOMMERCE
6658,https://www.leishnet.net/shop/eletro3ks243-tube-for-gel-dryer-pump-1-meter-78823,ECOMMERCE
6660,https://www.lessardgm.com/new/compare/2025-Chevrolet-Corvette-1LT-vs-2026-Chevrolet-Equinox_EV-RS.html,ECOMMERCE
6661,https://www.letsmama.com/author/carolyn/,BLOG
6662,https://www.letstalkgroup.com/pt/datebrowser/ERS.1.009/2025-04-19,NEWS
6663,https://www.letterbox.net.au/writings/einsteins-turning-tricks/,OTHER
6664,https://www.level777.org/category/cricket/,BLOG
6665,https://www.leviahub.com/en/products/whistleblowing,OTHER
6666,https://www.lexandlu.com/lex-lu-14k-yellow-gold-w-sterling-silver-pink-green-lemon-quartz-bracelet/,ECOMMERCE
6667,https://www.lexprint.co.uk/blank_product/283973011/Craghoppers-Expert-Kiwi-Pro-Stretch-Long-Jacket,ECOMMERCE
6668,https://www.lexprint.co.uk/blank_product/283981256/Castleford-hybrid-workwear-jacket,ECOMMERCE
6670,https://www.lib.ncsu.edu/findingaids/search?filters%5Bagents%5D%5B%5D=North+Carolina+State+University+--+History&filters%5Bagents%5D%5B%5D=North+Carolina+State+College&filters%5Binclusive_years%5D%5B%5D=1950-1959&filters%5Binclusive_years%5D%5B%5D=1990-1999&filters%5Binclusive_years%5D%5B%5D=1970-1979&filters%5Binclusive_years%5D%5B%5D=2010-2019&filters%5Bncsu_subjects%5D%5B%5D=North+Carolina+State+University+--+Administration&filters%5Bncsu_subjects%5D%5B%5D=North+Carolina+State+University.+Institute+of+Statistics&filters%5Bncsu_subjects%5D%5B%5D=North+Carolina+State+University.+Department+of+Mathematics&filters%5Bncsu_subjects%5D%5B%5D=North+Carolina+State+College.+Department+of+Experimental+Statistics&filters%5Bncsu_subjects%5D%5B%5D=North+Carolina+State+University+--+History&filters%5Bncsu_subjects%5D%5B%5D=North+Carolina+State+University.+College+of+Physical+and+Mathematical+Sciences&filters%5Bresource_category%5D=ua,EDUCATION
6671,https://www.librairie-sana.com/en/the-4-legal-schools/4051-the-rules-of-takfir-of-a-specific-individual-9782350060156.html,ECOMMERCE
6673,https://www.library.wisc.edu/ask/email/?rfr_url=https%3A%2F%2Fwww.library.wisc.edu%2Fask%2Femail%2F%3Frfr_url%3Dhttps%253A%252F%252Fwww.library.wisc.edu%252Fask%252Femail%252F%253Frfr_url%253Dhttps%25253A%25252F%25252Faccount.library.wisc.edu%25252F%25253Freturn%25253Dhttps%2525253A%2525252F%2525252Fsearch.library.wisc.edu%2525252Fsearch%2525252Fdigital%2525253Ffilter%252525255Bfacets%252525255D%252525255Bcollections_facet~Lillian%2525252BTrager%2525252BPapers%252525255D%2525253Dyes%25252526filter%252525255Bfacets%252525255D%252525255Bnames_facet~Ammann%252525252C%2525252BRichard%252525255D%2525253Dyes%25252526filter%252525255Bfacets%252525255D%252525255Bnames_facet~Trager%252525252C%2525252BLillian%252525252C%2525252B1947-2006%252525255D%2525253Dyes%25252526filter%252525255Bfacets%252525255D%252525255Btopics_facet~Business%2525252BEnterprises%252525255D%2525253Dyes%25252526filter%252525255Bfacets%252525255D%252525255Btopics_facet~Meetings%252525255D%2525253Dyes%25252526q%2525253DLillian%2525252BTrager%2525252BPapers%2525252Bat%2525252BUW-Parkside%25252526sort%2525253Dtitle%25252526view%2525253Dsingle,EDUCATION
6674,https://www.lifeasatrucker.com/1996-internation-conventional-eagle.html,BLOG
6675,https://www.lifepharmacy.com/sa-ar/brand/freestyle,ECOMMERCE
6677,https://www.lightculture.com.au/products/boom-wall-luminaire-5/,ECOMMERCE
6678,https://www.limaeasy.com/peru-guide/emergencies-help-lima/international-hospitals/clinica-san-pablo,BLOG
6680,https://www.lincolnshirebuilder.co.uk/rear-extensions-in-lincolnshire/,OTHER
6682,https://www.lingvolive.com/ru-ru/profile/9e43f41d-dabf-4e00-8ce5-8599c026fea2/translations,OTHER
6683,https://www.linvilla.com/shop/swim-club/swim-lessons/hidden-hollow-elite-invitational-diving-clinic-aug-17th-21st,OTHER
6684,https://www.lion-and-mouse.com/post/what-s-a-financial-disclosure,EDUCATION
6685,https://www.lipetplace.com/tag/in-home-pet-services/,BLOG
6686,https://www.liquidation.com/c/first-class-faucets?flag=new&searchparam_username_seller=First+Class+Faucets&searchparam_dimension=10702&searchparam_dimension=4294963588&searchparam_dimension=10104&searchparam_dimension=1900&searchparam_dimension=1063&searchparam_dimension=10301&searchparam_dimension=1906&searchparam_dimension=10902,ECOMMERCE
6687,https://www.lishgmachine.com/blog/mandrel-in-flex-printing-machine-spare-parts,ECOMMERCE
6688,https://www.lissachandler.com/2014/04/28/rachel-and-adam-wedding-at-the-arkansas-air-and-military-museum/southern-wedding-photographer-wedding-at-the-arkansas-air-and-military-museum-41/,OTHER
6689,https://www.listchallenges.com/types-of-homesliving-spaces,ECOMMERCE
6690,https://www.literature-map.com/nicholas+christopher,OTHER
6691,https://www.lithiumpowerpacks.com/72v-30ah-electric-scooter-lithium-battery-11217713.html,ECOMMERCE
6692,https://www.littlefallsnjdentist.com/2014/12/,BLOG
6693,https://www.livelakeviewvillas.com/,ECOMMERCE
6695,https://www.liverpool-kop.com/2017/01/wijnaldum-tells-klopp-sign-quincy-promes-lfc-transfer-news.html,NEWS
6696,https://www.livewellnb.org/directory/planned-parenthood-new-brunswick/,OTHER
6697,https://www.livingworkspace.co.uk/product/divchi-set-of-3-coffee-table-nesting-coffee-end-tables-modern-occasional-side-table-nesting-tables-with-wood-leg-for-living-room-dining-room-office-kitchen-bedroom-brown-style-850-09/,ECOMMERCE
6698,https://www.llbean.com/llb/shop/514535?nav=ftlink-124299&cmp=C~E~V~B~8~8~ZZZ0~AI~LL~ZZ,ECOMMERCE
6699,https://www.lobo.de/en/rent/news-detail/goldregen-festival-olstzyn/,OTHER
6700,https://www.loc.gov/item/2018682587/,EDUCATION
6701,https://www.loc.gov/item/mss3413201867,EDUCATION
6702,https://www.loc.gov/resource/sn84022552/1866-09-07/ed-1/?st=gallery,EDUCATION
6703,https://www.locationrebel.com/the-desk/,BLOG
6704,https://www.lodirecruiter.com/healthcare-jobs/3871345781/home-health-speech-language-pathologist,OTHER
6705,https://www.logcabinvillage.org/event-info/up-close-with-a-village-artisan,OTHER
6706,https://www.loginradius.com/features/tornado/account-lockout-policy,ECOMMERCE
6707,https://www.logoyac.com/drinkware-restaurant-bar-openers.htm,ECOMMERCE
6709,https://www.lonelyplanet.com/articles/hotel-star-ratings,BLOG
6710,https://www.longacres.co.uk/gardening-products/plantpotscontainers/troughs/smart-garden-36inch-forge-wall-trough-6030072/,ECOMMERCE
6711,https://www.longlakeparkcampground.com/calendar/2025/07/05,OTHER
6712,https://www.longpoint.on.ca/forum/index.php?media/pxl_20231007_122415986-jpg.26137/,TECHNICAL
6713,https://www.longpoint.on.ca/forum/index.php?media/screenshot_20230912_195640_gallery-jpg.25646/,TECHNICAL
6714,https://www.longstreetliving.com/collections/group-atkin,ECOMMERCE
6715,https://www.lookecosmetics.com/products/restia,ECOMMERCE
6716,https://www.lookfantastic.com/p/the-white-company-lime-bay-hand-nail-gift-set/15660549/?rctxt=fbt,ECOMMERCE
6718,https://www.looperman.com/loops/detail/92143/drummerboy-hip-beep-beat-by-suonho-free-91bpm-hip-hop-drum-loop,FORUM/DISCUSSION
6719,https://www.lopolight.com/products/nlc-control-monitoring-systems/-power-supply,ECOMMERCE
6721,https://www.losangelestalentmanagement.com/post/how-much-does-sag-aftra-membership-cost,OTHER
6722,https://www.lot-art.com/auction-lots/Ohrclip-Hanger-mit-Perlen-und-Diamanten-zus-ca-0-95-ct/75-ohrclip_hanger-08.11.25-eppli,ECOMMERCE
6724,https://www.loveandcommunication.com/post/crew-profile-eddie-and-miguel,BLOG
6725,https://www.loveunlimitedflorist.com/product/happy-hydrangea-blue,ECOMMERCE
6726,https://www.lovingthreads.net/product/usa-flag-angel/,ECOMMERCE
6727,https://www.loxper.com/en/josef-gocar-praha,OTHER
6729,https://www.lpga.com/videos/2015/2015-evian-championship-top-five-shots,OTHER
6731,https://www.lssc.edu/calendar/summer-reading-program-kickoff-party-cml/,EDUCATION
6732,https://www.luminolaudio.com/post/a-cyclone-is-heading-my-way,BLOG
6733,https://www.lupobytes.com/post/coming-soon-thermalright-frozen-prism-360-black-argb-cpu-liquid-cooler-review,EDUCATION
6735,https://www.lvwine.org/blog/category/women-in-wine/,BLOG
6736,https://www.lx.iriss.org.uk/read/new-mexico-game-and-fish-draw-results.html,OTHER
6737,https://www.lyricsnona.com/dabka-song-lyrics-hindi-jordan-sandhu/,OTHER
6738,https://www.lyst.co.uk/shop/geox-sneakers/,ECOMMERCE
6739,https://www.lyst.com/en-au/designer/rachel-parcell/,ECOMMERCE
6740,https://www.maac.ca/en/news_details.php?news_id=153,OTHER
6741,https://www.macloops.com/membership-options?_s2member_vars=file..level..0..file..house%2Fswedish-house-v1%2Fepic_128_pad_f_sharp.aiff..Lz9zMm1lbWJlcl9maWxlX2Rvd25sb2FkPWhvdXNlL3N3ZWRpc2gtaG91c2UtdjEvZXBpY18xMjhfcGFkX2Zfc2hhcnAuYWlmZg%3D%3D&_s2member_sig=1764880682-ccb28c78fda46e910f50725521162fd0,ECOMMERCE
6742,https://www.macloops.com/membership-options?_s2member_vars=file..level..0..file..house%2Fswedish-house-v2%2Ftake_you_higher_128_lead_2_f.aiff..Lz9zMm1lbWJlcl9maWxlX2Rvd25sb2FkPWhvdXNlL3N3ZWRpc2gtaG91c2UtdjIvdGFrZV95b3VfaGlnaGVyXzEyOF9sZWFkXzJfZi5haWZm&_s2member_sig=1764881895-6e48b1a074f9b92a146b7b6cbf67c48f,ECOMMERCE
6743,https://www.made-in-china.com/products-search/hot-china-products/Computer_Power_Plug.html,ECOMMERCE
6744,https://www.madisonrundown.com/bobcat-opinions/wild-weather-of-idaho,EDUCATION
6745,https://www.madkeyi.com/forum/welcome-to-the-forum/daftar-akun-pro-thailand-slot-server-thailand-winrate-kemenangan-tertinggi,OTHER
6746,https://www.madsen-howell.com/shop/dept.asp?mscssid=731D3E5FCE6D296C720068BC64F60A03&mbrid=2989&custid=TEMP&parent_id=0&dept_id=11&idept_name=Paint%20%26%20Painting%20Supplies,ECOMMERCE
6747,https://www.maeystownucc.org/missions.html,OTHER
6748,https://www.maggiemurrayspubhouse.com/event-details/open-mic-night-2027-11-18-19-30,TECHNICAL
6749,https://www.maggiemurrayspubhouse.com/event-details/open-mic-night-2029-03-08-19-30,TECHNICAL
6750,https://www.magic-and-arts.com/jumprings-open-5mm-wire08mm-rose-goldplated-50pcs,ECOMMERCE
6751,https://www.magicworldadventure.com/contact,OTHER
6752,https://www.mainstreamgold.com/shopcart/index.php?main_page=search,ECOMMERCE
6753,https://www.makesurveymoney.com/storedetail.asp?smid=503,ECOMMERCE
6755,https://www.malaysianow.com/tag/layoff,NEWS
6756,https://www.malonesolutions.com/job/792066-mechanic-entry-level-huger-sc/,EDUCATION
6757,https://www.mammalwatching.com/community-post/kipunji-and-other-primates-in-southern-tanzania/,BLOG
6758,https://www.manamihayasaki.com/thorn-to-protect-weak-me,OTHER
6759,https://www.manchesterjobshow.co.uk/want-to-exhibit/interview-candidates-dsc_0491/,OTHER
6760,https://www.mancingdolecules.com/forum/search.php?search_id=active_topics&sid=dccef87cae6c7bac320468ac050553a5,FORUM/DISCUSSION
6761,https://www.mancingdolecules.com/forum/search.php?sid=acdcee227d1fe83a6b8c15e398b3d1ce,FORUM/DISCUSSION
6762,https://www.mandap.com/vizianagaram/manasa-conventions-in-vizianagaram,ECOMMERCE
6764,https://www.manuelsweb.com/lance/forum/search.php?sid=b3a2e64e27b69cfdcec1a4450844d65b,FORUM/DISCUSSION
6767,https://www.marchiol.com/b2b/mcSite/it/EUR/MATERIALE-CIVILE-E-INDUSTRIALE/CANALINE-E-CANALI-CABLAGGIO/STAFFE-PER-CANALINE/ACCESSORIO-STAFFA-SUPPORTI-X-2-PAR/p/MOE4475?spec=true,ECOMMERCE
6768,https://www.marinecareqld.com/product-page/minn-kota-riptide-instinct-quest-72-shaft-black,ECOMMERCE
6769,https://www.markacantacuzdan.com/urun/hermes-buckle-beltz-100-hakiki-deri-suet-5,ECOMMERCE
6770,https://www.marketinginasia.com/tag/workenvironment/,NEWS
6771,https://www.marketplace.org/tag/street-gangs,EDUCATION
6772,https://www.marketresearchstore.com/report/global-jet-engine-market-research-report-2019-2023-670315,ECOMMERCE
6773,https://www.marksandspencer.com/en-es/5pk-cotton-stretch-cool-and-fresh%E2%84%A2-trunks/p/P60740548.html,ECOMMERCE
6774,https://www.marnecommunityandspousesclub.com/event-details/haaf-club-2024-11-20-10-30,OTHER
6775,https://www.marquette.edu/study-abroad/lgbtqia.php,EDUCATION
6776,https://www.marshall.edu/iss/,EDUCATION
6777,https://www.marshallconnects.com/site/corporate-growth-news/2017/02/26/how-resilient-are-you,BLOG
6778,https://www.marssociety.de/en/privacy-policy.html,BLOG
6779,https://www.martinique-gulf.com/rental-review/bonavita/,OTHER
6780,https://www.marxists.org/reference/archive/mao/selected-works/volume-4/mswv4_35.htm,BLOG
6781,https://www.maryandme.com.au/?attachment_id=54414,ECOMMERCE
6782,https://www.massagebook.com/search/CO/Littleton/massage-therapy/MySoulMassage/,ECOMMERCE
6783,https://www.massalfa.org/china-50010210-automatic-stainless-steel-papaya-peeling-machinery.html,ECOMMERCE
6784,https://www.matana-quebec.com/en/recipes-2/orange-drizzle-loaf,ECOMMERCE
6785,https://www.matemundo.co.uk/product-eng-11498-Nustino-Powdered-Peanut-Butter-Pure-400g.html?selected_subscription=60,ECOMMERCE
6786,https://www.mathewsinsuranceinc.com/article/drowsy-driving-is-it-really-so-bad/,OTHER
6787,https://www.mathistonflorist.com/product/ba0112423/soft-embrace,EDUCATION
6788,https://www.maximizemarketresearch.com/market-report/global-food-traceability-market/30000/,OTHER
6789,https://www.mayoclinic.org/tests-procedures/nephrectomy/doctors-departments/pdc-20385166?searchterm=&page=1&lastInitial=L&filterLocation=Minnesota,EDUCATION
6790,https://www.mbusa.com/en/owners/manuals/gla-suv-2025-04-h247-mbux/quick-guide/using-the-mbux-interior-assistant,ECOMMERCE
6791,https://www.mcelhinny.com/article/should-i-purchase-car-with-license-plate-lights/,OTHER
6792,https://www.mckennaulbrick.com/film,OTHER
6793,https://www.mcra.org.uk/photoarchive/view.php?image=1894&siteid=2531,OTHER
6794,https://www.mcru.co.uk/product-tag/orb/,ECOMMERCE
6795,https://www.mdc-berlin.de/research/publications/pde3a-mutations-cause-autosomal-dominant-hypertension-brachydactyly,EDUCATION
6797,https://www.mdpi.com/2072-6643/14/19/4088,EDUCATION
6798,https://www.mdpi.com/2297-8739/12/6/135?utm_source=chatgpt.com,EDUCATION
6799,https://www.meadowside.warrington.sch.uk/school-life/school-council/,EDUCATION
6800,https://www.mecum.com/lots/1159404/1968-hodaka-ace-100/,ECOMMERCE
6802,https://www.mediapost.com/publications/article/406577/bridging-creativity-and-finance-the-cmo-cfo-allia.html?utm_source=newsletter&utm_medium=email&utm_content=readmore&utm_campaign=138792&hashid=Urfj7f0BRtWkfkgfKhfmfsZ23Sw,OTHER
6803,https://www.mediateletipos.net/archives/7067,OTHER
6805,https://www.medicaldevice-network.com/data-insights/robotic-surgical-systems-india-market-size/,NEWS
6809,https://www.meetup.com/find/us--utah/,BLOG
6811,https://www.megansorganicmarket.com/product/green-crack-aio-vape-cart/,ECOMMERCE
6812,https://www.mejiro-japan.com/en/products/ten-mejiro-original-shinobue-0,ECOMMERCE
6813,https://www.melbay.com/Products/30028S25/here-we-come-awassailing.aspx,OTHER
6814,https://www.melbay.com/Products/WBM72S6/lamentation-three.aspx,OTHER
6815,https://www.memoryfox.io/nonprofit-focus-groups/,EDUCATION
6818,https://www.merakismileschool.org/privacy-policy,EDUCATION
6819,https://www.mercerislandcarpetcare.com/carpet-cleaner-kirkland-wa-98034/,ECOMMERCE
6820,https://www.mercury-plastics.com/plastics-capabilities-processes/plastics-capabilities-library/,OTHER
6821,https://www.mercuryllc.com/team/jon-pyatt/,EDUCATION
6822,https://www.merriam-webster.com/dictionary/festival,OTHER
6823,https://www.merrilledge.com/guidance?id=5hx61,OTHER
6824,https://www.merv-13.net/effective-tips-for-air-filter-maintenance-and-hvac-air-duct-mold-remediation,OTHER
6825,https://www.mesabaptist.org/our-staff,OTHER
6826,https://www.messicks.com/parts/krone/9198111,ECOMMERCE
6827,https://www.meta.com/experiences/prime-video-vr/2274617532624269/,TECHNICAL
6828,https://www.metalcarportsdirect.com/shop-metal-carports-in-north-myrtle-beach-sc-best-prices-at-metal-carports-direct,ECOMMERCE
6831,https://www.metropolis-drachen.de/en/Accessories/Kite-lines/4-line-sets/,ECOMMERCE
6832,https://www.metz-connect.com/home/service/downloads.47.en.html;jsessionid=5FC7A2D96F4F6BF679547C06754E4CF9,OTHER
6834,https://www.mh-customs.com/copy-of-amg-a45-parts,ECOMMERCE
6835,https://www.mhra.org.uk/publications/Modern-Language-Review-73-4/style-tutorial-23,EDUCATION
6836,https://www.mhsmodularoperationtheatre.com/guwahati/nurse-call-bell-system,OTHER
6837,https://www.miamidolphins.com/forms/_archived/ceoinvitation/patriots,OTHER
6838,https://www.miamidolphins.com/news/inside-the-numbers-dolphins-score-historic-win-in-madrid,NEWS
6839,https://www.mic.com/articles/182755/tj-millers-explanation-of-the-feminist-agenda-in-the-emoji-movie-proves-the-bar-is-too-low,OTHER
6840,https://www.mice.com/supplier/residence-inn-miami-airport,ECOMMERCE
6841,https://www.michaelandrews.com/product/dove-grey-linen-field-shirt/,ECOMMERCE
6843,https://www.michelangelocampanella.com/resources,EDUCATION
6844,https://www.michelinman.com/motorcycle/manufacturers/hyosung/ms1-125/2005/125,ECOMMERCE
6845,https://www.michigangardener.com/tag/dd50/,OTHER
6846,https://www.microcenter.com/product/656617/laut-huex-tag-for-apple-airtag-black,ECOMMERCE
6847,"https://www.microcenter.com/product/661538/wiley-windows-365-for-dummies,-1st-edition",ECOMMERCE
6848,https://www.microcenter.com/product/8000860/hp-laptop-screen-replacement-for-156-envy-15-ae105nd-lcd-hd-1366x768-matte-30-pin-right-side-connector,ECOMMERCE
6849,https://www.microsoft.com/en-us/microsoft-365/sharepoint/collaboration?WT.mc_id=OAN_MSCOM-hplink-prodOfcSharepoint,OTHER
6851,https://www.microvistatech.com/gstin-search/m-s-metso-indiaprivate-limited-09aaacs3407l1za,OTHER
6852,https://www.mid-day.com/news/india-news/article/india-slams-pakistan-for-unjustified-reference-to-jammu-and-kashmir-in-unga-23499870,NEWS
6854,https://www.midlands103.com/news/midlands-news/budget-issues-resolved-in-two-midlands-hospitals/,NEWS
6855,https://www.midtowneventcenter.com/,OTHER
6856,https://www.midwestinfoguide.com/2018/12/echo-hollow-sdc_26.html,EDUCATION
6857,https://www.midwesttraumahealing.com/mwtrauma-center-team,OTHER
6858,https://www.mieleusa.com/product/11555900/gourmet-tepan-yaki-kmty,ECOMMERCE
6859,https://www.mightymaxbattery.com/product-tag/fx-10rd/,ECOMMERCE
6860,https://www.miguelbrioneswrites.com/items/amazon%3A-book,EDUCATION
6861,https://www.mikonmachinery.com/cnc-cutting-machines/mikon-orka-cnc-router/,ECOMMERCE
6863,https://www.milde.com.au/fishing-accessories/ngk-spark-plugs/s-3-plug-br8hs-ngk-4322-26br8hs,ECOMMERCE
6864,https://www.milicast.com/figure-sets-1-76-1-72/american-152/american-landing-craft-crew.html,ECOMMERCE
6865,https://www.military-quotes.com/forums/forums/military-related-news-from-around-the-world-updat.51/page-1815,NEWS
6867,https://www.milsen.vic.edu.au/subject-topics/physics/,EDUCATION
6868,https://www.mindfiresolutions.com/expertise/smart-card-for-pocket-money/,TECHNICAL
6869,https://www.minds.com/obsesija/subscribers,OTHER
6871,https://www.minersbarbershop.com/service-page/senior-haircut-beard-trim,OTHER
6873,https://www.minijetengine.com/pages/set-password,ECOMMERCE
6875,https://www.mioy.org/chemnotes,OTHER
6876,https://www.miramichihonda.com/new/compare/2024-Honda-Prologue-Touring-vs-2024-Honda-Civic_Hatchback-Sport.html,ECOMMERCE
6877,https://www.misterwhat.co.uk/company/2671394-logical-microsystems-bradford,EDUCATION
6878,https://www.misvitaminas.com.co/inositol-materia-prima-100-pura-100-gr-essentials,ECOMMERCE
6879,https://www.mitchellinsagency.net/article/what-to-know-before-renting-car-this-summer/,OTHER
6880,https://www.mitchumwilsonfuneralhome.com/obituaries/reginald-ishmael,OTHER
6882,https://www.mixedbread.com/cli,TECHNICAL
6883,https://www.mixpdfconverter.com/?elementskit_template=footer,EDUCATION
6884,https://www.mlex.com/mlex/account/login?return_url=%2Fmlex%2Farticles%2F2131205%2Fconnecticut-company-files-complaint-against-visa-mastercard-over-interchange-fees,OTHER
6885,https://www.mlex.com/mlex/account/login?return_url=%2Fmlex%2Farticles%2F2147137%2Fbrazil-s-anpd-releases-security-incident-communication-resolution,OTHER
6886,https://www.mmjhl.ca/player.php?player_id=1627,NEWS
6887,https://www.mmo-champion.com/threads/2382861-Official-High-Elf-Discussion-Megathread/page611?p=51679807&viewfull=1,FORUM/DISCUSSION
6888,https://www.mobilemonday.net/01/2010/apresentacoes-app-stores-18-jan-2010.html,OTHER
6889,https://www.mobilenapps.com/articles/44844/20170418/breaking-down-the-iphone-8-apple-reportedly-having-trouble-with-in-glass-fingerprint-sensor.htm,OTHER
6890,https://www.mobilerdx.com/2013/03/blackberry-9700-handsfree-problem-repair-solution.html,BLOG
6891,https://www.mobilerdx.com/2014/01/how-to-enable-usb-debug-from-lock-mtk-android-phone.html,OTHER
6892,https://www.modernmft.com/tag/infidelity/,OTHER
6893,https://www.modernshaker.com/plans,OTHER
6894,https://www.mommacuisine.com/recipes/the-perfect-recipes-for-breaking-a-fast,BLOG
6896,https://www.mommysteetees.com/product-page/purple-abstract-drawstring-bag,ECOMMERCE
6897,https://www.momobeauty.com/tc/product/search?keyword=%E6%BA%AB%E5%92%8C&page=1&filter=1,ECOMMERCE
6898,https://www.momsforsafefood.org/i-am-not-a-science-experiment1-150x150/,BLOG
6899,https://www.mondinion.com/Real_Estate_Agents/country/India/region/Jharkhand/city/Purba_Singhbhum/,OTHER
6900,https://www.mondoxbox.com/editore.php?id=40,ECOMMERCE
6901,https://www.monicalwilkinson.com/2017/11/simple-weekend-beauty-magazines.html,BLOG
6904,https://www.monroi.com/chess-videos-photos.html?album=558&iccaldate=2058-07-1&start=96,OTHER
6905,https://www.monroi.com/chess-videos-photos.html?amp;iccaldate=2025-1-1&iccaldate=2086-09-1&start=348,OTHER
6906,https://www.monster.com/jobs/browse/filter/q-evening-jobs/l-yorktown-ny,OTHER
6907,https://www.montanasports.com/college/montana-montana-state-clean-up-big-sky-awards-eli-gillman-caden-dowler-mvps,OTHER
6908,https://www.moomoo.com/community/profile/vvvtrader-101855829/post/original,NEWS
6909,https://www.moosejawhyundai.ca/new/compare/2025-Hyundai-Sonata-N_Line_Ultimate-vs-2025-Hyundai-Kona_Electric-Preferred_w%2FN_Line_Ultimate_Package.html,ECOMMERCE
6910,https://www.mootools.com/forum/ucp.php?mode=privacy&sid=4178e42dccd52c949129b1d77b054426,FORUM/DISCUSSION
6911,https://www.morainevalley.edu/events/its-real-college-students-and-mental-health/,EDUCATION
6912,https://www.morgen-filament.de/category/kris-binon/,OTHER
6913,https://www.mormanfamilychiropractic.com/chiropractic-care/,OTHER
6914,https://www.morningkashmir.com/director-health-chairs-coordination-meetings-for-shri-amarnath-ji-yatra-sanjy-2025/,OTHER
6916,https://www.morriesmazda.com/viewdetails/cpo/jm1bpbny3s1773699/2025-mazda3-hatchback-?type=cash,ECOMMERCE
6917,https://www.moserfuneralhome.com/obituaries/Doris-C-Bellinger?obId=2094749,OTHER
6918,https://www.moserfuneralhome.com/obituaries/William-G-Bill-Mcbee?obId=2093526,OTHER
6920,https://www.mountainpetrescueavl.org/events/list/?tribe-bar-date=2023-09-21&eventDisplay=past,OTHER
6921,https://www.mountcarmelhealth.com/provider/kasey-parker-md-gastroenterology,OTHER
6922,https://www.movewithvvre.com/homes/1573-270th-Street/Janesville/IA/50647/153885541/,OTHER
6923,https://www.mowrs.com/tag/lean-too/,BLOG
6925,https://www.mpimp-golm.mpg.de/person/13466/51661,EDUCATION
6926,https://www.mpinat.mpg.de/634992/staff?letter=L&previous_letter=M,EDUCATION
6927,https://www.mploystaff.com/job-tags/account-manager/,OTHER
6930,https://www.mscwired.org/new,OTHER
6931,https://www.mspairport.com/hi/node/4757,OTHER
6932,https://www.mspsecretaries.co.uk/digitisation-taskforce-the-move-to-digital-shares/,OTHER
6935,https://www.muk-luks.com/collections/womens/products/womens-quianna-clog?variant=43144730214561,ECOMMERCE
6936,https://www.multitracks.com/sounds/bundles/?label=Rhodes&toneID=4,ECOMMERCE
6938,https://www.munichre.com/en/insights/economy/inflation-outlook.html,OTHER
6939,https://www.murdoch.edu.au/explore/work-at-murdoch/benefits-services,EDUCATION
6940,https://www.murfinmotorcompany.co.uk/cars/mazda/mazda6/2.0-skyactiv-g-se-l-nav/1636965/,ECOMMERCE
6941,https://www.musicnotes.com/sheetmusic/never-want-to-say-its-love/47528,ECOMMERCE
6942,https://www.musicsavage.com/beady-eye-four-letter-word/,BLOG
6944,https://www.mustangcat.com/new-equipment/attachments/buckets-skid-steer-loader/2188-mm-86-in-multi-purpose-bucket-with-bolt-on-cutting-edge-and-spill-guard/,ECOMMERCE
6945,https://www.muswellbrookford.com.au/new-vehicles/ranger-black-edition/,ECOMMERCE
6946,https://www.mwzb.com/category/events/,NEWS
6947,https://www.mybestlife.org.uk/Sunderland-Family-Hubs/services?min=18&max=25&c=Health%2C+fitness+%26+sport&short_postcode=SW7&f=Tax+Free+Childcare&send_local_offer=Universal,OTHER
6948,https://www.mycarcheck.com/vehicle/jzvkbtlu/volkswagen-golf-se-navigation-tsi-bmt,ECOMMERCE
6949,https://www.myconcertarchive.com/en/event?id=43421,OTHER
6951,https://www.mydetecting.com/hurricane.html,ECOMMERCE
6953,https://www.myhairgoodies.co.uk/product/framesi-morphosis-sublimis-oil-xmas-bag/,ECOMMERCE
6954,https://www.myheartbeatsgreen.com/2016/11/29/butterflies-in-my-belly/,BLOG
6957,https://www.mymusicmasterclass.com/premiumvideos/arne-wendt-keyboard-masterclass-2/,ECOMMERCE
6958,https://www.myndfulmushrooms.co.uk/product-page/lion-s-den-chiptole-shiitake-relish,ECOMMERCE
6959,https://www.mypremierdoctors.com/qrcode/,OTHER
6960,https://www.mysocks.co.uk/all.html?length_size=43,ECOMMERCE
6963,https://www.naavi.org/wp/2025/11/07/,BLOG
6964,https://www.nagarshaadi.com/matrimony/grooms-marathi-engineer-non-it-mba-shaadi-in-bhavnagar,OTHER
6965,https://www.nagwa.com/en/classes/424105249848/,OTHER
6966,https://www.nal.usda.gov/exhibits/speccoll/items/show/451,EDUCATION
6967,https://www.naplesillustrated.com/category/guides/,NEWS
6968,https://www.naramatacactus.com/store/p10/Opuntia_polyacantha_%28Nebraska_Dark_Yellow%29.html,ECOMMERCE
6970,https://www.narratorsroadmap.com/reviewers-directory/true-crime/,OTHER
6971,https://www.nationlenalorsshop.com/listing/le-nalors-basketball-club-athl?product=641&variation=103689&size=4161,ECOMMERCE
6973,https://www.nautica-menswear.co.uk/menswear/ma-strum-short-sleeve-pique-polo/,ECOMMERCE
6975,https://www.ncbar.org/2024/12/03/what-lawyers-need-to-know-about-the-bluesky-social-media-platform/,OTHER
6976,https://www.ncbi.nlm.nih.gov/Structure/pdb/4TZI,ECOMMERCE
6977,https://www.ncbi.nlm.nih.gov/Structure/pdb/5OZW,OTHER
6978,https://www.ncceinc.org/event/steam-ahead-workshop-series-2/?instance_id=16000,OTHER
6979,https://www.ndorms.ox.ac.uk/news/jeremy-rodrigues-nihr-fellowship?386104d4-d147-11f0-8daa-211d534a1a5f,EDUCATION
6980,https://www.ndprecisionproducts.co.uk/tag/cnc-sparking/,OTHER
6982,https://www.ndt.org/obj_search.asp?TypeID=40&Keywords=Engineering%20Technician&String=String8&SortOrder=Long1+DESC%2C+InsertDate+DESC&City=Fairfield+,OTHER
6983,https://www.nea.org.uk/news/vulnerable-households-missed-out/?tag=budget,NEWS
6984,https://www.nealoninsulation.com/connecticut/north-branford,OTHER
6985,https://www.neatostuff.com/fuzz-1701/,ECOMMERCE
6986,https://www.nebraskalegislature.gov/bills/view_actions.php?DocumentID=37851&print=true,EDUCATION
6988,https://www.necrotechprints.com/product-page/nindyth-champion-of-the-forest,ECOMMERCE
6989,https://www.neghma.com/Article/575.html,OTHER
6990,https://www.nehmsfloral.com/sympathy-flowers/cremation-and-memorial,ECOMMERCE
6993,https://www.neongames.co.uk/game/Cats+1010,BLOG
6994,https://www.neowork.com/insights/best-companies-for-product-development,BLOG
6995,https://www.neptunecigar.com/cigar/oscar-valladares-10th-anniversary,ECOMMERCE
6997,https://www.netnewsledger.com/2011/02/16/rickford-announces-14-2-million-for-first-nations-housing/,NEWS
6998,https://www.netomi.com/resources_categories/webinar,BLOG
6999,https://www.neuvirthconstruction.com/services-1/steel-fabrication,OTHER
7000,https://www.newarteditions.com/chris-ofili-print-study-for-ovid-windfall-victoria-miro/,BLOG
7001,https://www.newbornsvietnam.org/news-events/newborns-vietnam-isla-climbing-challenge/,BLOG
7002,https://www.newbostonpost.com/block/,NEWS
7003,https://www.newbostonpost.com/outraged/,NEWS
7004,https://www.newequipment.com/home/product/55114298/61221-vector-die-cutting-modules-for-multiple-product-patterns,ECOMMERCE
7005,https://www.newfoodmagazine.com/organisations/foreign-agricultural-service/,BLOG
7006,https://www.newline.co/courses/complete-guide-to-qwik/qwik-ui,OTHER
7007,https://www.newsfilecorp.com/company/8712/Omai-Gold-Mines-Corp.,OTHER
7008,https://www.newstimeworldwide.com/now-hear-this-46/,EDUCATION
7009,https://www.newswire.ca/news-releases/collins-barrow-kawarthas-rolls-up-its-sleeves-for-blood-donor-clinic-558746051.html,NEWS
7010,https://www.newswire.ca/news-releases/iiroc-trading-halt---tph-511866171.html,NEWS
7011,https://www.nextgov.com/ideas/2021/03/lessons-30-years-government-reform-efforts/172944/,NEWS
7013,https://www.nga.gov/artworks/25254-pewter-pitcher,OTHER
7014,https://www.nhhomebuyers.net/blog/how-to-take-care-of-a-home-in-probate/,OTHER
7015,https://www.nhhomebuyers.net/sell-my-house-fast-salem-nh/,BLOG
7017,https://www.nhpr.org/tags/undefined,NEWS
7018,https://www.ni.com/docs/en-US/bundle/usb-6501-feature/page/labview-related-docs.html,TECHNICAL
7019,https://www.nicholas1882.co.uk/property-details/34290544/berkshire/reading/gosbrook-road-2/viewing-request,OTHER
7020,https://www.nicholas1882.co.uk/property-details/34319472/berkshire/reading/conquest-court,OTHER
7021,https://www.nickmilton.com/2013/03/5-flavours-of-knowledge-management.html,BLOG
7022,https://www.nickmilton.com/2015/07/km-quote-day-4.html,BLOG
7023,https://www.nicolasphilibert.fr/en/films/linvisible/,OTHER
7024,https://www.nicolefoxphd.com/,EDUCATION
7025,https://www.nidec.com/en/inquiry/request/motor/?inq=2&catB=B108&catM=B108_M104,EDUCATION
7028,https://www.ninetwothree.co/author/stephanie-antonucci-leathe,TECHNICAL
7029,https://www.ninjaprinthouse.com/drinkware/coasters,ECOMMERCE
7031,https://www.nkojomensah.com/search/label/Apple,BLOG
7034,https://www.nnuh.nhs.uk/publication/sop-305-creating-and-maintiaining-tmf-isf-v2/,EDUCATION
7036,https://www.nockdeighton.co.uk/blog/what-the-latest-rightmove-data-means-for-sellers-in-the-midlands,OTHER
7038,https://www.nominate.com.au/equest/nsw/results/DEN25/SJ_2506_EvA80-C.html,OTHER
7040,https://www.noon.com/egypt-en/fashion/men-31225/eyewear-and-eyewear-accessories-19605/mens-eyewear/prescription-eyewear-frames-21064/adidas/skechers/?f%5Bpartner%5D%5B%5D=p_9505,ECOMMERCE
7041,https://www.noon.com/egypt-en/fashion/women-31229/shoes-16238/athletic-16239/running-24323/nike/puma/?f%5Bcolour_family%5D%5B%5D=grey&f%5Boccasion%5D%5B%5D=sport&f%5Bpartner%5D%5B%5D=p_9505,ECOMMERCE
7042,https://www.noon.com/uae-en/tilli007-natural-calcium-bentonite-cat-litter-5l-levendor-99-pure-with-sodium-nitrogen-carbonate-and-fragrance/ZEC9E4B0DB744F4B9E918Z/p/?o=zec9e4b0db744f4b9e918z-1,ECOMMERCE
7043,https://www.norbay.com/product/navy-i-heart-my-sailor-sailor-hat-pin,ECOMMERCE
7045,https://www.northernwild.co.uk/product/derwentwater-misty-isle/,ECOMMERCE
7046,https://www.northlinepartners.com/john-tilkemeier,OTHER
7048,https://www.nuclear-power.com/nuclear-engineering/thermodynamics/what-is-energy-physics/foot-pound-force-unit-ft-lbf-energy-unit/,ECOMMERCE
7049,https://www.nuclear-power.com/nuclear-power-plant/reactor-and-power-plant-materials/reactor-core-melt-accident/,EDUCATION
7050,https://www.nuget.org/packages?q=Tags%3A%22hidraw%22,TECHNICAL
7052,https://www.numdam.org/export_citation/PMIHES_1998__88__129_0/ris/,OTHER
7054,https://www.nwmo.ca/news/ripley-legion-ladies-auxiliary-unveils-new-kitchen-at-community-open-house,OTHER
7055,https://www.nxlclassicpaintball.com/blog/hashtags/10v10paintball,BLOG
7056,https://www.nyattorneylawyer.com/immigration/appeals/,OTHER
7057,https://www.nyif.com/dictionary/c/term/commonstock,ECOMMERCE
7059,https://www.nzsothebysrealty.com/property/listing/MAT10843/486-leigh-road-matakana-coast,OTHER
7060,https://www.oaepublish.com/articles/2347-9264.2024.166/reference?to=b29,OTHER
7061,https://www.oakleyweb.com/oakley-crankcase-sunglasses-polished-black-frame-polarized-gold-lenses,ECOMMERCE
7062,https://www.oakstreetfunding.com/loan-calculators,OTHER
7063,https://www.oakwoodsolicitors.co.uk/news/new-md-for-michael-lewin-solicitors/,OTHER
7064,https://www.oberlin75reunion.com/class_classmates.cfm?state_id=60,TECHNICAL
7065,https://www.occfactor.com/transportation-factoring-companies/colorado/colorado-springs-transportation-factoring-companies/,OTHER
7066,https://www.oceanandbrine.com/product/air-compressors/,ECOMMERCE
7067,https://www.odwyerpr.com/blog/index.php?/archives/1425-thai-tourism-moves-pr-account.html,ECOMMERCE
7070,https://www.okanagan-local.ca/biz/8013/kids-corner-daycare,OTHER
7073,https://www.oktopost.com/blog/unspoken-truths-customer-segmentation/,OTHER
7074,https://www.oktopost.com/ebooks/marketing-intelligence-playbook,OTHER
7075,https://www.oldarabi.org/about-us,OTHER
7076,https://www.oly-forum.com/gallery/image/22793-buntspecht_1-130359.jpg/,OTHER
7077,https://www.olympiasouq.com/shop/37400-strawberry-swimming-ring-101-76cm-23092,ECOMMERCE
7078,https://www.omahacenter.net/events/disney-on-ice-frozen-encanto-10-march-2024/,OTHER
7080,https://www.omnibus-clapham.org/tag/trombone/,BLOG
7081,https://www.omnimap.com/cgi/shop/add.pl?64-7992DI,ECOMMERCE
7083,https://www.oncotarget.com/article/22955/,EDUCATION
7084,https://www.oneclickreseller.com/Global-Reseller-Buy-Cheap-Nitroflare-90-days-120-Days-Offer-Vouchers-698.aspx,ECOMMERCE
7085,https://www.onestowatch.com/en/blog/grandson-and-jessie-reyez-join-forces-for-rain,BLOG
7086,https://www.onestowatch.com/en/blog/tag/revamped,OTHER
7087,https://www.online-translator.com/translation/english-russian/computer%20crime,EDUCATION
7088,https://www.onlinefocus.org/confusion-ahead/,GOVERNMENT
7090,https://www.onlinemobilegames.net/jewels-mania,BLOG
7091,https://www.onlinemobilegames.net/skill/high-hills,BLOG
7094,https://www.onxmaps.com/hiking/near/hazel-green-ky,ECOMMERCE
7095,https://www.onyxsw.com/past-events/trick-or-treat,OTHER
7096,https://www.ooma.com/home-phone-service/kentucky/phelps/,ECOMMERCE
7098,https://www.opencare.com/dentists/augusta-ga/teeth-cleaning/,OTHER
7100,https://www.openicpsr.org/openicpsr/repository/;jsessionid=E3EB1A6EA3EF94261CE99FEFDE22B428,EDUCATION
7102,https://www.openrealb.com/sheet/compadre-pedro-juan,ECOMMERCE
7103,https://www.opodo.com/flights/montevideo-baltimore-md/MVD/BWI/,OTHER
7104,https://www.optum.com/locations-nav/providers/ocut/jennifer-osborne-aprn/1013230598.html,OTHER
7105,https://www.orangedotcoaching.com/,OTHER
7107,https://www.orbooks.com/catalog/ours-to-hack-and-to-own/?ref=risingupwithsonali.com,ECOMMERCE
7108,https://www.ordercream.com/cannabis-shopping-delivery-curbside-oregon-hillsboro-beaverton-northplains-banks-manning-timber-forestgrove-cornelius/?dtche%5Bproduct%5D=blue-dream-up-stream,NEWS
7109,https://www.orderful.com/blog/warehouse-automation,BLOG
7110,https://www.organicfeast.com.au/bobs-red-mill-organic-quick-cooking-steel-cut-oats,ECOMMERCE
7111,https://www.organon.com/sweden/,OTHER
7113,https://www.ornua.com/milk-powder/,OTHER
7114,https://www.osakajapanesesteakhousesushi.com/wodku2jd/cookies-policy,OTHER
7115,https://www.osean.com/events/live-meetings,FORUM/DISCUSSION
7116,https://www.osiyaninc.com/product-page/er3387,ECOMMERCE
7117,https://www.ouhockey.com/calendar/category/games-schedule/,OTHER
7118,https://www.oulupower.com/products/diy-wind-turbine.html,ECOMMERCE
7121,https://www.outilparfait.co.uk/en/products/plasterboard-coating-and-painting/jointing-coating/painters-knives,ECOMMERCE
7122,https://www.outlandercast.com/tag/scott-kyle,NEWS
7124,https://www.outofthewoodscraft.co.uk/event-info/wreath-making-workshop-45-4,ECOMMERCE
7125,https://www.outpostsportssh.com/shop/Clothing/Pants/p/Roxy-Lds-Run-Around-Pant.htm,ECOMMERCE
7126,https://www.ovrnews.com/facebook-acquires-beat-saber-developer-beat-games-now-part-of-oculus-studios/,NEWS
7127,https://www.oxygenxml.com/forum/app.php/help/faq?sid=f86cd81f2e83625b04c75eebd72c2585,FORUM/DISCUSSION
7128,https://www.pacificgreen.net/about-us/palmwood-sustainability/verite_rocket_table/,ECOMMERCE
7129,https://www.pacificu.edu/es/about/campuses-locations/forest-grove-campus/cawein-gallery-art/permanent-collection,EDUCATION
7130,https://www.packaging-gateway.com/news/primera-technology-launches-digital-label-printer/,NEWS
7131,https://www.packtpub.com/en-sg/product/learn-apache-mesos-9781789137385/chapter/preface-pref/section/preface-book,EDUCATION
7132,https://www.pagantaoman.com/,OTHER
7133,https://www.pageorama.com/?p=greenshkliving,ECOMMERCE
7134,https://www.paisawapas.com/p-the-house-of-tara-totemulticolor-1829441,ECOMMERCE
7135,https://www.pakenhamtoyota.com.au/search/mornington,ECOMMERCE
7136,https://www.pandorapost.com/2022/07/dark-fantasy-story-ideas.html,BLOG
7139,https://www.papadeli.co.uk/product-tag/veggie-meals/,ECOMMERCE
7141,https://www.parkermortuary.com/obituaries/Donald-G-Morris?obId=30413537,OTHER
7143,https://www.partlypoliticalbroadcast.tiernandouieb.co.uk/tag/tory-leadership-contest/,NEWS
7145,https://www.partyunlimitedrental.com/product/2448/fortex-linen-celadon.htm,ECOMMERCE
7146,https://www.pasphotography.co.uk/images/016565112-travel,ECOMMERCE
7149,https://www.paulabohem.com/en/boda-en-palacio-de-la-margarita-madrid,OTHER
7150,https://www.pauldirek.com/member/register,OTHER
7151,https://www.pc-freak.net/blog/tag/encodingexpires/,TECHNICAL
7152,https://www.pcgline.com/tournament-ideas-2ball-boxes_001.htm,ECOMMERCE
7153,https://www.pdfchm.net/tag/galileo/,EDUCATION
7155,https://www.pdsa.org.uk/pet-help-and-advice/pet-health-hub/search?pg=5&alpha=D&tc9893=9897&tc7404=11792,OTHER
7156,https://www.peacocktv.com/plans/all-monthly?successRedirect=/watch/asset/tv/project-runway/8101892213754232112/seasons/2,OTHER
7157,https://www.peddler.com/en/product/greek-odyssey-selection-mixed-pack-3-x-wines-_sDnp-HE-b/,ECOMMERCE
7159,https://www.pelletiergroup.com/property/59-water-street-lebanon-nh-03766/8076337/,OTHER
7160,https://www.pennells.co.uk/dino-world-gel-pen-set,ECOMMERCE
7161,https://www.peoriailrecruiter.com/healthcare-jobs/3871717109/travel-echo-technician,TECHNICAL
7162,https://www.perfumerflavorist.com/news/news/22131707/rifm-irfa-rifm-launches-upgraded-website,OTHER
7163,https://www.periodoakantiques.co.uk/antique-sales-archive/a-small-mid-17th-century-carved-oak-hanging-robe-hall-cupboard-circa-1650-27-stockno-852/,ECOMMERCE
7164,https://www.petersons.com/online-schools/-fort-hays-state-university--sociology-addictions-counseling-general-studies-200991010.aspx,EDUCATION
7166,https://www.petpoisonhelpline.com/blog/?tag=venom&category=journal-review,BLOG
7167,https://www.pgatour.com/player/51454/camiko-smith/equipment,NEWS
7170,https://www.pgondaliya.com/2013/12/blog-post_7091.html,EDUCATION
7171,https://www.pgyer.com/apk/apk/air.com.hfg.nightmaremystery,OTHER
7172,https://www.pgyer.com/apk/apk/com.zsports.fball2023,NEWS
7173,https://www.phcogres.com/articles?f%5Bauthor%5D=4398,EDUCATION
7174,https://www.phoenixquartzstone.com/?cid-262_products.html,ECOMMERCE
7175,https://www.phonecardselector.com.au/Cheapest-Calls-from-Cameroon-to-Andorra--Mobile.html,ECOMMERCE
7176,https://www.php.net/manual/pt_BR/function.commonmark-parse.php,OTHER
7177,https://www.php.net/manual/pt_BR/gmagickdraw.setfont.php,OTHER
7178,https://www.physiotherapyjobscanada.ca/company/354/quinte-and-district-rehabilitation/,TECHNICAL
7179,https://www.piamehta.com/us/bbw-hookers/illinois/mokena,BLOG
7180,https://www.piccomboanswers.com/toothpick/,OTHER
7181,https://www.pickcomfort.com/best-metal-cage-for-air-conditioner/,ECOMMERCE
7182,https://www.pier21usa.com/ercl4.html,ECOMMERCE
7183,https://www.pier21usa.com/whonfisl.html,ECOMMERCE
7184,https://www.pilatesvitalitywellness.com/contact,OTHER
7185,https://www.pilentum.org/search/132-scale,OTHER
7186,https://www.pipecrimpingmachines.com/gear-pinion-rack.html,ECOMMERCE
7187,https://www.pitchero.com/clubs/pulborough/news/1st-win-of-the-season-for-our-under-14s-girls-2953325.html,NEWS
7188,https://www.planetargon.com/about/gary-blessington,OTHER
7189,https://www.planvisionmn.com/one-thing-to-understand-about-the-financial-services-industry/,BLOG
7191,https://www.plattertalk.com/chicken-penne-alfredo/,BLOG
7192,https://www.playstation.com/en-dk/games/gothic-1-remake/,ECOMMERCE
7194,https://www.plgz.com/tags/they,EDUCATION
7195,https://www.plumbinginmesquite.com/discount-plumbers-forney-texas/,OTHER
7196,https://www.plungingplumbers.com/va,GOVERNMENT
7197,https://www.pneumatech.com/tr-tr/compressed-air-treatment/dryers/adsorption/pb-210-635-he,OTHER
7199,https://www.poetryrock.com/post/always-a-fan-july-12-2025,OTHER
7200,https://www.poetrysoup.com/poems/handbrake,BLOG
7202,https://www.poizon.com/article/authentication/nike-air-max-90-all-black-legit-check,ECOMMERCE
7203,https://www.pokecommunity.com/threads/hello-im-very-new-here.71880/,FORUM/DISCUSSION
7204,https://www.poker1.com/archives/3550/poker-odds-5-draw-joker-one-card-chances,BLOG
7206,https://www.polesweetpole.co.uk/product-page/psp-black-large-fishnet-top-and-shorts-set,ECOMMERCE
7208,https://www.pooleaudi.co.uk/usedcars/audi/searchgroup/new-cars/page/2,ECOMMERCE
7209,https://www.popdust.com/tag/selling-sunset,NEWS
7212,https://www.porthcawlprimaryschool.co.uk/week-6/,EDUCATION
7213,https://www.portrait.gov.au/portraits/2010.17/oodgeroo-of-the-noonuccal-tribe/104597/,EDUCATION
7215,https://www.post-gazette.com/local/neighborhoods/2008/07/31/Those-who-knew-care-worker-dumbfounded-by-his-killing/stories/200807310452,NEWS
7217,https://www.pottontowncouncil.co.uk/annual-civic-service/,NEWS
7218,https://www.povertyactionlab.org/initiative-project/adapting-pes-programs-guatemala,EDUCATION
7219,https://www.ppt.com.au/tag/rba/,OTHER
7220,https://www.practicalmotorhome.com/reviews/roller-team-kronos-590,ECOMMERCE
7224,https://www.prandtl-heatexchanger.com/Catalytic-System-With-Heat-Exchanger-pl48161347.html,OTHER
7225,https://www.prdaily.com/the-5-most-popular-stories-on-pr-daily-this-week-2/,TECHNICAL
7226,https://www.preciousmetals.com/1-gram-gold-bar-sunshine.html,ECOMMERCE
7227,https://www.premierleague.com/en/matchweek/2015_2/blog,NEWS
7228,https://www.premium-properties.com/en/2025/10/30/generali-real-estate-says-thank-you/,OTHER
7233,https://www.prevenclinica.com/products/summer-2849-20240624091340,ECOMMERCE
7234,https://www.pricenissanofyakimavalley.com/used/Ford/2021-Ford-F-150-55b31cc9ac184a00ccd5d71b05179f83.htm,ECOMMERCE
7235,https://www.prideestates.com/blog/page/8/,BLOG
7237,https://www.principalresourcing.co.uk/news/keep-your-child-safe-online/,EDUCATION
7238,"https://www.principiadiscordia.com/forum/index.php/topic,24047.15.html?PHPSESSID=pduf7blb0nbks9brs314aq2fgt",FORUM/DISCUSSION
7239,https://www.printables.com/model/1393550-rock-sign-hand-sculpture-1/comments,ECOMMERCE
7241,https://www.privatefundscfo.com/z-capital-bolsters-legal-bench/,NEWS
7243,https://www.prnewswire.com/il/news-releases/dariohealth-behavioral-health-solution-selected-by-national-employer-301348068.html,NEWS
7244,https://www.prnewswire.com/news-releases/randi-grassgreen-joins-crestone-capital-advisors-llc-ownership-group-120217479.html,NEWS
7246,https://www.profixio.com/app/teccon-cup-2023/teams/1104457,OTHER
7247,https://www.profootballrumors.com/2022/12/eagles-designate-dallas-goedert-for-return,NEWS
7248,https://www.programming-helper.com/snippet/F75GYBxuHR508wVlKEtB,TECHNICAL
7249,https://www.programming-helper.com/snippet/RpHoegjuXIEBi2psghKi,TECHNICAL
7250,https://www.progresspond.com/2012/02/23/a-sea-of-nonsense-and-lies/,BLOG
7251,https://www.projectcontest.com/post/tcs-hackquest-2019,EDUCATION
7254,https://www.proparco.fr/en/carte-des-projets/banco-promerica-guatemala-2022,OTHER
7255,https://www.provencerivieratours.com/cruise-passengers/shore-excursions-from-monaco/M_5h_1/MEMMF/,BLOG
7257,https://www.prweb.com/releases/german-lesson-provider-receives-highest-5-star-rating-from-topconsumerreviews-com-898135002.html,OTHER
7260,https://www.pssremovals.com/blog/five-ways-currency-transfer,OTHER
7261,https://www.psu.edu/news/university-libraries/story/libraries-giving-tuesday-efforts-dec-2-support-student-well-being,EDUCATION
7262,https://www.psychicillusions.com/videos,OTHER
7263,https://www.psychologytoday.com/us/blog/the-stoic-heart-the-human-whole/202511/the-stoic-brain-freedom-in-milliseconds,EDUCATION
7265,https://www.ptopump.com/product/200fz036s-hydrocar-gear-pump-4-bolt/,ECOMMERCE
7267,https://www.pugetsoundhog.com/2025-chapter-challenge,OTHER
7268,https://www.pureceylontea.com/store/%D1%81%D0%B5%D1%82%D1%8C-%D1%81%D0%B0%D0%BC%D0%B1%D0%B5%D1%80%D0%B8-28/,ECOMMERCE
7269,https://www.pureinsight.org/node/1521,BLOG
7270,https://www.pureoffroad.com/epi-sport-utility-clutch-kit-arctic-cat-stock-tire.htm,ECOMMERCE
7271,https://www.pv-magazine.com/pv-magazine-events/bbdf-2026/?utm_source=announcement_it&utm_medium=banner&utm_campaign=2026_bbdf&utm_content=homepage,OTHER
7273,https://www.pwc.com/my/en/marketplace.html,OTHER
7274,https://www.quantzig.com/topics/databricks-data-governance/,BLOG
7275,https://www.quaser.com/blog/news-2/winbro-and-quaser-will-join-hands-to-participate-in-semicon-taiwan-2024-153,OTHER
7276,https://www.queenofpromotionalproducts.com/pd/OVEMB-OKTBR/privacy-4-pack-with-rfid-card-stand...,ECOMMERCE
7277,https://www.queensboro.com/style/5116UD/district-printed-womens-perfect-blend-v-neck-tee,ECOMMERCE
7279,https://www.quickie-wheelchairs.com/Wheelchair-Cushions-Backrests/Supracor-Stimulite-Wheelchair-Cushions/Supracor-StimuLITE-Slimline-Cushion/2958p?cid=609,ECOMMERCE
7280,https://www.quicklly.com/indian-grocery/fremont-ca/new-nilgiri-cash-carry/jams-spreads,ECOMMERCE
7281,https://www.quiltershollow.com/shop/c/p/BREWMASTER---Everything-Beer-grey-x91495916.htm,ECOMMERCE
7282,https://www.quopedia.com/categories/c1235877-73be-4170-95bc-46773aa49adc,OTHER
7283,https://www.quranclick.com/search?q=surah%20zalzalah%20online,BLOG
7284,https://www.raacpa.com/resources/in-the-loop-magazine/from-the-firm-cybersecurity,BLOG
7286,https://www.rabbonislove.org/post/sons-of-glory,BLOG
7290,https://www.rainbowsbridge.com/Guest_Book_Sign.aspx?DN=RUSS002,ECOMMERCE
7291,https://www.raisedrowdy.com/2020/04/17/sam-grow-releases-new-feel-good-banger-song-about-you/,OTHER
7293,https://www.ramirezhandels-gmbh.de/en/food/mexican-salsas/chimichurri-spicy-ay-buey-80-g,ECOMMERCE
7294,https://www.randatlantic.com/homes/44-Beriah-Brooks-Road/Harwich/MA/02645/168652430/,OTHER
7295,https://www.randatlantic.com/homes/77-Robbins-Street/Osterville/MA/02655/167637229/,OTHER
7296,https://www.rarenewspapers.com/view/152573?list_url=%2Flist%2Fcategory%2F116-post-civil-war%3Fpage%3D103,ECOMMERCE
7297,https://www.rarenewspapers.com/view/705500?list_url=%2Flist%3Fpage%3D1%2525q%255Bquery%255D%3DFrederic%2BRemington%2525q%255Bsearch_method%255D%3DExact%2BPhrase%2525rc%3Dblog,ECOMMERCE
7298,https://www.rarlonsteel.com/application/reinforcement-steel,ECOMMERCE
7299,https://www.rasayanika.com/2025/04/14/eversana-senior-analyst-job-pharma-candidates-apply/,EDUCATION
7300,https://www.ratehub.ca/blog/review-cibc-eadvantage-savings-account/,OTHER
7302,https://www.raveaboutit.com.au/how-to-find-the-perfect-sunglasses-for-your-hair-face-shape/,BLOG
7303,https://www.ravemobilesafety.com/products/rave-panic-button/,EDUCATION
7304,https://www.rawpixel.com/image/7591172/sale-aesthetic-instagram-story-template,OTHER
7305,https://www.rayzinternational.net/product-tag/gray-and-navy-tote/,ECOMMERCE
7306,https://www.rayzinternational.net/product-tag/yellow-wrap/,ECOMMERCE
7307,https://www.rbcdart.com/jonathan-lopez/,BLOG
7308,https://www.rd.com/article/princess-diana-sleeping-beauty-picture/?int_campaign=tmb_trend_recirc&int_source=direct&int_medium=tmb.com&int_placement=single_card,BLOG
7309,https://www.rdsayers.com.au/product-page/ppfc30,ECOMMERCE
7310,https://www.reachelectrical.com/product/hamitherm-standard-connector-l-bracket-crimp-adapter/,ECOMMERCE
7311,https://www.readmeapps.com/stack/p1-0-288-0-1-2.html,BLOG
7312,https://www.readtangle.com/tag/press-freedom/,NEWS
7313,https://www.readynez.com/en/training/courses/vendors/microsoft/,EDUCATION
7314,https://www.realhomes.com/advice/how-to-get-nail-polish-out-of-clothes,ECOMMERCE
7315,https://www.realitytvworld.com/pophollywood/maria-sanchez/,NEWS
7316,https://www.realsimpleweekend.com/realsimpleweekend2023/session/1451843/gifting-suite,OTHER
7317,https://www.rebelcar.fr/-674470.htm,ECOMMERCE
7318,https://www.recipesbychloe.com/smash-burger-tacos/,BLOG
7319,https://www.recipesbychloe.com/whipped-goat-cheese/,ECOMMERCE
7320,https://www.recreation.gov/camping/campsites/91789,OTHER
7321,https://www.rectools.io/job/facilities-manager-4/,BLOG
7322,https://www.rectools.io/job/head-of-catering/,BLOG
7324,https://www.redcoolmedia.net/download/videos/animation/video-chad-ball,OTHER
7326,https://www.redlight-studios.com/portfolio,ECOMMERCE
7327,https://www.redrat.co.uk/support/code-examples/,OTHER
7328,https://www.redroseflowers.net/yes-please-bouquet/,ECOMMERCE
7329,https://www.referencedeconduite.com/home-driving-guidelines/,OTHER
7331,https://www.refreshwellnesscentre.com/,OTHER
7332,https://www.reftrust.com/listing-tag/ct-home-builders,ECOMMERCE
7333,https://www.regentresearch.com/academic-research.php,EDUCATION
7334,https://www.regexlib.com/(X(1)A(UF4nU-YyEvYbEM44_oUsvi5qA4iPz_iKnaxiLAR6d4dXUbO-WW6LEaO5c7MzuSmNcvbVsYdDiOauXfV0bDKD7_iif-b6oywrYkmrA-HbWkCMn1fwVMLBSHFxrroWNXW94kdQDrkPrRWsjKPPPcTaPlhGQ2Xw1dqfLbL1cudKtCwmlj-Ad1rlInPlVJmsUI_V0))/RESilverlight.aspx,OTHER
7335,https://www.reginaluminisacademy.org/donate,EDUCATION
7336,https://www.rehadat-forschung.de/en/projekte/behinderung-erkrankung/behinderungsarten/neurologische-erkrankung/index.html?mode=detail&listtitle=&reloaded=&sort=abschluss_final_for+desc&page=12,EDUCATION
7337,https://www.rehadat-forschung.de/en/projekte/uebergang-ins-berufsleben/uebergang-schule-beruf/?query=R/ZS0157/0066*&filter=referenznr_lit:R/ZS0157/0066*,EDUCATION
7338,https://www.rekhta.org/authors/syed-ehtisham-husain-1/articles,EDUCATION
7339,https://www.reklaim.com.au/shop,ECOMMERCE
7341,https://www.ren-new.co.uk/product-category/roofing-materials/heritage-roofing/,ECOMMERCE
7342,https://www.renegadeproductions.com/work/,BLOG
7343,https://www.renewableenergybshgshop.com/products/nitrogen-potassium-phosphorus-compound-fertilizer-15-15-15/,ECOMMERCE
7344,https://www.renewableenergybshgshop.com/products/wholesale-can-calcium-ammonium-nitrate-high-quality-low-price-china-manufacturer/,ECOMMERCE
7345,https://www.rentdeals.com/apartments/tx/dallas/signature-at-highland-hills--1,OTHER
7346,https://www.rentdeals.com/apartments/tx/dallas/twenty-five-25,OTHER
7347,https://www.rescueready.net/rescuereadyschedule,OTHER
7349,https://www.restaurantbusinessonline.com/50-hot-sellers-2016/chilis,OTHER
7350,https://www.retekess.com/blog/tag/Simultaneous-interpretation-equipment,EDUCATION
7351,https://www.rettie.co.uk/property-for-rent/edl250122,OTHER
7352,https://www.revelr.com/vendor/bryant-park-grill,OTHER
7353,https://www.reversecellphoneseeker.com/cGhvbmU=/NjE3NTE5MTU0OQ==,OTHER
7354,https://www.revolve.com/florence-bomber-jacket/dp/SMAD-WO103/?d=Womens&source=siplt&siplt=24cf3&utm_source=rev_ambassador&utm_medium=ambassador&utm_campaign=glob_b_24cf3,ECOMMERCE
7355,https://www.revspeedautomotive.com/grip-material/microfibre/,ECOMMERCE
7356,https://www.reyshrituals.com/dancelibrary,OTHER
7357,https://www.rfeip.com/company/nudo/,OTHER
7358,https://www.rfeip.com/company/pro-active-therapy/,NEWS
7361,https://www.richardsymonds.co.uk/contact-czpl,ECOMMERCE
7362,https://www.richi.uk/2019_04_14_archive.html,BLOG
7365,https://www.riverlifeaustin.org/booking-calendar/growth-group,OTHER
7367,https://www.roanokekiwanisclub.org/calendar/tag/weekly-meeting/day/2025-02-19/,OTHER
7368,https://www.roberthjackson.org/nuremberg-event/rudenkos-opening-statement-ii/,OTHER
7370,https://www.robertwesleybranch.com/robertwritings/book-shorts/maxwell-maltz-1899-1975/tear-down-those-prison-walls-3-ideas-to-liberate-yourself-from-your-self-imposed-jail/,BLOG
7371,https://www.robingrey.com/2013/09/three-acres-and-a-cow-hogacre-pavilion-oxford-oxfordshire-140913/,OTHER
7373,https://www.rockhillnissan.com/inventory/Used-2022-Honda-CR--V/?trim=EX-L,ECOMMERCE
7374,https://www.rockrecipes.com/tag/parmesan/,BLOG
7375,https://www.rockumweb.com/reportes/1559/voivod-delivers-epic-orchestral-performance-with-quebec-symphony,OTHER
7376,https://www.rocky-point-mexico.com/boardwalk-puerto-penasco/,BLOG
7377,https://www.rogaloffmilitaria.com/royal-australian-navy-emblem-decal-sticker-100mm-x,ECOMMERCE
7378,https://www.rogerebert.com/cast-and-crew/nadia-parra,OTHER
7379,https://www.roll-of-honour.org.uk/h/html/harvison-cecil-armstrong.htm,BLOG
7380,https://www.rollupdoorgs.com/plans-pricing,ECOMMERCE
7381,https://www.roman-domestic-religion.com/iberian-peninsula-dcs/ib103,OTHER
7382,https://www.romethesecondtime.com/2025/11/la-scoperta-del-giorno-halloween.html,BLOG
7383,https://www.romseycarcentre.co.uk/details/used-car-in-romsey/audi/a1/1.4-tfsi-s-line-sportback-euro-6-ss-5dr/1659409/,ECOMMERCE
7384,https://www.rother.de/en/catalogsearch/result/index/?cat%5B11%5D=7701&cat%5B12%5D=7700&cat%5B13%5D=7753&cat%5B14%5D=7762&q=Naturpark+Rheinland,OTHER
7385,https://www.royaltyranchandrealestate.com/homes/17110-Pinewood-Branch-Drive/New-Caney/TX/77357/163753520/,OTHER
7386,https://www.rs-online.com/designspark/smart-warehouse-putting-intelligence-into-the-supply-chain?intcmp=CN-WEB-_-SP-C2-_-Oct-25-_-AI-industry02,OTHER
7388,https://www.rubber-pvc-hose.com/will-pvc-layflat-hose-stick-at-high-temperature/heavy-duty-lay-flat-hose-2/,ECOMMERCE
7392,https://www.rumiasia.com/Products,ECOMMERCE
7393,https://www.rumormillnews.com/cgi-bin/forum.cgi?noframes;read=245662,NEWS
7394,https://www.rune2.com/category/lifestyle/,BLOG
7395,https://www.russell-cooke.co.uk/news-and-insights/news/beyond-the-bubble-russell-cooke-the-lawyer,OTHER
7396,https://www.rustfreemotors.com/support,OTHER
7397,https://www.rusticlove.net/search/label/diy%20painted%20utility%20sink,BLOG
7398,https://www.ruthlessreviews.com/documentaries/?query-19-page=7&cst&query-9-page=16,BLOG
7399,https://www.ryanaircalendar.com/tag/italy-dedicated-server/,BLOG
7402,https://www.ryburnford.com/new/Ford/2026-Ford-Super-Duty-for-sale-in-monticello-ar-a3a31af7ac185a31021e3f527b13a74b.htm,ECOMMERCE
7403,https://www.s-white.net/forum/topic/23614/how-to-post-process-heygears-prints-for-a-perfect-finish,ECOMMERCE
7404,https://www.saatchiart.com/art-collection/mixed-media-photography-painting-sculpture-printmaking-drawing-collage/New-This-Week-8-20-2018/153961/245008/view,ECOMMERCE
7405,https://www.safeharborpcadestin.org/pro/responsive/tools/includes/events/event_view.cfm?memberid=3540&detailid=home&event_type=main&eventid=2274,OTHER
7406,https://www.safeonthewater.org/education,EDUCATION
7409,https://www.sageusa.org/resource/long-term-care-equality-index-2021/,EDUCATION
7410,https://www.sagmart.com/find/Maruti-suzuki/Tamil-Nadu/Pattukottai/service-center,ECOMMERCE
7412,https://www.sai-biotech.com/packsize/1kg/,ECOMMERCE
7413,https://www.saintpaulsplace.com/non-uniform-cinch-bag.html,ECOMMERCE
7415,https://www.sakeceabg.com/group/sakecea-group/discussion/7271d898-df84-4540-840f-7e11587b0ae1,NEWS
7417,https://www.sale-tax.com/PortlandMI,OTHER
7419,https://www.salesjobs.com/sales-jobs?location=Tollhouse_CA&page=1,OTHER
7420,https://www.salhouseparishcouncil.gov.uk/anyvillage-parish-council,GOVERNMENT
7421,https://www.salon.com/topic/islamberg,NEWS
7422,https://www.salvationarmyusa.org/stories/interview-with-general-elect-lyndon-buckingham/,BLOG
7423,https://www.samferraramusic.com/bio,BLOG
7425,https://www.samuelsestateagents.co.uk/?attachment_id=17766,OTHER
7426,https://www.sandrahansen.com/strings-and-things.html,ECOMMERCE
7428,https://www.sannsmediation.com/location/princeton-nj/,BLOG
7430,https://www.sartcorsonline.com/Account/LogOn?ReturnUrl=%2FDocPortal%2FIndex%3FdocDisplay%3DHelp&docDisplay=Help,OTHER
7431,https://www.sataware.com/mobile-app-development/enterprise-web-development-trends/,OTHER
7433,https://www.saucemania.com.au/brand/jimmys/?stock_status=instock,ECOMMERCE
7434,https://www.savannaridgebacks.com/2004-2009,ECOMMERCE
7436,https://www.saveellisisland.org/about-us/gallery?emery-roth-2-2-2-2-2-2-2-2-2&current-exhibit&m-orlowski&aerial-view&peter-hewett&tours?805&historic?439&south-side-exteriors&peter-hewett?ward-room---contagious-disease-hospital&tom-fretz&historic&tom-fretz,OTHER
7437,https://www.savercoolteam.com/listing/MDHR2049578/714-shallow-ridge-court-abingdon-md-21009/,ECOMMERCE
7438,https://www.saviourcars.co.uk/taxi-company-putney,OTHER
7439,https://www.scale-modell-truck-trial.de/,OTHER
7440,https://www.scdmtj.com/home.php?mod=space&uid=2599066&do=profile,FORUM/DISCUSSION
7441,https://www.schoppe.com/2015/02/24/,OTHER
7444,https://www.scienceblogs.com/dispatches/2005/02/14/marci-hamilton-on-the-incorpor,EDUCATION
7446,https://www.scitechnol.com/abstract/assessment-of-left-ventricular-dyssynchrony-using-gated-myocardial-perfusion-spect-in-cardiac-resynchronization-therapy-7624.html,EDUCATION
7447,https://www.scitechsociety.com/tag/how-to-find-a-business-partner/,BLOG
7448,https://www.scitechsociety.com/tag/sociology-of-phubbing/,BLOG
7449,https://www.scitepress.org/AffiliationsProfile.aspx?Org=qRk1zFWwrafF4ddzqRia+9UtKveL/w78G+/vf0d0McCO4FS7cNQ1UQ==&t=1,EDUCATION
7450,https://www.sckorb.de/tabs.html,ECOMMERCE
7452,https://www.scooploop.com/thread/31st-oct-preparing-for-brexit,OTHER
7453,https://www.scoot.co.uk/claim-listing?advert_id=11877137,ECOMMERCE
7455,https://www.scrappininthecity.com/shop/Shop-By-Vendor/TotallyTiffany/p/Totally-Tiffany-Tabbed-Divider-Pockets-5Pkg-9X4-x78324926.htm,ECOMMERCE
7456,https://www.screenconsen.com/products/sand-linear-vibrating-screen-for-ore-industry-high-quality/,ECOMMERCE
7458,https://www.sdborganics.de/Benefits/gall-stones,ECOMMERCE
7459,https://www.sdcexec.com/home/event/12328748/procurement-leaders-east-coast-forum-2017,OTHER
7460,https://www.sdcexec.com/safety-security/contact/22863249/paul-carrannanto,OTHER
7463,https://www.seahawks.com/news/a-visit-from-dr-angela-duckworth-observations-from-day-2-of-2022-seahawks-traini,NEWS
7465,https://www.seattledogspot.com/directory/listing/the-state-hotel,ECOMMERCE
7466,https://www.sec.gov/comments/s7-10-21/s71021-9179141-249126.htm,EDUCATION
7467,https://www.selectscience.net/article/new-ultraspense-2000-programmable-microplate-fluid-dispenser,EDUCATION
7470,https://www.selfstudys.com/show-pdf/1aIESuKHX5LrZkndqn59.pdf,TECHNICAL
7471,https://www.sellingdc.com/listing/njcd376938-0-hall-st-hammonton-nj-08037/,OTHER
7472,https://www.sellmycomicbooks.com/silver-surfer-comic.html,ECOMMERCE
7473,https://www.sendput.com/tbay_megamenu/shop/,ECOMMERCE
7476,https://www.sermonaudio.com/series/208223,ECOMMERCE
7477,https://www.serped.com/local-seo-clients,OTHER
7478,https://www.serpeinsurance.com/blog/carpooling-to-sports-events-this-summer-make-sure-your-insurance-is-on-board,OTHER
7479,https://www.servaclean.co.uk/flexbar-launches-in-the-uk-exclusively-with-servaclean/,OTHER
7480,https://www.servicemycar.com/uae/geely-service-ajman,ECOMMERCE
7481,https://www.servicetitan.com/licensing/electrician/south-carolina,OTHER
7483,https://www.seslisozluk.net/de/was-bedeutet-an-awkward-and-inexperienced-youth/,EDUCATION
7484,https://www.sewcraftycrochet.com/2024/03/easter-gnome-scarf.html,ECOMMERCE
7485,https://www.sewkitkit.com/brother-xm2701-review/,BLOG
7486,https://www.seybothteamhomes.com/results-gallery/?school=45258,OTHER
7487,https://www.sfmohio.com/copy-of-synergy-savings-club,OTHER
7488,https://www.sfmta.com/reports/engineering-public-hearing-january-30-2015,OTHER
7489,https://www.sfzc.org/teachers/kanjin-yael-raff-peskin,NEWS
7490,https://www.sgpmanchester.com/blog/latest-news-2/boss-praise-team-effort-423,NEWS
7491,https://www.sh-reya.com/blog/ai-saviorism/,TECHNICAL
7492,https://www.sharekhan.com/stock/shreyans-industries-ltd,OTHER
7493,https://www.shareradio.co.uk/thinkingaloud/newsletters/comment-wc-2023-02-13/,BLOG
7494,https://www.shaylamartin.com/the-weekend-files-hiking-in-cercedilla-spain/img_9864/,BLOG
7495,https://www.shellyjyoti.com/published-artwork-marg-magazine-recipes-for-re-enchantment-natural-dyes-and-dyeing-by-aarti-kawlra/,BLOG
7496,https://www.sherrirosen.com/blog/category/agent-orange/,BLOG
7497,https://www.shimonfuneralhome.com/obituaries/Edward-L-Walsh?obId=21915425,OTHER
7499,https://www.shippingherald.com/bimco-sees-positive-tanker-market-prospects/,NEWS
7500,https://www.shipshapepropertyservices.com/general-8,ECOMMERCE
7501,https://www.shopatlashome.com/product/atl382brn/atl382ch-1/3-3-4-centers-l-bracket-cup-pull-in-polished-chrome,ECOMMERCE
7502,https://www.shopatlashome.com/product/atla101brn/atla106ch-1/8-13-16-centers-handle-in-polished-chrome,ECOMMERCE
7504,https://www.shopify.com/stock-photos/photos/daughter-about-to-suprise-mom-with-flowers?c=surprise,OTHER
7505,https://www.shopmyrestoreonline.org/showitem-2587-combo-locks-pb-67117301pb,ECOMMERCE
7506,https://www.shopwildthings.com/40x40-vertical-wall-green-foliage-backdrop-mat,ECOMMERCE
7507,https://www.shorebeachportraits.com/category/all-products,ECOMMERCE
7508,https://www.shorelinepetlodge.com/shop,ECOMMERCE
7510,https://www.shortlysts.com/p/french-president-says-france-will-recognize-palestine-as-a-state-9927,NEWS
7511,https://www.shortlysts.com/p/nea-condemns-supreme-court-decision-enabling-federal-education-cuts-00fa,NEWS
7512,https://www.show-score.com/uk/london/company/clean-break,OTHER
7513,https://www.siasat.com/bmw-to-use-amazon-alexa-tech-to-make-its-own-virtual-assistant-2423948/,NEWS
7514,https://www.sidec-jura.com/0000/signature-officielle-de-la-nouvelle-convention-de-partenariat-2024-2026-entre-le-sidec-du-jura-et-electriciens-sans-frontieres/,OTHER
7515,https://www.sidestreetstudioarts.org/event-details/elgin-fringe-festival-2025-lottery-artist-announcement-drag-bingo-fun-time-event,OTHER
7516,https://www.sidestreetstudioarts.org/event-details/sip-n-shop-at-downtown-elgin-market-2024-09-06-15-00,OTHER
7518,https://www.sight-sound.ca/brands/oscar-schmidt/,ECOMMERCE
7520,https://www.simfexint.com/en/our-vision-our-values/,OTHER
7522,https://www.singaporecorporategifts.com/index.php?cPath=164_66&osCsid=631901580e54a523d586759c53b5e56c,ECOMMERCE
7523,https://www.singaporecorporategifts.com/index.php?cPath=285_486&osCsid=631901580e54a523d586759c53b5e56c,ECOMMERCE
7526,https://www.siteimprove.com/marketing-performance/,OTHER
7527,https://www.sjycofficial.org/en/ozhi-rase/%E3%80%90%E6%96%B0%E7%9D%80%E3%80%912025%E5%B9%B4%E5%BA%A6%E3%82%AA%E3%83%BC%E3%82%AC%E3%83%8A%E3%82%A4%E3%82%B6%E3%83%BC%EF%BC%88%E9%81%8B%E5%96%B6%E5%A7%94%E5%93%A1%EF%BC%89%E3%82%92%E5%8B%9F%E9%9B%86%E3%81%97%E3%81%BE%E3%81%99,OTHER
7529,https://www.skindustrialpc.com/news/new-launch-fanless-industrial-computer-mini-bo-75868604.html,OTHER
7530,https://www.skinnyfishcreative.com/es/business-stationery/marketing-materials/letreros-de-jard%C3%ADn/s75/Festival/designs/,ECOMMERCE
7532,https://www.slashgear.com/1525134/how-to-change-video-quality-spotify/,ECOMMERCE
7533,https://www.sleepcentertoday.com/misc-accessories-in-cusseta-ga.html,ECOMMERCE
7534,https://www.sliderrevolution.com/design/clothing-website-design/,BLOG
7536,https://www.slowflowerspodcast.com/tag/alden-wicker/,BLOG
7537,https://www.smartcitymemphis.com/cartoon/trump-pardons-drug-trafficker-a-cartoon-by-award-winning-bill-day/,BLOG
7538,https://www.smartechcables.com/blog/how-to-connect-an-ethernet-cable-to-a-wall-socket/,ECOMMERCE
7539,https://www.smartleafam.com/,OTHER
7540,https://www.smartshanghai.com/venue/26114/flowcycle_super_brand_mall_studio,OTHER
7541,https://www.smisa.net/news-archive/5-general-smisa-news?start=72,NEWS
7542,https://www.smithinteriordesignfl.com/post/6-bathroom-design-pitfalls-to-avoid-and-how-to-fix-them-with-style,ECOMMERCE
7543,https://www.smithsalesco.com/auctions/25220/lot/8194-2004-honda-helix-scooter,ECOMMERCE
7545,https://www.smrld.org/event/nintendo-switch-3/2025-11-15/,OTHER
7546,https://www.sneakerslike.com/product-tag/black-and-grey-new-balance-550/,ECOMMERCE
7549,https://www.snv.org/update/world-needs-more-food-and-it-requires-sustainable-food-systems-snv-uganda-country-director,EDUCATION
7551,https://www.socar-research.com/eSOCDAT,EDUCATION
7552,https://www.socialsamosa.com/2018/06/facebook-launches-brand-collabs-manager-to-boost-influencer-marketing/,NEWS
7553,https://www.socialsciencejournals.net/archives/2023.v5.i2.B.167/cyber-security-in-the-era-of-information-age,EDUCATION
7554,https://www.sofelo.com/blogs/news/tagged/christmas-dress,ECOMMERCE
7555,https://www.softecbee.com/copy-of-support,TECHNICAL
7556,https://www.softwareag.com/en/resources/adabas-natural/aws-proserve/,EDUCATION
7557,https://www.sogu.com/group/ren-gong-zhi-neng-1/discussion/1b691347-4ccc-4a1e-b0d6-2ce25522d248,OTHER
7558,https://www.solacemedicine.com/blog/weve-moved,BLOG
7559,https://www.soldbyparsons.com/blog/3-things-you-must-absolutely-know-before-selling-your-home,OTHER
7560,https://www.solilamp.com/tennis_court_light_flood_500w,ECOMMERCE
7561,https://www.soliver.fr/p/pantalon-78-69133/,ECOMMERCE
7564,https://www.soojpiano.com/post/sooj-piano-studio-recital-2019,EDUCATION
7565,https://www.soonkpackagingmachine.com/setting-up-a-vertical-flow-pack-machine-a-guide,TECHNICAL
7566,https://www.soonkpackagingmachine.com/tags/how-to-select-the-best-protein-powder-packing-machine-for-your-needs.html,ECOMMERCE
7567,https://www.sortd.com/?4fa94b72_page=2&579587e8_page=2&7f0bbf2e_page=5&8111c322_page=3,BLOG
7568,https://www.sortd.com/?5795870f_page=2&77007469_page=3&8111c322_page=2,BLOG
7569,https://www.sortd.com/?5795870f_page=3&579587c9_page=3&7c3bb9e9_page=2&7f0bbef0_page=2,BLOG
7570,https://www.sortd.com/?5795876c_page=3&579587e8_page=5&7f0bbf4d_page=3&b2f2ab5f_page=2,BLOG
7571,https://www.sortd.com/?77007469_page=2&7c3bb9e9_page=2&ca60f0a4_page=2,BLOG
7572,https://www.soulshiok.com/corporate-bulk,ECOMMERCE
7573,https://www.soumu.go.jp/main_sosiki/joho_tsusin/eng/pressrelease/2025/6/27_4.html,EDUCATION
7574,https://www.soundclick.com/member/default.cfm?memberID=2604225,FORUM/DISCUSSION
7575,https://www.soundohm.com/artist/nicholas-chase,ECOMMERCE
7577,https://www.southernontariolistings.com/search?City=Waterdown&state=ON&beds=4,OTHER
7578,https://www.southfortchev.com/inventory/2017-ford-escape-fort-saskatchewan-alberta-y2017m59mo666vlp/,ECOMMERCE
7580,https://www.spaciagroup.com/bdny,ECOMMERCE
7581,https://www.spadays.co.uk/product/spa-day-with-two-course-lunch-in-buckinghamshire/16416/,ECOMMERCE
7582,https://www.spamedical.com/services/facial-treatments/exosomes/,BLOG
7583,https://www.spanishpropertyinsight.com/discussion/forum-topic/sunday-times-article/,OTHER
7584,https://www.sparque.au/product/ebig-nine-400-eq/,ECOMMERCE
7586,https://www.specifiersource.com.au/news-videos/brightgreen-gets-an-upgrade.html,OTHER
7588,https://www.speechpathology.com/slp-jobs/massachusetts-ma/foxborough/atx-learning-speech-language-pathologist-3346335,EDUCATION
7589,https://www.speedguide.net/forums/viewforum.php?f=124&sid=0199907cab85e8191dcfffe68059f036,FORUM/DISCUSSION
7591,https://www.spiffyspools.com/products/dining-tablecloth-runner/?fabric=Susanville,ECOMMERCE
7592,https://www.spinninyarns.com/shop/Needles-and-Hooks/Composition/Carbon/p/Karbonz-24-Circular-Needle-Size-3325-mm.htm,ECOMMERCE
7593,https://www.splendorsink.com/gallery/,ECOMMERCE
7595,https://www.sponsor-a-puppy.org.uk/amazing-bear-fight-caught-on-video/bear-fight/,NEWS
7596,https://www.sports4all.org.au/get-started-participant-form/,NEWS
7597,https://www.sportsdunia.com/fantasy-cricket/aus-vs-ind-dream11-prediction-3rd-odi-2025,NEWS
7598,https://www.sportsoftheday.com/decision-on-russian-athletes/,NEWS
7600,https://www.springwoodgwm.com.au/search/nissan/patrol,ECOMMERCE
7601,https://www.springwoodsurgery.co.uk/the-role-of-user-generated-content-in-online-games/,BLOG
7602,https://www.sptaautocare.com/collections/microfiber-pad-31,ECOMMERCE
7603,https://www.spy-cam-download.com/306boi.html,OTHER
7604,https://www.sram.com/en/time-sport/models/pd-atac-clts-a1,ECOMMERCE
7607,https://www.staffordperkins.co.uk/property/details/599/Suite-3-Ground-Floor-Henwood-Pavilion-Henwood-Ashford-Kent-TN24-Office-E-,OTHER
7608,https://www.standsandmounts.com/ChiefLightweightSuspendedCeilingKitwithExtensionColumnWhiteCMS443.aspx,ECOMMERCE
7609,https://www.stanwellmoorhistorygroup.com/forum,FORUM/DISCUSSION
7610,https://www.stardustcellars.com/event-details/stellar-minds-3,OTHER
7611,https://www.starfleet-command.com/replicator,ECOMMERCE
7612,https://www.starlimousines.co.uk/2017/11/,BLOG
7613,https://www.starlingminds.com/request-a-demo/,OTHER
7614,https://www.statoids.org/en/kr/admin-profile/south-korea/level2/nam-gu-busan-gwangyeog-si,ECOMMERCE
7615,https://www.steamandsaunaexperts.com/store/p760/harvia-ac3020-sauna-stones-10-15cm.html,ECOMMERCE
7616,https://www.steelcase.com/asia-en/research/articles/topics/learning/building-classroom-future/,EDUCATION
7617,https://www.steelmarketupdate.com/tag/section-232/page/63/,ECOMMERCE
7618,https://www.stellamadremakesmagick.com/blank-1,OTHER
7619,https://www.stephens-scown.co.uk/tag/richard-baker/,OTHER
7620,https://www.stepromos.com/p/product/b9c482fc-47b2-47bf-b2ff-dda6e705f591/holloway-avenger-polo,ECOMMERCE
7623,https://www.stevemorrisengines.com/verify_login?forgot=1,ECOMMERCE
7624,https://www.stevemorvell.com/store/original-artworks/display/26-new-life-from-old-growth-%E2%80%93-powerful-owlet/,ECOMMERCE
7625,https://www.stevewindham.com/2020/11/,BLOG
7626,https://www.stewartslaw.com/news/what-next-for-climate-change-litigation-in-the-uk-following-the-high-court-decision-in-clientearth-v-shell/,OTHER
7627,https://www.steynonline.com/15057/hamas-on-parade,BLOG
7628,https://www.stgeorge.com.au/personal/travel-services/overseas-help,OTHER
7629,https://www.stitchbystitchfb.com/shop/Fabric/p/Morning-Glory-Tan-3yd-Bundle-x88566643.htm,ECOMMERCE
7630,https://www.stlukeshospice.org.uk/welcome/industry-news/detail/2020/03/27/hotel-chocolat-delivers-luxury-treats,NEWS
7631,https://www.stmaryslymm.org/archives/2723,OTHER
7632,https://www.stockopedia.com/share-prices/kakao-KRX:035720/balance-sheet/,OTHER
7633,https://www.stokedrivingschool.com/intakhab-manual-driving-instructor/,TECHNICAL
7634,https://www.stonestreetfinancialinc.com/blog/5-major-retirement-regrets-are-not-inevitable-how-avoid-them,OTHER
7635,https://www.stopcancernyc.org/post/nci-2025-02943,EDUCATION
7638,https://www.stovax.com/stove-fire/classic-fireplaces/adelaide-inserts/,ECOMMERCE
7639,https://www.stoverfp.co.uk/thinkpiece-16/,BLOG
7640,https://www.str.org/all?p_p_id=com_liferay_asset_publisher_web_portlet_AssetPublisherPortlet_INSTANCE_F7BjmeNtHjmq&p_p_lifecycle=0&p_p_state=normal&p_p_mode=view&p_r_p_resetCur=false&_com_liferay_asset_publisher_web_portlet_AssetPublisherPortlet_INSTANCE_F7BjmeNtHjmq_redirect=%2Fall%3Fp_p_id%3Dcom_liferay_asset_publisher_web_portlet_AssetPublisherPortlet_INSTANCE_F7BjmeNtHjmq%26p_p_lifecycle%3D0%26p_p_state%3Dnormal%26p_p_mode%3Dview%26_com_liferay_asset_publisher_web_portlet_AssetPublisherPortlet_INSTANCE_F7BjmeNtHjmq_delta%3D20%26p_r_p_resetCur%3Dfalse%26_com_liferay_asset_publisher_web_portlet_AssetPublisherPortlet_INSTANCE_F7BjmeNtHjmq_cur%3D134&_com_liferay_asset_publisher_web_portlet_AssetPublisherPortlet_INSTANCE_F7BjmeNtHjmq_delta=20&_com_liferay_asset_publisher_web_portlet_AssetPublisherPortlet_INSTANCE_F7BjmeNtHjmq_cur=73,EDUCATION
7641,https://www.stracorecruitment.com/meet-the-team/katie_gillott_collage_straco_recruitment_office_manager-2/,BLOG
7642,https://www.strategy-business.com/article/The-mechanics-of-entrepreneurship/,OTHER
7643,https://www.strava.com/activities/16447302762,OTHER
7644,https://www.streetdirectory.com/travel_guide/32810/interior_design/western_decorating_ideas_for_your_kitchen.html,BLOG
7645,https://www.streetpadel.com/dunlop-inferno-carbon-extreme-p-32722.html,ECOMMERCE
7647,https://www.strongerphilanthropy.ca/,EDUCATION
7648,https://www.strongerphilanthropy.ca/tag/partnership/,OTHER
7649,https://www.stronggirlera.com/services,OTHER
7655,https://www.studysmarter.co.uk/explanations/chemistry/organic-chemistry/ether-reactions/,EDUCATION
7656,https://www.studytonight.com/register.php?redirect=/login.php?redirect=/profile.php?uname=harunpehlivantebimtebitagem,EDUCATION
7657,https://www.stuffmaster.de/farbe/mehrfabrig/,OTHER
7658,https://www.sturgischevrolet.com/used/Honda/2023-Honda-Civic-81ac04e2ac1831419edff14f504a0519.htm,ECOMMERCE
7659,https://www.stuttgartcitizen.com/announcements-news/antiterrorism-awareness-month-2/,NEWS
7660,https://www.stuttgartcitizen.com/tag/usag-stuttgart-top-posts/,NEWS
7661,https://www.stylelifeaustralia.com.au/product-page/glass-roller-bottle-empty-for-essential-oil-blends-9ml,ECOMMERCE
7662,https://www.stylesbyfarry.com/es/product-page/double-the-link-necklace,ECOMMERCE
7663,https://www.stylesbyfarry.com/es/product-page/instant-fave-fuchsia-quilted-purse,ECOMMERCE
7665,https://www.subscribeonandroid.com/www.ivoox.com/kase-o-dos-rombos_fg_f1924213_filtro_1.xml,TECHNICAL
7666,https://www.successyeti.com/happiness/seven-healthy-ways-to-adapt-to-make-your-life-happier/2021/07/09,BLOG
7667,https://www.sunbeltstaffing.com/school-jobs/orientation-mobility-specialist/s-maine/,EDUCATION
7668,https://www.sunconnexion.au/event-details/event-15,OTHER
7669,https://www.sunnybrookhealthstore.com.au/bio-theracumin-triple-60vc,ECOMMERCE
7670,https://www.sunrisesunsettime.org/europe/united-kingdom/hoddesdon.htm,ECOMMERCE
7672,https://www.superiorautoclinic.com/North-Hollywood-mercury-repairs.html,ECOMMERCE
7673,https://www.supermarketguru.com/articles/berries-for-brain-health/,NEWS
7674,https://www.supermode.io/blog/airbnb-vs-renting-out,OTHER
7675,https://www.superwarm.co.uk/baxi-624-compact-combi-vs-worcester-bosch-25si-compact/,BLOG
7676,https://www.supremehomestaging.com/about-us,OTHER
7677,https://www.sureweld.net/drill-tap-wood/c-3310.html,ECOMMERCE
7678,https://www.survivalservers.com/forum/index.php?/topic/2456-server-not-automatically-setup-after-order-please-read/&do=reportComment&comment=14359,FORUM/DISCUSSION
7679,https://www.susenreuter.com/themen/elements/,ECOMMERCE
7681,https://www.swagscale.com/vital-essentials-freeze-dried-dog-treats/,BLOG
7682,https://www.swarovskioptik.com/at/en/hunting/stories/heather-baked-grouse,ECOMMERCE
7683,https://www.swd-order66.com/en/accueil/212--r2-a6-the-saga-collection-2006.html,ECOMMERCE
7684,https://www.swedishfinnhistoricalsociety.org/emigrant/junnell-john-ironwood-michigan/,OTHER
7685,https://www.swedishfinnhistoricalsociety.org/emigrant/waldenstrom-josef-m-chicago-illinois/,OTHER
7686,https://www.swiftreg.co.uk/private-number-plate/AN04UMO,ECOMMERCE
7687,https://www.swindonweb.com/event/index.asp?m=40&s=0&ss=0&c=8117&g=808&gi=25171,ECOMMERCE
7689,https://www.swissproductsonline.com/contents/en-uk/p10242_apenta_3l_pan_with_lid_22_cm.html,ECOMMERCE
7690,https://www.swlondoner.co.uk/tag/anti-occupy,NEWS
7691,https://www.swlondoner.co.uk/tag/trey-parker,NEWS
7692,https://www.swmitech.org/whatwedo.html,ECOMMERCE
7693,https://www.swoonworthy.co.uk/2017/06/man-cave-glam-snug-paint.html/,BLOG
7694,https://www.sydlabs.com/hcgf.html,ECOMMERCE
7696,https://www.sydney.edu.au/engineering/study/study-areas/computer-science/why-study-computer-science.html,EDUCATION
7697,https://www.sylvialarrass.com/category/disc/,OTHER
7699,https://www.synopsys.com/support/licensing-installation-computeplatforms/installation/installation-guide-products-not-found.html,TECHNICAL
7700,https://www.tabloidxo.com/holi-not-celebrated.jsp,BLOG
7701,https://www.tabloidxo.com/is-priya-varrier-charing-8-lakhs-instagram-post.jsp,BLOG
7702,https://www.tacobell.com/food/tacos/double-stacked-taco?store=026450,ECOMMERCE
7703,https://www.tagheuer.com/sg/en/form/timetopractice.html,ECOMMERCE
7704,https://www.tahoenorthrealestate.com/renting-your-house-in-north-lake-tahoe/,OTHER
7708,https://www.takeuchi-us.com/tb250-2-hydraulic-excavator/tb250-2-working-1/,ECOMMERCE
7709,https://www.takipci-begeni-al.com/en/home/123-buy-onlyfans-likes,ECOMMERCE
7710,https://www.talihinaflowers.com/product/68168399b3fa57.17166/Shopping_Cart.php,ECOMMERCE
7711,https://www.tampabay28.com/news/region-south-pinellas/st-petersburg/st-pete-giving-away-free-rain-sensors,NEWS
7714,https://www.tanoshiijapanese.com/dictionary/entry_comments.cfm?entry_id=58864,EDUCATION
7715,https://www.tastingtable.com/1203981/best-cheeses-for-fondue-ranked/,ECOMMERCE
7716,https://www.tastyfamilymeals.com/tag/waffles/,FORUM/DISCUSSION
7717,https://www.tate.org.uk/art/artworks/turner-willows-by-the-river-a-ruined-building-in-the-distance-to-the-left-ankerwycke-d06329,OTHER
7719,"https://www.taylorpress.net/article/5941,tigers-look-to-bounce-back-from-first-loss",NEWS
7720,https://www.tbcta.org/shop/600-yhb202-1hu-human-mid-regional-pro-adrenomedullin-14924,OTHER
7721,https://www.tbcta.org/shop/tnc-570-2-deoxyadenosine-5-monophosphate-disodium-salt-129256,ECOMMERCE
7722,https://www.tcm-vet.com/how-long-can-a-dog-live-with-a-tumor-without-surgery/,BLOG
7723,https://www.tcndp.ca/events,OTHER
7724,https://www.td1radio.com/entertainment/global-grooves-top-hits-from-around-the-world-you-should-be-streaming/,BLOG
7725,https://www.tdf.org/on-stage/tdf-stages/500-nights-in-our-town/,EDUCATION
7726,https://www.te-toys.com/product/water-spraying-battle-vehicle/,ECOMMERCE
7727,https://www.teachoo.com/18375/3473/A-person-consumes-a-concentrated-solution-of-salt--after-some-time--he/category/Teachoo-Questions/,TECHNICAL
7728,https://www.teamim.com/insights/dropbox-migration-tips,OTHER
7729,https://www.technicallyaconversation.com/episodes/Derinkuyu,BLOG
7730,https://www.techsecurityelectronics.com/en/challenge-page/5bae2458-9418-4bb7-b344-fa07ba4bc763,OTHER
7731,https://www.techsplatter.com/2012/09/hey-apple-just-so-your-remember-this-is.html,BLOG
7732,https://www.techtarget.com/searchnetworking/news/252467443/IDC-SD-WAN-market-spend-to-top-5B-in-2023,ECOMMERCE
7734,https://www.techtimes.com/articles/3198/20140205/saturn-polar-vortex-revealed-in-all-its-glory-by-nasa-cassini-spacecraft.htm,NEWS
7735,https://www.tecirlab.com/tecirlab/merck-106597-0050-sodium-metaperiodate-gr-for-analysis-acs-50-gr/,ECOMMERCE
7736,https://www.tectake.co.uk/household/bedroom/beds,ECOMMERCE
7737,https://www.tekaicnc.com/3-axis-cnc-router-for-sale/,ECOMMERCE
7738,https://www.telerik.com/forums/display-issue-repeating-icons-when-select-row,OTHER
7739,https://www.telerik.com/products/aspnet-ajax/documentation/controls/switch/appearance-and-styling/skins,OTHER
7740,https://www.televisionaryblog.com/2006/,BLOG
7741,https://www.telstrainternational.com/uk,OTHER
7742,https://www.tembullseye.ca/handgun,OTHER
7744,https://www.tesco.com/groceries/en-GB/products/326093115,ECOMMERCE
7745,https://www.tesco.com/groceries/en-GB/promotions/0ffc35e9-8c09-44cc-b3f5-c051461a5ac1,ECOMMERCE
7746,https://www.tesco.com/groceries/en-GB/promotions/d4e45313-0ced-4af3-971f-e1b67d2da327,ECOMMERCE
7747,https://www.tesco.com/groceries/en-GB/promotions/f7840834-2384-4d20-b104-778c53ef405e,ECOMMERCE
7748,https://www.teslarati.com/tesla-model-y-jay-lenos-garage-review-video/tesla-model-y-jay-leno-review-2/,NEWS
7751,https://www.texastraderrv.com/product/motor-home-class-c,ECOMMERCE
7752,https://www.texastrustlaw.com/the-estate-of-the-union-season-4episode-1-is-out-now/,OTHER
7753,https://www.tfrecipes.com/confetti-rice-krispies-treats/,ECOMMERCE
7754,https://www.th3ladies.com/creamy-baked-cheesecake-1/,BLOG
7755,https://www.thaicreate.com/tutorial/javascript-ceil.html,OTHER
7756,https://www.thalialynn.com/missions,OTHER
7757,https://www.thatsyyoubuy.com/categories/bandage-and-plaster,ECOMMERCE
7759,https://www.the-rio.com/engagement-ring-singapore?inner=true&page=6,ECOMMERCE
7760,https://www.theanfieldwrap.com/2024/11/liverpool-v-real-madrid-build-up-reaction-talking-reds-live-271124/,NEWS
7762,https://www.theblackpearlblog.com/2012/07/essence-glamorous-life-and-purple.html,BLOG
7763,https://www.theblockshop.com.au/product/meir-round-gooseneck-shower-set-with-300mm-rose-three-function-hand-shower-lustre-bronze-mz0906-pvdbz/,ECOMMERCE
7764,https://www.theblockshop.com.au/product/neom-end-pouffe-beige-75x89cm/,ECOMMERCE
7765,https://www.thebusinessresearchcompany.com/report/data-center-information-technology-it-equipment-global-market-report,OTHER
7767,https://www.thecassinagroup.com/sullivans-island-real-estate-update-q2-2017/,OTHER
7768,https://www.thecentreforcreativevision.com/service-page/service-name-3,OTHER
7769,https://www.thecodingforums.com/threads/gridview-defaults-in-footer-row.619307/,TECHNICAL
7773,https://www.thedatadriver.com/2016/02/investec-india-goes-live-on-tcs-bancs.html,BLOG
7774,https://www.thedelrealgroup.com/sitemap/CA/Riverside-County/City/Rancho-California/Listings/Page/1,ECOMMERCE
7775,https://www.thedentedhelmet.com/forums/threads/se-fett-and-costume-contest-pic-intensive.10937/,BLOG
7776,https://www.theexcellencecenter.org/rawan-nasr-mohamed,EDUCATION
7778,https://www.thegavel.net/index.php/uploads/pdf/news/uploads/pdf/uploads/pdf/index.php?page=710&office_id=60,OTHER
7779,https://www.thegetawaychicago.com/events/drag-bingo-2025-07-06-16-00,ECOMMERCE
7780,https://www.thegetawaychicago.com/events/taking-back-monday-alt-music-night-2026-02-23-22-00,ECOMMERCE
7782,https://www.thegoodguys.com.au/whats-new/fried-chicken-and-other-great-fakeaways,ECOMMERCE
7783,https://www.thegoodsforall.com/products/insa-jealousy-for-sale-somerville-ma/,ECOMMERCE
7784,https://www.theherbert.org/region-events/?cat=heritage&ff=false&o=true&page=9&v=103993,EDUCATION
7785,https://www.theherethenowthebooks.com/tag/the-unknown-series/,ECOMMERCE
7786,https://www.thehomeman.net/listings/4092-sideroad-25-s-road-puslinch-ontario-40330481/,OTHER
7787,https://www.thehopepackedproject.org/hope-iness/a-hopeiness-is-a-little-bit-of-hope-and-a-little-bit-of-happiness-hybrid-it-s-as-if-hope-and-happiness-had-a-baby-and-named-it-hopeiness-now-and-then-on-our-social-media-pages-we-sprinkle-them-with-a-hopeiness-quote-encouraging-our-followers-to-stay-hopeful-be-happy-and-make-an-impact-to-those-around-them-if-you-d-like-to-signup-to-submit-a-hopeiness-please-click-this-link-4,OTHER
7788,https://www.thekristendiary.com/2025/11/top-5-most-popular-blog-posts-111425.html,BLOG
7789,https://www.thelazyantelope.com/pl/product-page/caramel,ECOMMERCE
7790,https://www.themilesinmedicine.com/ecg,EDUCATION
7791,https://www.themoldovaproject.org/activity-reports/,NEWS
7792,https://www.themommyroves.com/2012/09/sparkly-shiny-night.html?showComment=1348390982139,BLOG
7794,https://www.thenatsreport.com/p/quick-notes-new-york-city-s-covid-19-vaccine-mandate-for-athletes-to-be-lifted-thursday,NEWS
7795,https://www.theolivehatch.com/product-page/cat-birthday-applique-shirt,ECOMMERCE
7796,https://www.theparlormagazine.com/category/face-masks,ECOMMERCE
7797,https://www.theparlormagazine.com/product-page/palestinian-flag-ceramic-mug,ECOMMERCE
7798,https://www.thepeerconsult.com/post/immediate-and-long-term-outcomes-of-neonatal-opioid-exposure,EDUCATION
7799,https://www.theprospectacademy.com/group/general-discussion/discussion/1e3944f5-36cd-4e25-9927-548d71aad4bf,OTHER
7800,https://www.theprospectacademy.com/group/recommendations/discussion/e9c34165-c8c3-4bbf-a92d-9846c58d2b82,OTHER
7801,https://www.theraceorganiser.com/users/156582/results?sort=position&direction=asc,OTHER
7803,https://www.theringer.com/podcasts/extra-point-taken/2023/12/01/nfl-week-13-picks-props-and-predictions-extra-point-taken,NEWS
7804,https://www.thermalvisionaustralia.com.au/,OTHER
7805,https://www.theroanokestar.com/2024/10/10/bob-brown-deliver-us/,BLOG
7806,https://www.therosesnl.com/Sitemap.html,OTHER
7807,https://www.therpshop.com/listing/long-rps?product=371&variation=6548&size=1926,ECOMMERCE
7808,https://www.theruddenfamilyfoundation.org/news--events,OTHER
7810,https://www.thesamba.com/vw/forum/viewtopic.php?p=10185899&sid=11a592ad7554359e145af21162923110,FORUM/DISCUSSION
7811,https://www.theskygirl.com/products/silent-river-fishing-wn0411080cl-christmas-ornament,ECOMMERCE
7812,https://www.thesocietyofbritishjewellers.com/copy-of-discount-template-copy-this-1,OTHER
7813,https://www.thesoftballzone.com/fastpitchforum/index.php?threads/2025-ohio-blast-fathers-day-classic.696087/page-3,FORUM/DISCUSSION
7814,https://www.thesoundarchive.com/play-wav-files.asp?sound=simpsons/bart/toot.wav,OTHER
7815,https://www.thestmarysinn.com/colorado-springs-city-summer-fest/,OTHER
7816,https://www.theswanstongazette.com/post/review-mr-money-with-the-vibe-strikes-again,BLOG
7817,https://www.thetfp.com/tfp/tilted-sports/30109-duck-season-no-rabbit-season-no-duck-season-rabbit-season.html,FORUM/DISCUSSION
7818,https://www.thetransmitter.org/spectrum/cognition-and-behavior-individuals-with-autism-not-tuned-in-to-human-motion/,EDUCATION
7819,https://www.theuniquegeek.com/tag/starbuck/,OTHER
7820,https://www.thevertostore.com/product-page/2023-verto-globe-logo-accessory-pouch,ECOMMERCE
7821,https://www.thewholenote.com/index.php/booksrecords2/editorscorner/24399-editor-s-corner-october-2013,BLOG
7822,https://www.thewistle.com/2022/04/11/fate-the-winx-saga-season-2-release-date/,NEWS
7823,https://www.thisamericanlife.org/archive?contributor=8505&episode=6&tag=7793&year=2007&type=episodes,NEWS
7826,https://www.thumbtack.com/fl/belle-glade/electricians,OTHER
7827,https://www.thumbtack.com/instant-results/?category_pk=122513999765266731&zipCode=29579&zip_code=29579,OTHER
7829,https://www.ticketluck.com/sports-tickets/Akron-Zips-vs-Western-Michigan-Broncos/Akron-Zips-Vs-Western-Michigan-Broncos-Rhodes-Arena/1-17-7359278,NEWS
7830,https://www.tierking.com/text/rank/1433,OTHER
7832,https://www.tiffaniloveart.com/single-post/article-in-belfast-live,BLOG
7833,https://www.tilleydistributionproducts.com/products?filters=technologies-cleaning-ingredients,ECOMMERCE
7834,https://www.tillouantiques.com/inventory/stoneware-two-gallon-crock-depicting-a-bird-on-a-scrolled-branch/,ECOMMERCE
7835,https://www.timebanks.co.uk/tbshow_reg-2-tb-2.html,OTHER
7836,https://www.timelesshealthclinic.com/im-vitamin-shots,ECOMMERCE
7838,https://www.timesnewswire.com/pressrelease/occ-will-be-listed-on-pancakeswap/,BLOG
7839,https://www.timetoclosetitle.com/hialeah-fl,OTHER
7840,https://www.timetoclosetitle.com/plantation-mobile-home-park-fl,OTHER
7841,https://www.tipking.co.uk/tip/175.html,ECOMMERCE
7842,https://www.tipsfortravellers.com/heres-what-its-really-like-on-silversea-these-days-silversea-cruises-review/,BLOG
7843,https://www.titanfile.com/tags/small-medium-business/,OTHER
7844,https://www.tjhammons.com/thedistrictokcmessage.html,OTHER
7845,https://www.tkach-law.com/lp-granbury-cdl-revocation-suspension-disqualification-procedures,GOVERNMENT
7846,https://www.tmlistings.com/blog/reasons-to-stick-with-wholesaling-minneapolis/,OTHER
7847,https://www.tmz.com/2007/03/19/casting-the-anna-nicole-movie-larry-birkhead/,OTHER
7848,https://www.tmz.com/watch/0-mmbkij4j/,OTHER
7849,https://www.tobi.com/product/67435-tobi-late-night-wide-leg-jumpsuit?color_id=97195,ECOMMERCE
7850,https://www.tobyjugmuseum.com/recipes/beethoven-character-jug---royal-doulton-1996-2001,OTHER
7851,https://www.tohavehope.com/blog/how-long-will-this-take,BLOG
7852,https://www.tohavehope.com/blog/i-thought-i-was-the-only-one,BLOG
7853,https://www.tokyoconsultingfirm.com/bangladesh/overseas-ma-a-smart-strategy-for-japanese-companies-in-a-changing-world/,OTHER
7855,https://www.tokyvideo.com/video/fifa-21-gameplay-trailer,ECOMMERCE
7856,https://www.tomsguide.com/au/author/michelle-ross,ECOMMERCE
7857,https://www.tomsguide.com/entertainment/netflix/hit-netflix-political-thriller-series-the-diplomat-returns-for-season-2-and-its-92-percent-on-rotten-tomatoes,NEWS
7858,https://www.toofame.com/product/mercedes-2-2k/,ECOMMERCE
7859,https://www.topbrokers360.com/scam/,OTHER
7860,https://www.topstarmachine.com/introducing-the-picker-injection-robot/,ECOMMERCE
7861,https://www.topvelsun.com/index.php/Portal/Index/error_html,ECOMMERCE
7862,https://www.topvelsun.com/tubes-pipes/220.html,ECOMMERCE
7864,https://www.torontotoraanana.com/2011/07/,BLOG
7866,https://www.torrancememorial.org/healthy-living/classes-lectures-support-groups/event-results/?topicId=44,OTHER
7867,https://www.torreviejaforums.com/viewtopic.php?f=24&t=50305&p=451065&sid=f96242f711a3e73944b4bf39a6484215,FORUM/DISCUSSION
7868,https://www.torrisdalecastle.com/storm-darragh/,BLOG
7870,https://www.toteblis.com/products/Customer-endorsements-Crisscross-67b03bc546c42/,ECOMMERCE
7871,https://www.tprsbooks.com/italian-level-1/c1-8-1-chapter-1-movietalk-lesson-1/,EDUCATION
7872,https://www.trackometrix.com/why-is-actually-cardano-developing-africa/,OTHER
7874,https://www.traderpower.com/fuelcell-energy-fcel-announces-largest-renewable-biogas-wastewater-treatment-installation-for-a-direct-fuelcellr-power-plant/,BLOG
7875,https://www.traditionalbodywork.com/providers/get-milked-by-marley-blaze/,OTHER
7876,https://www.transglobekitchenequipment.com/contact-us.html,ECOMMERCE
7877,https://www.translatecovid.org/tc-resource/what-to-do-if-you-are-sick-with-covid-19-or-suspect-you-are-infected-title-of-document-what-to-do-if-you-are-sick-with-covid-19-or-suspect-you-are-infected-93/,EDUCATION
7880,https://www.travelsoft.com/press/christian-sabbagh--ceo-of-travelsoft--is-well-present-in-tourism,BLOG
7881,https://www.trcnyc.org/event/morning-prayer/2028-08-08/,OTHER
7882,https://www.treasurebunker.co.uk/scots-guards-or-s-cape-c2x11400311?PGFLngID=1,ECOMMERCE
7883,https://www.treatwell.co.uk/places/at-skin-clinic/in-south-croydon-uk/,ECOMMERCE
7884,https://www.tredz.co.uk/.Topeak-Ninja-Master-Cage-X1_250221.htm,ECOMMERCE
7887,https://www.trichypackersandmovers.com/storage-services,ECOMMERCE
7888,https://www.trinityphg.com/services/,OTHER
7890,https://www.tripfiction.com/three-great-books-set-in-london/,BLOG
7891,https://www.tripmagics.com/gujarat-tour-package,BLOG
7892,https://www.trippinwithtara.com/sharlto-copley-playing-stefan-in-maleficent-talks-pranking-with-angelina-and-more/,BLOG
7893,https://www.trivago.co.uk/en-GB/oar/tamarina-golf-spa-boutique-hotel?search=100-1123775,ECOMMERCE
7894,https://www.trivago.co.uk/en-GB/opr/hotels-near-eglise-notre-dame-de-liesse?search=500-806546,OTHER
7895,https://www.trl.com/astm_d1781_climbing_drum_peel_for_adhesives/,EDUCATION
7896,https://www.trlincolninc.com/new/compare/2024-Lincoln-Corsair-vs-2024-Nissan-Pathfinder.html,ECOMMERCE
7897,https://www.tropicislandpools.com/conroe/variable-speed-pool-pump-conroe-tx/,OTHER
7898,https://www.tropicislandpools.com/little-elm/pool-company-little-elm-tx/,OTHER
7900,https://www.true32.com/1516-x-018-PVC-Edgeband-Brighton-Walnut-per-600-ft-roll-7_p_640.html,ECOMMERCE
7903,https://www.truetechreview.com/tag/google-photos/,TECHNICAL
7904,https://www.truevalue.com/product/sweet-heat-bbq-seasoning-6-2-oz/,ECOMMERCE
7905,https://www.trustradius.com/products/sixcms/pricing,OTHER
7907,https://www.trybooking.com/events/landing/1502896,ECOMMERCE
7908,https://www.trybooking.com/events/landing/1506955,ECOMMERCE
7910,https://www.tsongkang.de/en/meditation/Prayerflags/polyester-prayerflags/,ECOMMERCE
7911,https://www.tsugi.fr/mix/women-in-electronic-dj-mix-6/,ECOMMERCE
7912,https://www.tt-ph.com/auburn-in/air-conditioning-installation/,ECOMMERCE
7914,https://www.tulayogaforwellness.com/product-page/i-m-a-product,ECOMMERCE
7915,https://www.tunettinaturalsoap.com/product-category/natural-bar-soap/page/2/,ECOMMERCE
7917,https://www.turnto23.com/news/23abc-in-depth/timeline-covid-19-omicron-variant,NEWS
7918,https://www.turquoiseoman.com/product-tag/wooden-tripod/,ECOMMERCE
7919,https://www.tv9hindi.com/author/tavishi-chopra-kalra,NEWS
7922,https://www.tweedmazda.com.au/search/toyota/rav4,ECOMMERCE
7923,https://www.twice.com/the-wire/glory-star-now-shipping-tauri-7-contactless-temperature-check-tablet,ECOMMERCE
7924,https://www.twilio.com/docs/usage/tutorials/how-to-set-up-your-node-js-and-express-development-environment,TECHNICAL
7925,https://www.txauction.com/auctions/30214/lot/24321,ECOMMERCE
7926,https://www.txprobateattorney.com/service-areas/estate-planning-attorney-madison-county-tx,OTHER
7927,https://www.tynanldv.com.au/finance?preferredDealership=tynan-motors&vehiclePriceBudget=19888&car_id=1323666&car_type=used&vin=MRHRU5830GP063646,ECOMMERCE
7929,https://www.uaa.alaska.edu/news/archive/2008/09/national-hispanic-heritage-month.cshtml,EDUCATION
7930,https://www.uaa.alaska.edu/news/archive/2016/08/,BLOG
7932,https://www.ucabinetintl.com/vanity-cabinets,OTHER
7933,https://www.uclahealth.org/locations/ucla-center-wound-healing-limb-preservation,OTHER
7934,https://www.udel.edu/academics/colleges/cas/units/departments/art-history/our-people/jason-hill/,EDUCATION
7937,https://www.ueno-shoun.com/group/mysite-200-group/discussion/95a621c8-ff42-48b0-be43-a2d9512288d3,ECOMMERCE
7938,https://www.ukstarletowners.com/topic/69142-afternoon-all/,FORUM/DISCUSSION
7939,https://www.ukstarletowners.com/topic/85319-who-text-me-selling-a-engine-gasket-kit-and-more/,FORUM/DISCUSSION
7941,https://www.umasstransportationcenter.org/assnfe/CourseView.asp?MODE=VIEW&clCourseID=1550&csCategory=&csFrom=&csTo=&csKeyWord=&csSortBy=2&clPageNumber=4&clParentCategory=0,EDUCATION
7942,https://www.umeprojects.com/listing/14252_Dallas_Dayton_MN/home_01K42TCCECPK364V879XW81FHV,OTHER
7943,https://www.ummhealth.org/health-library/the-growing-child-newborn,OTHER
7945,https://www.underdogtattooingbalm.co.uk/product-page/combo-pack-2-x-75ml-2-5-oz-tattoo-stencil-combo-stencil-glue-and-stencil-remo,ECOMMERCE
7946,https://www.uni-wuerzburg.de/en/news-and-events/news/detail/news/malinamedal-klaus-schilling/,EDUCATION
7947,https://www.unicornsinthekitchen.com/roasted-garlic-hummus/,BLOG
7948,https://www.unidemi.com/2018/12/30/,BLOG
7951,https://www.unirope.com/products-in-use/,ECOMMERCE
7953,https://www.unitedbritishcaravans.co.uk/product-category/furniture/outdoor-tables/,ECOMMERCE
7954,https://www.unitedbritishcaravans.co.uk/product/caravan-accessories/avtex-lockable-full-motion-tv-mount/,ECOMMERCE
7955,https://www.unitedsandg.com/terra-mar-septic/,ECOMMERCE
7956,https://www.universalinsuranceservices.com/blog/why-standard-auto-insurance-isnt-enough-for-limousine-services/,OTHER
7957,https://www.uniwave-design.com/uk/blog,ECOMMERCE
7958,https://www.unops.org/water-environment-and-climate,EDUCATION
7959,https://www.upscalerecruiting.com/career-insights/hashtags/FinanceAndAI,OTHER
7960,https://www.upstatearcheryacademy.com/product-page/x-spot-target-quiver-rh-blk,ECOMMERCE
7961,https://www.upworthy.com/free-things-you-can-get-at-libraries?rebelltitem=4,EDUCATION
7962,https://www.urbanangler.com/rio-premier-striper-intermediate.html,ECOMMERCE
7963,https://www.urbancompany.com/bangalore-geyser-reapir-nagarathpete,ECOMMERCE
7964,https://www.urbandb.com/company/royalty-developments/index.html,OTHER
7966,https://www.us-directory.net/Annuaire/Details_infos.php?e=Preventive%20Cardiology%20of%20NY&activite=cardiologists&ville=New%20York&p=preventive-cardiology-of-ny&id=115206&ref=,OTHER
7967,https://www.us-inquirer.com/story/noem-made-decision-not-to-turn-around-deportation-flights-after-judges-order-doj-says/,NEWS
7970,https://www.usadiplomaframes.com/frame-builder/products/the-university-of-texas-at-dallas-single-horizontal-document-diploma-black-rope-winter-green-mat-orange-accent-mat-with-tasseldefault-with-sealuniversity-seal-gold-with-gold-emb/,ECOMMERCE
7971,https://www.usahockey.com/page/show/836196?match_option=0&news_aggregator=2404199&page=5&tags=752796%2C836196%2C816934%2C915539%2C1744323%2C1744328,NEWS
7972,https://www.usedvictoria.com/household-accessories/41173882,BLOG
7974,https://www.usgs.gov/publications/integration-cocorp-deep-reflection-and-magnetic-anomaly-analysis-southeastern-united,EDUCATION
7975,https://www.usgs.gov/publications/pliocene-model-intercomparison-project-pliomip-phase-2-scientific-objectives-and,EDUCATION
7976,https://www.usms.org/comp/meets/heat.php?MeetID=20210410MACISY&Heat=1&Lane=2&Event=9,OTHER
7977,https://www.usu.edu/calendar/?day=2018/8/11&sponsor=0&subsponsor=351&type=36,EDUCATION
7978,https://www.utahhumane.org/blog/hsu-announces-kickoff-of-light-the-world-giving-machines-at-city-creek/giving-machien,OTHER
7979,https://www.uttarakhandexamsgk.com/uksssc-assistant-accountant-paper/3/,EDUCATION
7980,https://www.uwosh.edu/today/68939/uw-oshkosh-welcomes-service-k9-to-campus/,EDUCATION
7981,https://www.v7labs.com/agents/ma-pipeline-management-agent,TECHNICAL
7982,https://www.vabeach.com/local-bands-djs/michael-hensen/,OTHER
7984,https://www.vacay-beachbag.com/products/linda-basket-bag,ECOMMERCE
7985,https://www.vacaynetwork.com/tag/hill-stations/,BLOG
7986,https://www.vahomeinspectortraining.com/about-4,EDUCATION
7987,https://www.valbrunainn.com/summer-activity/nggallery/thumbnails,OTHER
7988,https://www.valeriegmiller.com/blog/categories/publishing,BLOG
7990,https://www.vanatkins.com/jewelry-details/wedding-bands/the-cedar/85191,ECOMMERCE
7991,https://www.vanderbrinkauctions.com/lot-item/109t/,ECOMMERCE
7992,https://www.vantraonline.com/wishlist/,ECOMMERCE
7993,https://www.vasahindia.com/shop/women/jewellery/necklace-set/neeraja-kemp-choker-2/,ECOMMERCE
7996,https://www.velocityfrequentflyer.com/partners-offers/credit-cards-banking-insurance/banksa,ECOMMERCE
7997,https://www.velvetyne.fr/in-use/sporting-grotesque/lineal/compagnon/victorianna/page2,EDUCATION
7998,https://www.venuemonk.com/venues/indore/sheraton-grand-palace-mayakhedi,OTHER
7999,https://www.vertuyorkbmw.co.uk/offers/national/bmw-ix-xdrive45-m-sport-finance-offer/1225737d-33b9-4d06-9d20-d046b48e908b/,ECOMMERCE
8000,https://www.vfwstore.org/category/auxiliary/awards,ECOMMERCE
8002,https://www.vice.com/en/article/scientists-think-this-emerging-tech-could-be-key-to-finding-alien-life/,BLOG
8003,https://www.vice.com/en/tag/furry/,OTHER
8004,https://www.victoriankenilworth.co.uk/kenilworths-lost-wartime-carnivals/,BLOG
8005,https://www.videoeezy.com/search/label/how%20to%20create%20your%20elevator%20pitch,BLOG
8006,https://www.vietnam.ttu.edu/virtualarchive/items.php?item=map12090105,EDUCATION
8008,https://www.vietnamwildtour.com/tours/1/tan-phu-orange-necked-partridge-15,ECOMMERCE
8009,https://www.viewcentralvalleyhouses.com/search/quick/PDQVLZZZT2D568VYZ/contemporary-homes-for-sale-in-fresno,ECOMMERCE
8012,https://www.villacasadisognu.com/planifi%C3%A9-gagne-des-machines-%C3%A0-sous/,ECOMMERCE
8013,https://www.villagefloristbrysoncity.com/product/dc2250421/fall-flowers,ECOMMERCE
8014,https://www.villagepreservation.org/2017/08/24/how-lgbt-activism-led-to-nycs-most-notorious-bank-robbery-the-real-story-behind-dog-day-afternoon/,BLOG
8015,https://www.vinnarakam.com/product/straw-craft/wall-art/jai-ganesh-deva.html,ECOMMERCE
8016,https://www.vinodpublications.com/products/vinod-publications-complex-variables-z41-book-by-joseph-moran-joseph-moran,ECOMMERCE
8017,https://www.vinodpublications.com/products/vinod-publications-fundamentals-of-health-promotion-for-nurses-z311-book-by-dennis-baker-dennis-baker,ECOMMERCE
8020,https://www.viperwebdesigns.com/,OTHER
8023,https://www.visitbaytown.com/geotour-artventure,OTHER
8024,https://www.visitbaytown.com/post/fotofest-2020-everything-you-need-to-know-about-the-baytown-s-participating-spaces,BLOG
8026,https://www.visitgrandcounty.com/?hero=monarch-lake,OTHER
8027,https://www.visitlascruces.com/listing/a-bite-of-belgium/2/,OTHER
8028,https://www.visitmysmokies.com/blog/attractions-pigeon-forge/magic-world-pigeon-forge/,BLOG
8031,https://www.vistaplan-drawingmanagement.co.uk/juniornew4/,ECOMMERCE
8032,https://www.vistaplan-drawingmanagement.co.uk/logo-footer-1/,ECOMMERCE
8033,https://www.visualtax.com/t2.php,TECHNICAL
8034,https://www.vive-makeupartist.com/kontakt,OTHER
8037,https://www.voahausa.com/a/6343655.html,OTHER
8038,https://www.vocabtest.com/antonyms.php?book=vocabulary_workshop_level_d&unit=7,ECOMMERCE
8039,https://www.volvobuses.com/au/news/2009/oct/news-70809.html,ECOMMERCE
8040,https://www.volvocars.com/en-kw/support/car/v70/15w46/article/c374088afc00cab4c0a801e8017c95ca/,ECOMMERCE
8041,https://www.volvoofperrysburg.com/blog/2020/july/17/finish-the-summer-strong-with-automotive-service-from-volvo-cars-of-perrysburg.htm,ECOMMERCE
8042,https://www.votetylerglaittli.com/events/townhall-meet-and-greet,OTHER
8043,https://www.voyajo.com/searchResults.aspx?cc=MX&poi=Casa%20Dona%20Susana,OTHER
8044,https://www.vptpower.com/products/modelseries/vsc100-2800s/product/vsc100-2815s-es,ECOMMERCE
8046,https://www.w3.org/community/lbd/tag/ontologies/,NEWS
8047,https://www.w3resource.com/c-programming/math/index.php,TECHNICAL
8048,https://www.waitrose.com/ecom/shop/browse/groceries/toiletries_health_and_beauty/mens_toiletries/body_care,ECOMMERCE
8050,https://www.walkingpace.uk/key-word/lower-man/,BLOG
8051,https://www.wallacefloralpa.com/product/sy041024/consoling-colors,ECOMMERCE
8052,https://www.wallacefloralpa.com/product/va02912/bursting-with-glee,ECOMMERCE
8053,https://www.waltzvision.com/Frame/44052,EDUCATION
8055,https://www.warbirdinformationexchange.org/phpBB3/viewtopic.php?f=3&t=69746&sid=6ad7a58ce110001ef25d7eec9246a5ac&start=0,FORUM/DISCUSSION
8057,https://www.warrencountynj.gov/Home/Components/Calendar/Event/2989/16?curdate=7-22-2025,GOVERNMENT
8058,https://www.warrennolan.com/basketballw/2026/team-impact?team=Howard,NEWS
8059,https://www.warrennolan.com/basketballw/2026/team-predict-schedule?team=Charleston-Southern,NEWS
8060,https://www.warriersblog.com/2016/04/lets-not-play-interest-rate-game.html,BLOG
8061,https://www.warriersblog.com/2016/08/letters-rbi-will-move-forward.html,BLOG
8062,https://www.wastewiseproductsinc.com/recycling-bins/recycled-plastic-lumber/promenade-slant-top-recycling-stations/,ECOMMERCE
8063,https://www.watcharmband-shop.de/Silikonband-Orange-Garmin-Fenix-7X-/-6X-/-5X,OTHER
8064,https://www.waterjobsuk.com/browse-jobs/habitat-management-jobs/legal-regulatory/,TECHNICAL
8065,https://www.waterwheelhouse.com/module/newsletter.htm?newsletterId=92982,ECOMMERCE
8066,https://www.wattlehillfabrics.com.au/gutermann-sew-all-thread-100m-colour-93,ECOMMERCE
8067,https://www.waynesville-strobertchamber.com/,NEWS
8068,https://www.wdt.edu/directory/timmi-bubac/,EDUCATION
8069,https://www.wealthbriefing.com/html/search_free_text_author.php?formsearchtype=all_dates&keywords=Gerald%20Corrigan,NEWS
8070,https://www.weather.gc.ca/marine/weatherConditions-24hrObsHistory_e.html?mapID=14&siteID=00301&stationID=WAR,OTHER
8071,https://www.weatherandradar.co.uk/uv-index/albena/2811015,ECOMMERCE
8072,https://www.webbozz.com/tag/online-mobile-recharge/,OTHER
8073,https://www.webfootkennel.com/contact,OTHER
8074,https://www.websiteoutlook.com/www.alawalnews.net,OTHER
8077,https://www.weegy.com/?ConversationId=9CE0D67F,EDUCATION
8080,https://www.weingartenartgroup.com/tag/edmund-de-waal/,NEWS
8081,https://www.weliahealth.org/event/silver-fit-wellbeats-class-2/2021-07-08/,OTHER
8082,https://www.wem.ca/groups/waterpark-physics-101,OTHER
8083,https://www.wendymccallum.com/blog?tag=scaling+your+coaching+practice,OTHER
8084,https://www.westbroadhyundai.com/new/Hyundai/2025-Hyundai-Elantra-e0f660ffac180ccb907a2ab03b5bf8c1.htm,ECOMMERCE
8085,https://www.westcliff.edu/academics/college-of-technology-engineering/bachelor-of-science-information-technology-bsit/,EDUCATION
8086,https://www.westerlyjeepram.com/new/Jeep/2025-Jeep-Grand-Cherokee-d2536bacac184088e8b0dbcea3dba4eb.htm,ECOMMERCE
8087,https://www.westgatechapel.org.uk/about-us/our-history/,OTHER
8089,https://www.wesupplytrades.com/Product/540657,ECOMMERCE
8091,https://www.wgcu.org/health/2025-11-20/now-is-the-time-to-protect-babies-from-rsv,NEWS
8092,https://www.whaelse.com/en/einfach-gehalten/,BLOG
8093,https://www.whatiswhatis.com/blog/complete-guide-flow-sensor-its-working/,TECHNICAL
8094,https://www.whatiswhatis.com/profile/daniellewatson/,FORUM/DISCUSSION
8095,https://www.whatsonreading.com/whats-on?category=51,OTHER
8096,https://www.wheelworld.com/product/fox-racing-fox-head-snapback-hat-572634-1.htm,ECOMMERCE
8097,https://www.whereandwhen.net/when/europe/arrecife/punta-mujeres/,BLOG
8098,https://www.whistlerdelivery.ca/payment/24430774-acf8-4e3d-9490-06766631a55f,ECOMMERCE
8099,https://www.whitehorsechamber.ca/members/39759-yukon-inc-oa-jentech,OTHER
8100,https://www.whitehorsechamber.ca/members/tu-lidlini-daycare-inc,OTHER
8101,https://www.whitehorsestar.com/Sports/snowboard-yukon-holds-yukon-championships-slopestyle-postponed,OTHER
8102,https://www.whitesautomallnissan.com/new/Nissan/2025-Nissan-Kicks-0e097f52ac180156457cf6655213154d.htm,ECOMMERCE
8103,https://www.whro.org/2025-08-05/sean-combs-denied-bail-will-remain-in-custody-until-sentencing,NEWS
8104,https://www.whro.org/from-the-ceo/2023-02-16/from-the-ceo-march-2023,NEWS
8105,https://www.wichitaliberty.org/wichita-kansas-schools/will-george-fahnestock-vote-for-the-wichita-school-bond-issue/,EDUCATION
8106,https://www.wicklesskimberly.com/products/scentsy-pods/frights-and-delights-scentsy-pod-twin-pack,ECOMMERCE
8108,https://www.wikidata.org/wiki/Q48605731,EDUCATION
8109,https://www.wilbrodbelanger.com/en/side-by-side/2024-polaris-ranger-crew-sp-570-northstar-edition-ghost-gray/,ECOMMERCE
8111,https://www.wilsonplumbingandheating.com/sump-pump-installation/sagamore-hills-ohio,ECOMMERCE
8113,https://www.winthrop.edu/campusmasterplan/phases.aspx,EDUCATION
8116,https://www.wirefly.com/compare/alcatel-pop4-plus-vs-sanyo-m1,ECOMMERCE
8117,https://www.wiseowlschildcare.co.uk/staffhub/digitalevidence/,OTHER
8119,https://www.wmc.org/wmc-news/wmc-applauds-wisconsin-legislature-for-bipartisanship-in-committee-votes-to-repeal-wisconsins-personal-property-tax/,NEWS
8120,https://www.wolverhampton.co.uk/computer-repairs/wombourne/,ECOMMERCE
8121,https://www.womensvoicesnow.org/protests-in-poland-call-for-new-abortion-laws/women-in-new-zealand-parliament-outnumber-men-for-the-first-time-slide-5-source_-mark-tantrum-2,OTHER
8123,https://www.wonderversechicago.com/school-groups,OTHER
8124,https://www.wonderwall-shop.com/product-page/leafeon-v-astro-ultra-rara-014-159-near-mint-it,ECOMMERCE
8126,https://www.wontech-drill.com/ga/application/odex-sistema,OTHER
8129,https://www.woodmac.com/ja/press-releases/scrap-metals-to-remain-underutilised-despite-availability-and-rising-demand/,OTHER
8130,https://www.woodpalletmachinery.com/case/37.html,ECOMMERCE
8131,https://www.wordbrainsanswers.com/tag/pwootr/,EDUCATION
8132,https://www.wordhippo.com/what-is/another-word-for/oxygen_removal.html,ECOMMERCE
8133,https://www.wordnik.com/words/apostolike,OTHER
8134,https://www.wordnik.com/words/masculine-looking,OTHER
8135,https://www.wordnik.com/words/prosa,OTHER
8136,https://www.workplace.com/?ref=AVvKfHRVSpnmOEwyRv25ZI1d4upLEetzQaWXoTGmpR7JDsXvJI3lHiBhlKYQcyqmibyX0CnBfWlqGegvy3XDWNS9Xhs46hOQULFODHiaesUVg8bAxM8YVKvUx7ajGQnJ3ySZnAYSOqDHget41zV0hJp39xXhSI8qJffV8Q7GXOT2xVKvWfgwvQpw2MMLjeomfCvATSMpGtFOR3wsrYJn4TZC2dsn4FCatT8XX_un_IDhhSNgJPnw_DkaqBLrqzmYxIVBVRWpPxOSz0lYlY2jWalX8MWsF0GaSWSu1x3uU9JVgg,OTHER
8137,https://www.world-war-helmets.com/forum/index.php?s=3e5e339dcb8b99b0685786d25ee2d9bf&act=Help,FORUM/DISCUSSION
8138,https://www.worldmilitary.org/en/belarus/nashivki_shevrony/narukavnye_nashivki/kgb_belarus_patches/BY-PTKG-00006,ECOMMERCE
8139,https://www.worldofconfectioners.com/balonky/35-cm-green-helicopter-foil-balloon-not-helium-fillable,ECOMMERCE
8140,https://www.worldsairportsterminals.com/qatar-airways/qatar-airways-montreal-pierre-elliott-trudeau-international-airport-yul-terminal/,OTHER
8141,https://www.worldslastchance.com/updates/weekly-update-2025-11-09.html,OTHER
8142,https://www.worldsocialism.org/spgb/socialist-standard/1910s/2018/no-128-april-1915/,FORUM/DISCUSSION
8143,https://www.worldtravelguide.net/guides/south-america/uruguay/montevideo/hotels/,OTHER
8145,https://www.worlein.com/obituaries/elijah-riley,OTHER
8146,https://www.worthamarts.org/events/vitaly-an-evening-of-wonders/,OTHER
8147,https://www.wprl.org/2024-09-13/dolphins-qb-tua-tagovailoas-latest-concussion-sparks-calls-to-retire,NEWS
8148,https://www.wrapbook.com/resources/pre-production-book-template,OTHER
8149,https://www.wrcc.org/media/wrcc/messages/break-my-heart-hn/,OTHER
8150,https://www.writingaboutdance.com/tag/royal-central-school-of-speech-and-drama/,BLOG
8151,https://www.writinglaw.com/bns-section-345/,OTHER
8152,https://www.wuvt.vt.edu/playlists/track/350743,NEWS
8153,https://www.wwrn.org/regions/cambodia-laos/religions/judaism/,NEWS
8154,https://www.x-crane.com/this-device-is-a-small-but-mighty-toy-created-to-be-an-2/,BLOG
8157,https://www.xbox.com/ar-MA/games/store/farm-together-2-explorer-pack/9P68T4HFD04C/0010,OTHER
8158,https://www.xonasystems.com/contact/,OTHER
8159,https://www.xplosionofawesome.com/2025/06/gi-joe-2024-8.html,BLOG
8160,https://www.xwaupgrade.com/phpBB3/ucp.php?mode=terms&sid=5618b66f9a863ebb486f05f2b18a96b8,FORUM/DISCUSSION
8161,https://www.xyscreen.com/has-home-projector-screen-passed-the-qc-test.html,ECOMMERCE
8162,https://www.yachtandboat.com.au/listing/250-hp-verado-62/5097145/,ECOMMERCE
8164,https://www.yakibooki.com/download/nuclear-reactor-physics-3rd-edition-revised/,ECOMMERCE
8166,https://www.yankeequilter.com/module/events.htm?pageComponentId=3167330&month=current&print=1,OTHER
8168,https://www.yashodahospitals.com/blog/hyper-tension-causes-symptoms/,OTHER
8169,https://www.yellowbook.com/people/john-watts/arizona/yuma/,OTHER
8171,https://www.yesportstalents.com/portfolio/muhammad-hareez-airil-bin-mohd-faisal,EDUCATION
8172,https://www.yidio.com/movie/these-streets-we-haunt/228322,OTHER
8173,https://www.yinyansushi.com/pages/port-wine-and-sake/saika-yuzushu,ECOMMERCE
8174,https://www.yogahealthwirral.com/p/yoga-in-april,BLOG
8175,https://www.yogile.com/dhx39asonqj/upload,OTHER
8178,https://www.youcantmissthis.com/2008/04/,BLOG
8179,https://www.youdao.com/w/eng/optical_glass_blank/,TECHNICAL
8181,https://www.youngdirectoraward.com/rsas-kai-hsiung-on-the-importance-of-moving-forward/page/8/,OTHER
8182,https://www.yourbrainonpandas.com/tag/2018-winter-olympics/,BLOG
8183,https://www.yourlifebuzz.com/health/is-dark-chocolate-candy-actually-good-for-you,BLOG
8185,https://www.yournextapparel.net/scrappers-c.html,BLOG
8186,https://www.yousafjanutmanzai.com/aam-olas-ep-325-khaar-dy-ao-khuwaar-dy/,EDUCATION
8187,https://www.ythl999.com/archives/1125,OTHER
8188,https://www.ywjclip.com/product/vegan-cruelty-free-lip-care-set-custom-pink-scrub-mask-glaze-kit-with-private-label-oem-services/,ECOMMERCE
8189,https://www.zambianimmigration.org/embassy,ECOMMERCE
8190,https://www.zanzihomes.com/property-detail/80812/retail-shops-clinics-in-st-paul-s-bay-ref-81011,OTHER
8191,https://www.zapprops.com/product-page/grey-steel-filing-cabinet,ECOMMERCE
8192,https://www.zara.com/ch/en/aesthetic-n%C2%BA8-edt-30-ml--1-0-fl-oz--p20320063.html,ECOMMERCE
8196,https://www.zeal-ed.com/services-1/family-%26-community-engagement,EDUCATION
8197,https://www.zenhotels.com/hotel/en-us/liechtenstein/malbun/hostels/,ECOMMERCE
8199,https://www.ziawoodstudio.com/oak-spice-rack,ECOMMERCE
8200,https://www.ziemerauctions.com/auctions/29700/lot/26560,ECOMMERCE
8202,https://www.zimmerbiomet.com/en/find-a-doctor/results.html?location=Clearwater%2C+Florida+33765&treatment=Hip&radius=25,ECOMMERCE
8203,https://www.zimriya.org/en/?p=1,NEWS
8204,https://www.zindagitv.net/Videos/Catagories/TabId/95/CategoryId/1014/language/en-US/--.aspx,FORUM/DISCUSSION
8205,https://www.zonsmarter.com/,EDUCATION
8206,https://www.zpmc.com/content/676c10b8008ee0cf00000025,ECOMMERCE
8207,https://www.zrdf.org/,ECOMMERCE
8208,https://www.zx-plastics.com/products/Soft-Loop-Shoebox-Bag-Making-Machine-For-sale.html,ECOMMERCE
8209,https://www2.bing.com/news/topicview?q=Altman+to+donate+%241+million+to+inaugural+fund&filters=tnTID%3D%22A5A314B7-20AD-4ca1-860F-BE8EE1BC49D7%22+tnVersion%3D%225936199%22+Segment%3D%22popularnow.carousel%22+article%3D%221%22+tnCol%3D%2218%22+tnOrder%3D%22ff60763c-f972-4143-99cb-d8bab505ecc6%22&nvaug=%5BNewsVertical+topicviewtype%3D%222%22%5D&form=NWBTTC,NEWS
8212,https://www3.aps.anl.gov/forums/elegant/index.php?sid=4bdd5cf15cea1f44aef222e27d681968,FORUM/DISCUSSION
8213,https://www3.monash.edu/pubs/2018handbooks/courses/A3702.html,EDUCATION
8214,https://www4.dal12.sl.bridgebase.com/forums/topic/72022-has-us-democracy-been-trumped/page__st__17580__p__1015415,NEWS
8215,https://www5.lunapic.com/editor/?action=life,ECOMMERCE
8216,https://wyattseating.com/?attachment_id=898,EDUCATION
8217,https://wzozfm.com/two-arrested-in-oneonta-drug-investigation/,NEWS
8220,https://xf.opencarry.org/index.php?threads/does-having-a-gun-make-a-person-suspicious-courts-aren%E2%80%99t-sure-now-nyt-h-t-john-wesley-hall.138514/,FORUM/DISCUSSION
8222,https://xml.coverpages.org/ni2007-08-08-a.html,OTHER
8225,https://xplorio.com/hermanus/tanzanites-and-diamonds-of-hermanus/en/blog/96315/gemstone-necklaces/,BLOG
8229,https://xvm.scripts.mit.edu/browser/package_tags/sipb-xen-database?rev=1297&order=size,OTHER
8231,https://yahootechpulse.easychair.org/publications/keyword/d1PN,OTHER
8232,https://yahootrending.com/press-release/2025-12-03/27168/sur-nutrition-launches-updated-altred-100mg-supplement,OTHER
8234,"https://yogachicago.com/calendar/action~agenda/exact_date~1649307600/cat_ids~25,27/request_format~html/",OTHER
8238,https://youbentmywookie.com/news/dc-multiverse-mcfarlane-toys-the-drowned-robin-red-son-superman-lord-of-the-death-metal-batman-56230,BLOG
8239,https://youmacon.com/cosplay-world-masters/,EDUCATION
8241,https://youngsmilesdental.net/appointments/,OTHER
8242,https://your-poetry.com/route.php?page=poetry/PoemDetail&story_id=178924,OTHER
8244,https://yourmomhasablog.com/tag/christmas/page/2/,BLOG
8245,https://yourowntattoodesign.com/dog-ear/,ECOMMERCE
8246,https://yourowntattoodesign.com/tattoo-gallery-sub-category-animals-lion/,ECOMMERCE
8247,https://yourtechtroop.com/sl-848658/business-growth-and-quality-service-iphoneservicecenterchennai-co,OTHER
8249,https://youthdarpan.com/facebook-faces-35-billion-class-action-lawsuit/,NEWS
8250,https://za.rothenberger.com/za-en/products/service-and-maintenance/inspection-and-locating/,ECOMMERCE
8251,https://zain-lab.com/fr/e-books/,OTHER
8252,https://zambianews365.com/finding-love/,BLOG
8256,https://zengshuaige.x.yupoo.com/albums/120304169?uid=1&isSubCate=false&referrercate=3023446&tab=max,OTHER
8257,https://zenodo.org/records/3866455,TECHNICAL
8258,https://zepio.io/compare/builderfly-vs-zepio,ECOMMERCE
8259,https://zettelfamilyfarms.ca/april-2022-newsletter/,BLOG
8261,https://ziloqa.net/ponds-bright-beauty-spot-less-glow-facewash-50g/,BLOG
8262,https://ziloqa.net/understanding-bitcoin-and-its-market-trends-how-to-invest-in-cryptocurrency-safely-understanding-bitcoin-and-its-market-trends-the-rise-of-decentralized-finance-defi-understanding-bitcoin-and-its-ma/,NEWS
8264,https://zmanswoodart.com/handcrafted-wooden-figurine-of-a-woman-and-her-beloved-dog,ECOMMERCE
8268,https://zumvu.com/goodvansroofing/sharedconnections/,TECHNICAL
